step:3600/3600, q_loss:0.0004868355139883028, rewards:-9.586795806884766, queue:3.025529146194458, delay:0.19849371910095215, throughput:3964
episode:0/500, real avg travel time:271.51639757820385
Test step:0/500, travel time :548.2304502369668, rewards:-40.669254302978516, queue:12.81759262084961, delay:0.3323950469493866, throughput:1688
New best TEST travel time 548.2305 at episode 0, saved as best checkpoint
step:3600/3600, q_loss:0.0005331552897890409, rewards:-11.1162109375, queue:3.509126901626587, delay:0.19895410537719727, throughput:3965
episode:1/500, real avg travel time:293.91954602774274
step:3600/3600, q_loss:9.395356060445515e-05, rewards:-7.767793655395508, queue:2.5957672595977783, delay:0.17966289818286896, throughput:3995
episode:2/500, real avg travel time:276.48035043804754
step:3600/3600, q_loss:6.0167632990568464e-05, rewards:-7.0677714347839355, queue:2.3937830924987793, delay:0.17541247606277466, throughput:4008
episode:3/500, real avg travel time:255.82260479041915
step:3600/3600, q_loss:3.9519165552014276e-05, rewards:-6.655503273010254, queue:2.230158805847168, delay:0.16713175177574158, throughput:3984
episode:4/500, real avg travel time:261.36721887550203
step:3600/3600, q_loss:1.7133361123140072e-05, rewards:-6.263004779815674, queue:2.1088624000549316, delay:0.17314676940441132, throughput:4021
episode:5/500, real avg travel time:249.55856752051727
Test step:5/500, travel time :259.29915492957747, rewards:-8.923538208007812, queue:3.2308201789855957, delay:0.18151581287384033, throughput:3550
New best TEST travel time 259.2992 at episode 5, saved as best checkpoint
step:3600/3600, q_loss:8.900634081025297e-06, rewards:-5.511322975158691, queue:1.9055556058883667, delay:0.1645997315645218, throughput:4045
episode:6/500, real avg travel time:249.12509270704572
step:3600/3600, q_loss:1.6539692458334483e-05, rewards:-5.643388748168945, queue:1.9194444417953491, delay:0.16232936084270477, throughput:4012
episode:7/500, real avg travel time:247.1931704885344
step:3600/3600, q_loss:0.00015119708162577203, rewards:-6.497359752655029, queue:2.0371692180633545, delay:0.16453711688518524, throughput:4035
episode:8/500, real avg travel time:250.2433705080545
step:3600/3600, q_loss:-8.145092659914452e-06, rewards:-4.9318318367004395, queue:1.7231481075286865, delay:0.15532545745372772, throughput:4022
episode:9/500, real avg travel time:230.04599701640976
step:3600/3600, q_loss:-1.9061912300660173e-05, rewards:-4.710831642150879, queue:1.7022486925125122, delay:0.15699340403079987, throughput:4062
episode:10/500, real avg travel time:233.3301329394387
Test step:10/500, travel time :412.5545081967213, rewards:-18.890642166137695, queue:5.786375522613525, delay:0.24433684349060059, throughput:2440
step:3600/3600, q_loss:-6.1453248943305675e-06, rewards:-4.212767601013184, queue:1.5699735879898071, delay:0.15202020108699799, throughput:4049
episode:11/500, real avg travel time:223.96542356137317
step:3600/3600, q_loss:4.376622948459246e-05, rewards:-5.307823181152344, queue:1.7887566089630127, delay:0.15772508084774017, throughput:4065
episode:12/500, real avg travel time:244.96113161131612
step:3600/3600, q_loss:-6.583249261085358e-06, rewards:-4.097735404968262, queue:1.4593915939331055, delay:0.14515581727027893, throughput:4035
episode:13/500, real avg travel time:219.5090458488228
step:3600/3600, q_loss:-1.479679720230504e-05, rewards:-4.38295316696167, queue:1.5444444417953491, delay:0.15066705644130707, throughput:4064
episode:14/500, real avg travel time:223.89640748031496
step:3600/3600, q_loss:6.987951548783005e-05, rewards:-5.238167762756348, queue:1.7387566566467285, delay:0.15306051075458527, throughput:3925
episode:15/500, real avg travel time:244.03133757961783
Test step:15/500, travel time :335.3821483771252, rewards:-14.126564979553223, queue:4.153703689575195, delay:0.21432514488697052, throughput:2588
step:3600/3600, q_loss:-1.263662003718006e-05, rewards:-3.9496474266052246, queue:1.4357142448425293, delay:0.14565488696098328, throughput:4045
episode:16/500, real avg travel time:219.95352286773795
step:3600/3600, q_loss:2.091807901807543e-06, rewards:-4.1470232009887695, queue:1.438095211982727, delay:0.14584337174892426, throughput:4059
episode:17/500, real avg travel time:229.88346883468836
step:3600/3600, q_loss:-1.8865481332694696e-05, rewards:-3.7517778873443604, queue:1.3367724418640137, delay:0.14168307185173035, throughput:4045
episode:18/500, real avg travel time:216.0343634116193
step:3600/3600, q_loss:-4.843171094156181e-06, rewards:-3.6636900901794434, queue:1.3216930627822876, delay:0.13846111297607422, throughput:4067
episode:19/500, real avg travel time:210.81952298991885
step:3600/3600, q_loss:-8.963793475737071e-06, rewards:-3.357712507247925, queue:1.2289682626724243, delay:0.13322126865386963, throughput:4076
episode:20/500, real avg travel time:208.2369970559372
Test step:20/500, travel time :233.4326790157589, rewards:-6.946048259735107, queue:2.5191798210144043, delay:0.16106928884983063, throughput:3617
New best TEST travel time 233.4327 at episode 20, saved as best checkpoint
step:3600/3600, q_loss:-1.0756737901829183e-05, rewards:-3.4756367206573486, queue:1.2525131702423096, delay:0.1357787549495697, throughput:4065
episode:21/500, real avg travel time:210.76383763837637
step:3600/3600, q_loss:-1.6610381135251372e-05, rewards:-3.4189257621765137, queue:1.2370370626449585, delay:0.134604811668396, throughput:4066
episode:22/500, real avg travel time:207.66601082144615
step:3600/3600, q_loss:-1.819089067996376e-05, rewards:-3.0660455226898193, queue:1.156084656715393, delay:0.1302872747182846, throughput:4070
episode:23/500, real avg travel time:203.482800982801
step:3600/3600, q_loss:-6.0762716505754115e-06, rewards:-3.455582618713379, queue:1.242989420890808, delay:0.134795680642128, throughput:4076
episode:24/500, real avg travel time:213.1724730127576
step:3600/3600, q_loss:-1.1609787583842666e-05, rewards:-3.037700653076172, queue:1.1380952596664429, delay:0.129485085606575, throughput:4072
episode:25/500, real avg travel time:204.2239685658153
Test step:25/500, travel time :289.2017227007502, rewards:-6.49882698059082, queue:2.087698459625244, delay:0.16153015196323395, throughput:3599
step:3600/3600, q_loss:-1.1069107333443955e-05, rewards:-3.017746925354004, queue:1.1437830924987793, delay:0.130843847990036, throughput:4065
episode:26/500, real avg travel time:207.87896678966788
step:3600/3600, q_loss:-1.408513166501911e-05, rewards:-2.983381509780884, queue:1.1268517971038818, delay:0.12984536588191986, throughput:4066
episode:27/500, real avg travel time:206.88317757009347
step:3600/3600, q_loss:-1.372516392924202e-05, rewards:-2.999600887298584, queue:1.1178570985794067, delay:0.12978988885879517, throughput:4069
episode:28/500, real avg travel time:210.37748832637013
step:3600/3600, q_loss:-3.6508580200865657e-06, rewards:-3.0128746032714844, queue:1.1451058387756348, delay:0.13179314136505127, throughput:4070
episode:29/500, real avg travel time:205.70859950859952
step:3600/3600, q_loss:-1.4011086103790957e-05, rewards:-3.0737290382385254, queue:1.150529146194458, delay:0.12722638249397278, throughput:4072
episode:30/500, real avg travel time:207.3808939096267
Test step:30/500, travel time :261.0455150385946, rewards:-4.354705810546875, queue:1.5044974088668823, delay:0.15376977622509003, throughput:3757
step:3600/3600, q_loss:-1.1103292692698436e-05, rewards:-3.0335960388183594, queue:1.1341270208358765, delay:0.1285848170518875, throughput:4067
episode:31/500, real avg travel time:213.586181460536
step:3600/3600, q_loss:-1.4649136250631677e-05, rewards:-2.894329071044922, queue:1.1174603700637817, delay:0.12838153541088104, throughput:4051
episode:32/500, real avg travel time:212.3505307331523
step:3600/3600, q_loss:-6.992700784596511e-06, rewards:-3.075916290283203, queue:1.1306878328323364, delay:0.13159333169460297, throughput:3992
episode:33/500, real avg travel time:219.6062124248497
step:3600/3600, q_loss:-1.463080140335175e-05, rewards:-2.7233235836029053, queue:1.054100513458252, delay:0.12648555636405945, throughput:4020
episode:34/500, real avg travel time:220.75771144278607
step:3600/3600, q_loss:-1.0952614603512404e-05, rewards:-2.847181797027588, queue:1.0658730268478394, delay:0.12526360154151917, throughput:3927
episode:35/500, real avg travel time:232.86223580341226
Test step:35/500, travel time :262.10282485875706, rewards:-6.586356163024902, queue:2.273280382156372, delay:0.1592872440814972, throughput:3540
step:3600/3600, q_loss:-5.20265570634769e-06, rewards:-3.044158935546875, queue:1.0997354984283447, delay:0.12638737261295319, throughput:3940
episode:36/500, real avg travel time:237.84568527918782
step:3600/3600, q_loss:2.5253690142158625e-05, rewards:-3.2726430892944336, queue:1.1583333015441895, delay:0.12892800569534302, throughput:3847
episode:37/500, real avg travel time:224.30309331946972
step:3600/3600, q_loss:9.220697716551108e-06, rewards:-3.4288041591644287, queue:1.1940475702285767, delay:0.13247637450695038, throughput:3891
episode:38/500, real avg travel time:240.2744795682344
step:3600/3600, q_loss:0.0002727613566094078, rewards:-5.685481548309326, queue:1.7124338150024414, delay:0.13792827725410461, throughput:3881
episode:39/500, real avg travel time:279.20535944344243
step:3600/3600, q_loss:0.00011634561475754405, rewards:-3.93733549118042, queue:1.3250000476837158, delay:0.13009390234947205, throughput:3913
episode:40/500, real avg travel time:263.21466905187833
Test step:40/500, travel time :274.71930819393253, rewards:-7.13606071472168, queue:2.386904716491699, delay:0.16761267185211182, throughput:3527
step:3600/3600, q_loss:0.00017231194473828914, rewards:-4.7541985511779785, queue:1.5041005611419678, delay:0.13408684730529785, throughput:3919
episode:41/500, real avg travel time:271.85276856340903
step:3600/3600, q_loss:-6.76891989617919e-06, rewards:-2.7097721099853516, queue:1.0349206924438477, delay:0.12727604806423187, throughput:3939
episode:42/500, real avg travel time:228.989591266819
step:3600/3600, q_loss:2.206187976601844e-07, rewards:-3.0605266094207764, queue:1.1399470567703247, delay:0.13064736127853394, throughput:3928
episode:43/500, real avg travel time:232.8322301425662
step:3600/3600, q_loss:-4.775011540105981e-06, rewards:-3.0877254009246826, queue:1.0940476655960083, delay:0.1294088214635849, throughput:3912
episode:44/500, real avg travel time:245.04703476482618
step:3600/3600, q_loss:7.951808123228451e-05, rewards:-3.7005937099456787, queue:1.279894232749939, delay:0.12975333631038666, throughput:3924
episode:45/500, real avg travel time:264.40570846075434
Test step:45/500, travel time :268.30636313768514, rewards:-5.232949256896973, queue:1.6846561431884766, delay:0.1502971649169922, throughput:3646
step:3600/3600, q_loss:0.00014813232749778156, rewards:-4.902512073516846, queue:1.4829365015029907, delay:0.1380058377981186, throughput:3911
episode:46/500, real avg travel time:293.57274354385066
step:3600/3600, q_loss:3.0827104637864975e-07, rewards:-2.9797871112823486, queue:1.0543650388717651, delay:0.12554405629634857, throughput:3899
episode:47/500, real avg travel time:241.00487304437036
step:3600/3600, q_loss:3.5313193317657956e-06, rewards:-3.2574477195739746, queue:1.1440476179122925, delay:0.13141848146915436, throughput:3893
episode:48/500, real avg travel time:240.95710249165168
step:3600/3600, q_loss:5.495840418411212e-07, rewards:-3.5683908462524414, queue:1.2198412418365479, delay:0.13274134695529938, throughput:3962
episode:49/500, real avg travel time:253.6052498738011
step:3600/3600, q_loss:-1.915382502678161e-06, rewards:-3.3960461616516113, queue:1.182010531425476, delay:0.13282105326652527, throughput:3932
episode:50/500, real avg travel time:243.22024415055952
Test step:50/500, travel time :250.41388662869542, rewards:-4.219688415527344, queue:1.3428571224212646, delay:0.13414327800273895, throughput:3687
step:3600/3600, q_loss:1.6062937599296372e-05, rewards:-3.7311089038848877, queue:1.2675925493240356, delay:0.13264065980911255, throughput:3890
episode:51/500, real avg travel time:252.80051413881748
step:3600/3600, q_loss:3.962266612992001e-05, rewards:-3.913227081298828, queue:1.2972222566604614, delay:0.13139428198337555, throughput:3890
episode:52/500, real avg travel time:257.440616966581
step:3600/3600, q_loss:-4.412149185858046e-06, rewards:-3.159680128097534, queue:1.1146825551986694, delay:0.1296415776014328, throughput:3961
episode:53/500, real avg travel time:244.90608432214088
step:3600/3600, q_loss:1.4228023873228166e-05, rewards:-3.92470645904541, queue:1.2387566566467285, delay:0.13592924177646637, throughput:3885
episode:54/500, real avg travel time:256.75032175032175
step:3600/3600, q_loss:-4.736775008495897e-06, rewards:-3.1620874404907227, queue:1.0656085014343262, delay:0.1302134245634079, throughput:3888
episode:55/500, real avg travel time:239.9156378600823
Test step:55/500, travel time :271.47736165455564, rewards:-5.96006965637207, queue:1.842195749282837, delay:0.14998340606689453, throughput:3578
step:3600/3600, q_loss:4.277019446211246e-05, rewards:-3.665642023086548, queue:1.2030422687530518, delay:0.12941791117191315, throughput:3895
episode:56/500, real avg travel time:259.16790757381256
step:3600/3600, q_loss:1.0652119979365832e-06, rewards:-3.1377320289611816, queue:1.0760581493377686, delay:0.12609495222568512, throughput:3930
episode:57/500, real avg travel time:246.88167938931298
step:3600/3600, q_loss:0.00018995791033376007, rewards:-5.3582587242126465, queue:1.5958994626998901, delay:0.13986767828464508, throughput:3769
episode:58/500, real avg travel time:262.1623772884054
step:3600/3600, q_loss:4.8253590971904083e-05, rewards:-3.918653726577759, queue:1.2935185432434082, delay:0.13612110912799835, throughput:3948
episode:59/500, real avg travel time:257.29381965552176
step:3600/3600, q_loss:4.18052357821984e-05, rewards:-3.938343048095703, queue:1.2943121194839478, delay:0.13602663576602936, throughput:3958
episode:60/500, real avg travel time:262.8812531581607
Test step:60/500, travel time :243.9918141008714, rewards:-3.2156522274017334, queue:1.1071428060531616, delay:0.13296853005886078, throughput:3787
step:3600/3600, q_loss:2.8036655405432814e-05, rewards:-4.134418964385986, queue:1.3415343761444092, delay:0.13860072195529938, throughput:3906
episode:61/500, real avg travel time:259.40655401945725
step:3600/3600, q_loss:6.464521963304529e-06, rewards:-3.4481403827667236, queue:1.150529146194458, delay:0.13133880496025085, throughput:3939
episode:62/500, real avg travel time:242.70525514089871
step:3600/3600, q_loss:8.488679708938838e-06, rewards:-3.6608736515045166, queue:1.201454997062683, delay:0.13338840007781982, throughput:3927
episode:63/500, real avg travel time:262.0376878023937
step:3600/3600, q_loss:3.22594536959918e-06, rewards:-3.854990005493164, queue:1.2537037134170532, delay:0.1351804882287979, throughput:3903
episode:64/500, real avg travel time:252.293620292083
step:3600/3600, q_loss:6.132210886183505e-05, rewards:-4.700112342834473, queue:1.439814805984497, delay:0.1357886642217636, throughput:3994
episode:65/500, real avg travel time:266.4471707561342
Test step:65/500, travel time :282.9361883153715, rewards:-7.44530725479126, queue:2.020899534225464, delay:0.14919142425060272, throughput:3526
step:3600/3600, q_loss:1.0497816078390719e-05, rewards:-3.550762176513672, queue:1.2039682865142822, delay:0.1320205181837082, throughput:3987
episode:66/500, real avg travel time:250.29646350639578
step:3600/3600, q_loss:0.0003149468290050411, rewards:-6.557169437408447, queue:1.904365062713623, delay:0.14596311748027802, throughput:3884
episode:67/500, real avg travel time:307.3483522142121
step:3600/3600, q_loss:8.642395510428792e-05, rewards:-3.8743605613708496, queue:1.2935185432434082, delay:0.1311437338590622, throughput:3974
episode:68/500, real avg travel time:248.06190236537495
step:3600/3600, q_loss:3.4324750433572463e-06, rewards:-3.276954412460327, queue:1.1387566328048706, delay:0.12861602008342743, throughput:3887
episode:69/500, real avg travel time:243.3424234628248
step:3600/3600, q_loss:2.0169374086738874e-06, rewards:-3.5530428886413574, queue:1.174735426902771, delay:0.13302667438983917, throughput:3947
episode:70/500, real avg travel time:244.20597922472763
Test step:70/500, travel time :241.2392523364486, rewards:-3.3600287437438965, queue:1.1023809909820557, delay:0.12694992125034332, throughput:3745
step:3600/3600, q_loss:1.987441565789696e-06, rewards:-3.646717071533203, queue:1.2051587104797363, delay:0.12897664308547974, throughput:3901
episode:71/500, real avg travel time:245.10407587798
step:3600/3600, q_loss:0.00028084400756698516, rewards:-6.4071044921875, queue:1.943386197090149, delay:0.14779120683670044, throughput:3658
episode:72/500, real avg travel time:302.1178239475123
step:3600/3600, q_loss:9.767938269457469e-05, rewards:-4.71025276184082, queue:1.4301587343215942, delay:0.13288283348083496, throughput:3827
episode:73/500, real avg travel time:263.66788607264175
step:3600/3600, q_loss:-1.4099888681408225e-06, rewards:-3.273589849472046, queue:1.1031745672225952, delay:0.12745177745819092, throughput:3905
episode:74/500, real avg travel time:242.8404609475032
step:3600/3600, q_loss:1.6930060478949196e-05, rewards:-3.128809690475464, queue:1.0833333730697632, delay:0.1281537562608719, throughput:3898
episode:75/500, real avg travel time:245.44150846587993
Test step:75/500, travel time :268.61064349714906, rewards:-4.888967990875244, queue:1.5396825075149536, delay:0.14329089224338531, throughput:3683
step:3600/3600, q_loss:0.00013064130746190332, rewards:-4.580024242401123, queue:1.4064815044403076, delay:0.13276882469654083, throughput:3849
episode:76/500, real avg travel time:255.7310989867498
step:3600/3600, q_loss:4.68424647503222e-06, rewards:-3.5767595767974854, queue:1.1839946508407593, delay:0.13109686970710754, throughput:3996
episode:77/500, real avg travel time:249.21296296296296
step:3600/3600, q_loss:4.6898867812059406e-05, rewards:-4.312519073486328, queue:1.3493386507034302, delay:0.13600599765777588, throughput:3964
episode:78/500, real avg travel time:282.5290110998991
step:3600/3600, q_loss:0.00012106484702801228, rewards:-4.711822032928467, queue:1.467989444732666, delay:0.1360812485218048, throughput:3929
episode:79/500, real avg travel time:252.43751590735556
step:3600/3600, q_loss:-7.993096126786743e-06, rewards:-3.139390707015991, queue:1.0906084775924683, delay:0.1297069489955902, throughput:4004
episode:80/500, real avg travel time:248.87937062937064
Test step:80/500, travel time :255.82376827287493, rewards:-3.962700128555298, queue:1.262169361114502, delay:0.14001567661762238, throughput:3694
step:3600/3600, q_loss:6.67753821795082e-05, rewards:-4.09744930267334, queue:1.3096561431884766, delay:0.1349017471075058, throughput:3839
episode:81/500, real avg travel time:258.6004167752019
step:3600/3600, q_loss:-2.7644606436499293e-06, rewards:-3.2831733226776123, queue:1.101719617843628, delay:0.12871615588665009, throughput:3994
episode:82/500, real avg travel time:238.86880320480722
step:3600/3600, q_loss:3.793633206643992e-06, rewards:-3.0929880142211914, queue:1.0767195224761963, delay:0.12894245982170105, throughput:3951
episode:83/500, real avg travel time:243.069602632245
step:3600/3600, q_loss:1.5161986488641963e-06, rewards:-3.089150905609131, queue:1.0723545551300049, delay:0.12697668373584747, throughput:3946
episode:84/500, real avg travel time:246.95742524075013
step:3600/3600, q_loss:2.536818727902654e-06, rewards:-3.1319963932037354, queue:1.0870370864868164, delay:0.12761858105659485, throughput:4005
episode:85/500, real avg travel time:248.49538077403247
Test step:85/500, travel time :237.2252082773448, rewards:-3.166834831237793, queue:1.0551587343215942, delay:0.12669138610363007, throughput:3721
step:3600/3600, q_loss:7.427107549220738e-08, rewards:-2.9524753093719482, queue:1.0198413133621216, delay:0.12318877130746841, throughput:3920
episode:86/500, real avg travel time:238.20612244897958
step:3600/3600, q_loss:9.13608178962022e-05, rewards:-4.369619369506836, queue:1.349470853805542, delay:0.1322389394044876, throughput:3939
episode:87/500, real avg travel time:265.6770753998477
step:3600/3600, q_loss:0.00011752186255762354, rewards:-4.277114391326904, queue:1.3277777433395386, delay:0.13157561421394348, throughput:3954
episode:88/500, real avg travel time:259.2789580171978
step:3600/3600, q_loss:0.00012444349477947172, rewards:-4.622055530548096, queue:1.4678571224212646, delay:0.13541284203529358, throughput:3932
episode:89/500, real avg travel time:269.74262461851475
step:3600/3600, q_loss:5.072120903706592e-06, rewards:-3.4560649394989014, queue:1.1460317373275757, delay:0.13173548877239227, throughput:4049
episode:90/500, real avg travel time:251.78933069893802
Test step:90/500, travel time :279.8884239888424, rewards:-5.665456295013428, queue:1.5599206686019897, delay:0.14169500768184662, throughput:3585
step:3600/3600, q_loss:8.878945987412913e-05, rewards:-3.847872018814087, queue:1.2796295881271362, delay:0.1296292245388031, throughput:3896
episode:91/500, real avg travel time:246.76771047227925
step:3600/3600, q_loss:1.928458295878954e-05, rewards:-3.729647159576416, queue:1.2365078926086426, delay:0.13606038689613342, throughput:4016
episode:92/500, real avg travel time:259.648406374502
step:3600/3600, q_loss:2.996608196149787e-06, rewards:-2.8665122985839844, queue:1.0252645015716553, delay:0.12475083768367767, throughput:3952
episode:93/500, real avg travel time:237.6449898785425
step:3600/3600, q_loss:6.861718987541584e-05, rewards:-3.7573866844177246, queue:1.2640211582183838, delay:0.13018184900283813, throughput:3915
episode:94/500, real avg travel time:258.04546615581097
step:3600/3600, q_loss:0.00023084132828646235, rewards:-5.092299938201904, queue:1.585185170173645, delay:0.13159732520580292, throughput:3769
episode:95/500, real avg travel time:255.03369594056778
Test step:95/500, travel time :287.6567944250871, rewards:-6.750344276428223, queue:1.991269826889038, delay:0.15238328278064728, throughput:3444
step:3600/3600, q_loss:8.725393207795504e-06, rewards:-3.295881509780884, queue:1.1185184717178345, delay:0.12722669541835785, throughput:3961
episode:96/500, real avg travel time:246.5511234536733
step:3600/3600, q_loss:6.170302852600192e-06, rewards:-3.2583909034729004, queue:1.0965608358383179, delay:0.1285429745912552, throughput:3911
episode:97/500, real avg travel time:249.48478649961646
step:3600/3600, q_loss:1.369626099605941e-06, rewards:-3.464456081390381, queue:1.138359785079956, delay:0.12733103334903717, throughput:3899
episode:98/500, real avg travel time:259.93177737881507
step:3600/3600, q_loss:0.00032425619170276654, rewards:-6.037344932556152, queue:1.6019841432571411, delay:0.1354801505804062, throughput:3586
episode:99/500, real avg travel time:261.67484662576686
step:3600/3600, q_loss:1.444741469135301e-06, rewards:-2.9600093364715576, queue:1.0374338626861572, delay:0.12721695005893707, throughput:3902
episode:100/500, real avg travel time:250.04946181445413
Test step:100/500, travel time :264.2624964295915, rewards:-5.678094863891602, queue:1.6949735879898071, delay:0.1473613828420639, throughput:3501
step:3600/3600, q_loss:0.0003583884215913713, rewards:-7.283584117889404, queue:1.9775131940841675, delay:0.14947935938835144, throughput:3619
episode:101/500, real avg travel time:299.6446532191213
step:3600/3600, q_loss:2.0057721849298103e-05, rewards:-3.669624090194702, queue:1.198544979095459, delay:0.13071508705615997, throughput:3920
episode:102/500, real avg travel time:261.93520408163266
step:3600/3600, q_loss:5.216322703442226e-06, rewards:-3.3875365257263184, queue:1.1071428060531616, delay:0.12885557115077972, throughput:3900
episode:103/500, real avg travel time:259.321282051282
step:3600/3600, q_loss:4.854536406734648e-05, rewards:-4.437960624694824, queue:1.3605819940567017, delay:0.13193151354789734, throughput:3823
episode:104/500, real avg travel time:266.80643473711746
step:3600/3600, q_loss:0.00015277480722741327, rewards:-5.276369571685791, queue:1.516534447669983, delay:0.13214538991451263, throughput:3730
episode:105/500, real avg travel time:266.61662198391423
Test step:105/500, travel time :263.8582828838745, rewards:-5.6161322593688965, queue:1.586111068725586, delay:0.1491210162639618, throughput:3634
step:3600/3600, q_loss:1.965366197206701e-05, rewards:-3.903521776199341, queue:1.2231481075286865, delay:0.13072548806667328, throughput:3854
episode:106/500, real avg travel time:253.74701608718215
step:3600/3600, q_loss:6.961101058146192e-07, rewards:-3.12042236328125, queue:1.0408730506896973, delay:0.12630552053451538, throughput:3886
episode:107/500, real avg travel time:247.0519814719506
step:3600/3600, q_loss:7.643097423068766e-06, rewards:-3.831460952758789, queue:1.2134920358657837, delay:0.1327468752861023, throughput:3874
episode:108/500, real avg travel time:264.7552916881776
step:3600/3600, q_loss:1.559906021510768e-05, rewards:-4.1087846755981445, queue:1.2890211343765259, delay:0.1349751204252243, throughput:3905
episode:109/500, real avg travel time:262.63303457106275
step:3600/3600, q_loss:-6.9302919049126405e-06, rewards:-3.496377944946289, queue:1.1226190328598022, delay:0.12746094167232513, throughput:3872
episode:110/500, real avg travel time:238.35563016528926
Test step:110/500, travel time :257.12550498249396, rewards:-3.806523323059082, queue:1.1583333015441895, delay:0.1363530308008194, throughput:3713
step:3600/3600, q_loss:4.3799861466848396e-05, rewards:-4.542255878448486, queue:1.3604497909545898, delay:0.13472433388233185, throughput:3809
episode:111/500, real avg travel time:282.97427146232604
step:3600/3600, q_loss:3.2191207234670096e-06, rewards:-3.37712025642395, queue:1.109920620918274, delay:0.13121536374092102, throughput:3928
episode:112/500, real avg travel time:248.15122199592668
step:3600/3600, q_loss:7.86657839651323e-05, rewards:-4.318329334259033, queue:1.3611111640930176, delay:0.13199910521507263, throughput:3923
episode:113/500, real avg travel time:268.4611266887586
step:3600/3600, q_loss:3.174341173790809e-05, rewards:-4.187870502471924, queue:1.3026454448699951, delay:0.13347242772579193, throughput:3867
episode:114/500, real avg travel time:258.4954745280579
step:3600/3600, q_loss:0.0002179388176753289, rewards:-5.925933361053467, queue:1.6309523582458496, delay:0.142259418964386, throughput:3857
episode:115/500, real avg travel time:309.08400311122637
Test step:115/500, travel time :289.05113306217316, rewards:-6.994203567504883, queue:2.271693229675293, delay:0.15962935984134674, throughput:3442
step:3600/3600, q_loss:0.0001894223644436958, rewards:-6.050146579742432, queue:1.6894179582595825, delay:0.14425556361675262, throughput:3908
episode:116/500, real avg travel time:309.73490276356193
step:3600/3600, q_loss:1.349976729317051e-05, rewards:-3.2056212425231934, queue:1.0641534328460693, delay:0.12606431543827057, throughput:3913
episode:117/500, real avg travel time:252.48044978277537
step:3600/3600, q_loss:1.025671372190118e-06, rewards:-2.9341022968292236, queue:1.0035713911056519, delay:0.12234701961278915, throughput:3903
episode:118/500, real avg travel time:232.70176787086857
step:3600/3600, q_loss:3.5354347750803247e-06, rewards:-3.2523324489593506, queue:1.0699735879898071, delay:0.12287721037864685, throughput:3931
episode:119/500, real avg travel time:238.24243195115747
step:3600/3600, q_loss:2.0241888705641033e-06, rewards:-3.5355772972106934, queue:1.131084680557251, delay:0.1296662837266922, throughput:3930
episode:120/500, real avg travel time:257.8888040712468
Test step:120/500, travel time :263.382949932341, rewards:-3.7590386867523193, queue:1.1555556058883667, delay:0.13667581975460052, throughput:3695
step:3600/3600, q_loss:-4.113049605318034e-06, rewards:-3.0613789558410645, queue:1.0477513074874878, delay:0.1225643903017044, throughput:3885
episode:121/500, real avg travel time:240.0005148005148
step:3600/3600, q_loss:9.271092098464983e-05, rewards:-4.79402494430542, queue:1.381084680557251, delay:0.1321115344762802, throughput:3871
episode:122/500, real avg travel time:265.8380263497804
step:3600/3600, q_loss:1.153489227160915e-05, rewards:-3.49377703666687, queue:1.12671959400177, delay:0.12673039734363556, throughput:3958
episode:123/500, real avg travel time:247.67913087417887
step:3600/3600, q_loss:1.658738555205572e-05, rewards:-3.8699638843536377, queue:1.220105767250061, delay:0.13084568083286285, throughput:3899
episode:124/500, real avg travel time:283.8756091305463
step:3600/3600, q_loss:8.056692119377354e-06, rewards:-3.5518925189971924, queue:1.1494709253311157, delay:0.13022814691066742, throughput:3963
episode:125/500, real avg travel time:256.17663386323494
Test step:125/500, travel time :259.09149623250806, rewards:-3.9065632820129395, queue:1.1888889074325562, delay:0.13711217045783997, throughput:3716
step:3600/3600, q_loss:6.538863494319634e-06, rewards:-2.748715877532959, queue:0.9854497313499451, delay:0.12540476024150848, throughput:3922
episode:126/500, real avg travel time:232.10020397756247
step:3600/3600, q_loss:1.6952390756665004e-05, rewards:-3.030060052871704, queue:1.0503968000411987, delay:0.12420285493135452, throughput:3966
episode:127/500, real avg travel time:243.24583963691376
step:3600/3600, q_loss:2.1346191513455575e-05, rewards:-3.0883002281188965, queue:1.07791006565094, delay:0.12237399816513062, throughput:3974
episode:128/500, real avg travel time:237.07473578258683
step:3600/3600, q_loss:-2.2946133362388033e-06, rewards:-2.9040839672088623, queue:1.0140211582183838, delay:0.1270039826631546, throughput:4053
episode:129/500, real avg travel time:243.6308906982482
step:3600/3600, q_loss:9.440045687370002e-08, rewards:-3.1627390384674072, queue:1.0989418029785156, delay:0.12977063655853271, throughput:3926
episode:130/500, real avg travel time:256.52190524707083
Test step:130/500, travel time :256.46721748400853, rewards:-3.907183885574341, queue:1.227910041809082, delay:0.12813444435596466, throughput:3752
step:3600/3600, q_loss:-2.2988194056476156e-07, rewards:-2.7448644638061523, queue:0.991534411907196, delay:0.12498495727777481, throughput:4000
episode:131/500, real avg travel time:234.32875
step:3600/3600, q_loss:8.342380169779062e-06, rewards:-3.2640604972839355, queue:1.1058200597763062, delay:0.12748028337955475, throughput:4031
episode:132/500, real avg travel time:248.63507814438105
step:3600/3600, q_loss:5.022083738973985e-05, rewards:-3.8464910984039307, queue:1.2559523582458496, delay:0.13095106184482574, throughput:3883
episode:133/500, real avg travel time:250.6332732423384
step:3600/3600, q_loss:2.396890744825618e-06, rewards:-3.2092018127441406, queue:1.096825361251831, delay:0.12870584428310394, throughput:3996
episode:134/500, real avg travel time:244.3661161161161
step:3600/3600, q_loss:0.00026973249558876784, rewards:-5.60345458984375, queue:1.6441799402236938, delay:0.13603666424751282, throughput:3804
episode:135/500, real avg travel time:271.5793901156677
Test step:135/500, travel time :259.23621837549933, rewards:-3.6732017993927, queue:1.1772487163543701, delay:0.13329638540744781, throughput:3755
step:3600/3600, q_loss:1.912473493980037e-06, rewards:-2.8785550594329834, queue:1.0448412895202637, delay:0.12715618312358856, throughput:4017
episode:136/500, real avg travel time:232.79113766492407
step:3600/3600, q_loss:-1.95619726986883e-06, rewards:-3.049389362335205, queue:1.0554232597351074, delay:0.12736599147319794, throughput:4043
episode:137/500, real avg travel time:248.65421716547118
step:3600/3600, q_loss:1.7657179948097715e-06, rewards:-3.1334316730499268, queue:1.0788359642028809, delay:0.1283687949180603, throughput:4012
episode:138/500, real avg travel time:245.01021934197408
step:3600/3600, q_loss:3.5582744062089156e-05, rewards:-3.7205722332000732, queue:1.183730125427246, delay:0.1302935630083084, throughput:3960
episode:139/500, real avg travel time:262.5088383838384
step:3600/3600, q_loss:7.538418932300475e-05, rewards:-3.611665964126587, queue:1.226719617843628, delay:0.12928210198879242, throughput:3977
episode:140/500, real avg travel time:250.06763892381193
Test step:140/500, travel time :248.6988416988417, rewards:-4.182943344116211, queue:1.2251322269439697, delay:0.130393385887146, throughput:3626
step:3600/3600, q_loss:4.842159921988948e-05, rewards:-3.757950782775879, queue:1.2320106029510498, delay:0.13304105401039124, throughput:3965
episode:141/500, real avg travel time:279.9566204287516
step:3600/3600, q_loss:1.1153611396568725e-05, rewards:-3.483893394470215, queue:1.1272486448287964, delay:0.12835411727428436, throughput:3943
episode:142/500, real avg travel time:244.00228252599544
step:3600/3600, q_loss:-1.8393578809789486e-06, rewards:-2.669229507446289, queue:0.9580687880516052, delay:0.12275340408086777, throughput:3875
episode:143/500, real avg travel time:234.4985806451613
step:3600/3600, q_loss:3.8362563322556926e-06, rewards:-3.0602312088012695, queue:1.0664020776748657, delay:0.12609657645225525, throughput:3951
episode:144/500, real avg travel time:251.41862819539358
step:3600/3600, q_loss:8.814298780635e-07, rewards:-3.091679096221924, queue:1.042460322380066, delay:0.1255575716495514, throughput:3971
episode:145/500, real avg travel time:247.14328884411987
Test step:145/500, travel time :249.16773504273505, rewards:-3.176180124282837, queue:1.029894232749939, delay:0.12935064733028412, throughput:3744
step:3600/3600, q_loss:0.0001296050699440659, rewards:-4.610737323760986, queue:1.3448412418365479, delay:0.13009916245937347, throughput:3872
episode:146/500, real avg travel time:266.24638429752065
step:3600/3600, q_loss:5.932470553994386e-06, rewards:-3.179328680038452, queue:1.0928571224212646, delay:0.1265832632780075, throughput:3906
episode:147/500, real avg travel time:256.15770609319
step:3600/3600, q_loss:1.877849879545263e-06, rewards:-2.6592252254486084, queue:0.9879629611968994, delay:0.12136156111955643, throughput:3871
episode:148/500, real avg travel time:236.84086799276673
step:3600/3600, q_loss:4.578920108744771e-05, rewards:-3.6910417079925537, queue:1.1369047164916992, delay:0.12505318224430084, throughput:3877
episode:149/500, real avg travel time:259.9151405726077
step:3600/3600, q_loss:6.611762122095873e-06, rewards:-3.327101230621338, queue:1.0997354984283447, delay:0.12486568838357925, throughput:3924
episode:150/500, real avg travel time:249.29918450560652
Test step:150/500, travel time :260.3092140921409, rewards:-3.984598398208618, queue:1.25515878200531, delay:0.13309185206890106, throughput:3690
step:3600/3600, q_loss:7.787065987940878e-05, rewards:-3.9055352210998535, queue:1.2603174448013306, delay:0.12983696162700653, throughput:3985
episode:151/500, real avg travel time:260.3686323713927
step:3600/3600, q_loss:1.4155047150173535e-05, rewards:-3.3877899646759033, queue:1.1287037134170532, delay:0.1259256899356842, throughput:3931
episode:152/500, real avg travel time:253.44543373187483
step:3600/3600, q_loss:4.3707784950836664e-05, rewards:-3.7359354496002197, queue:1.2345237731933594, delay:0.12928242981433868, throughput:3908
episode:153/500, real avg travel time:266.32497441146364
step:3600/3600, q_loss:0.00015258001811970542, rewards:-4.447755813598633, queue:1.3294973373413086, delay:0.12642745673656464, throughput:3897
episode:154/500, real avg travel time:291.52630228380804
step:3600/3600, q_loss:-4.024873528073335e-06, rewards:-3.058736562728882, queue:1.0501322746276855, delay:0.12644055485725403, throughput:3880
episode:155/500, real avg travel time:255.18556701030928
Test step:155/500, travel time :244.7279860505667, rewards:-5.388077259063721, queue:1.5492063760757446, delay:0.1325903683900833, throughput:3441
step:3600/3600, q_loss:2.3990875989612607e-05, rewards:-3.509086847305298, queue:1.1632275581359863, delay:0.12473898380994797, throughput:3932
episode:156/500, real avg travel time:259.7571210579858
step:3600/3600, q_loss:0.00013164083033593164, rewards:-4.391078472137451, queue:1.3367724418640137, delay:0.12701091170310974, throughput:3861
episode:157/500, real avg travel time:268.9189329189329
step:3600/3600, q_loss:9.536638875336697e-07, rewards:-2.99617862701416, queue:1.048545002937317, delay:0.12133526802062988, throughput:3911
episode:158/500, real avg travel time:247.5724878547686
step:3600/3600, q_loss:8.164164561700697e-06, rewards:-2.7047297954559326, queue:0.9759259223937988, delay:0.12058992683887482, throughput:3870
episode:159/500, real avg travel time:247.97906976744187
step:3600/3600, q_loss:6.250405163478313e-05, rewards:-3.681047201156616, queue:1.2108465433120728, delay:0.12408781796693802, throughput:3873
episode:160/500, real avg travel time:258.87890524141494
Test step:160/500, travel time :248.17118644067796, rewards:-4.752691745758057, queue:1.4083333015441895, delay:0.13120132684707642, throughput:3540
step:3600/3600, q_loss:6.91459576450547e-06, rewards:-2.415858268737793, queue:0.9146825671195984, delay:0.11964428424835205, throughput:3878
episode:161/500, real avg travel time:232.72666322846828
step:3600/3600, q_loss:2.1586037797128987e-06, rewards:-3.093815803527832, queue:1.0596561431884766, delay:0.12511776387691498, throughput:3897
episode:162/500, real avg travel time:251.9799846035412
step:3600/3600, q_loss:0.0002032886077358853, rewards:-5.373886585235596, queue:1.5940476655960083, delay:0.13622009754180908, throughput:3827
episode:163/500, real avg travel time:303.2022471910112
step:3600/3600, q_loss:3.3216516587546925e-06, rewards:-2.465590000152588, queue:0.9432539939880371, delay:0.12017780542373657, throughput:3966
episode:164/500, real avg travel time:231.69667170953102
step:3600/3600, q_loss:-1.6967318919745999e-06, rewards:-2.707336187362671, queue:0.9794973731040955, delay:0.12226417660713196, throughput:3969
episode:165/500, real avg travel time:243.66213151927437
Test step:165/500, travel time :244.6246490735542, rewards:-5.168086528778076, queue:1.6481481790542603, delay:0.12617649137973785, throughput:3562
step:3600/3600, q_loss:1.1910163852412047e-05, rewards:-3.102430582046509, queue:1.056746006011963, delay:0.12433651834726334, throughput:3873
episode:166/500, real avg travel time:257.34856700232376
step:3600/3600, q_loss:4.867473681871262e-06, rewards:-2.9827518463134766, queue:1.0477513074874878, delay:0.12502427399158478, throughput:3894
episode:167/500, real avg travel time:251.58115048793016
step:3600/3600, q_loss:4.661197785430381e-05, rewards:-3.8953983783721924, queue:1.2654762268066406, delay:0.12638452649116516, throughput:3890
episode:168/500, real avg travel time:260.13598971722365
step:3600/3600, q_loss:1.1825883524983914e-05, rewards:-3.095722198486328, queue:1.0887565612792969, delay:0.12464796751737595, throughput:4019
episode:169/500, real avg travel time:256.2254292112466
step:3600/3600, q_loss:1.1225230425932548e-05, rewards:-3.167762517929077, queue:1.098280429840088, delay:0.1240791454911232, throughput:3947
episode:170/500, real avg travel time:251.46693691411198
Test step:170/500, travel time :247.17777777777778, rewards:-4.019390106201172, queue:1.2320106029510498, delay:0.12497187405824661, throughput:3600
step:3600/3600, q_loss:8.339279884239659e-05, rewards:-3.4747931957244873, queue:1.1755291223526, delay:0.12133543938398361, throughput:3954
episode:171/500, real avg travel time:228.72306525037936
step:3600/3600, q_loss:0.00016456826552813355, rewards:-4.919442176818848, queue:1.5001323223114014, delay:0.13775385916233063, throughput:3915
episode:172/500, real avg travel time:282.127969348659
step:3600/3600, q_loss:2.610975481931948e-05, rewards:-3.1073076725006104, queue:1.099074125289917, delay:0.12401801347732544, throughput:3983
episode:173/500, real avg travel time:243.96108460959076
step:3600/3600, q_loss:1.3053717945391932e-06, rewards:-2.427036762237549, queue:0.9313492178916931, delay:0.1184154525399208, throughput:3973
episode:174/500, real avg travel time:229.6352881953184
step:3600/3600, q_loss:5.51413080150572e-06, rewards:-2.948319911956787, queue:1.0948412418365479, delay:0.13018763065338135, throughput:4035
episode:175/500, real avg travel time:237.5266418835192
Test step:175/500, travel time :261.00528960592436, rewards:-3.386458396911621, queue:1.1523809432983398, delay:0.1256610006093979, throughput:3781
step:3600/3600, q_loss:-7.034402005956508e-06, rewards:-2.520383358001709, queue:0.9727513194084167, delay:0.12228289246559143, throughput:4053
episode:176/500, real avg travel time:225.29410313348137
step:3600/3600, q_loss:3.087631840672758e-06, rewards:-2.824928045272827, queue:1.0595238208770752, delay:0.126298725605011, throughput:3961
episode:177/500, real avg travel time:224.48876546326684
step:3600/3600, q_loss:-3.5321045692803133e-06, rewards:-2.7824649810791016, queue:1.0268518924713135, delay:0.12091846764087677, throughput:3941
episode:178/500, real avg travel time:238.16214158842934
step:3600/3600, q_loss:1.9356965721170935e-07, rewards:-2.525134563446045, queue:0.9726190567016602, delay:0.12369639426469803, throughput:4026
episode:179/500, real avg travel time:232.29433681073024
step:3600/3600, q_loss:-2.38793315171885e-06, rewards:-2.4561920166015625, queue:0.9544973373413086, delay:0.12079153209924698, throughput:3987
episode:180/500, real avg travel time:228.42437923250566
Test step:180/500, travel time :250.7240285487708, rewards:-3.006303310394287, queue:1.0542328357696533, delay:0.12509003281593323, throughput:3783
step:3600/3600, q_loss:1.1970981399321722e-05, rewards:-2.960069179534912, queue:1.065740704536438, delay:0.12807582318782806, throughput:3993
episode:181/500, real avg travel time:246.05609817180064
step:3600/3600, q_loss:3.779092124508073e-06, rewards:-2.750206232070923, queue:1.0333333015441895, delay:0.12625089287757874, throughput:4014
episode:182/500, real avg travel time:248.7217239661186
step:3600/3600, q_loss:8.043968975673327e-06, rewards:-2.988668918609619, queue:1.0706349611282349, delay:0.1270851343870163, throughput:4046
episode:183/500, real avg travel time:246.93598615916954
step:3600/3600, q_loss:-7.078211638145149e-07, rewards:-2.955406665802002, queue:1.0616402626037598, delay:0.12983231246471405, throughput:4026
episode:184/500, real avg travel time:245.52210630899157
step:3600/3600, q_loss:-2.8047636280664137e-06, rewards:-2.5261921882629395, queue:0.9593915343284607, delay:0.12153616547584534, throughput:4037
episode:185/500, real avg travel time:236.74510775328213
Test step:185/500, travel time :236.0629482071713, rewards:-2.6335721015930176, queue:0.9588624238967896, delay:0.11960896849632263, throughput:3765
step:3600/3600, q_loss:-9.278210200136527e-07, rewards:-2.54133677482605, queue:0.966005265712738, delay:0.12281017005443573, throughput:4032
episode:186/500, real avg travel time:229.8234126984127
step:3600/3600, q_loss:-1.09021513910395e-06, rewards:-2.3712520599365234, queue:0.9284391403198242, delay:0.11982700228691101, throughput:3956
episode:187/500, real avg travel time:228.75530839231547
step:3600/3600, q_loss:1.997080996968887e-06, rewards:-2.6392574310302734, queue:0.9705026745796204, delay:0.12120072543621063, throughput:3971
episode:188/500, real avg travel time:243.15159909342734
step:3600/3600, q_loss:6.409351489209157e-05, rewards:-3.8417534828186035, queue:1.2124338150024414, delay:0.12755455076694489, throughput:3999
episode:189/500, real avg travel time:255.6679169792448
step:3600/3600, q_loss:6.347348122896316e-06, rewards:-2.6715407371520996, queue:0.9976190328598022, delay:0.1233762800693512, throughput:3972
episode:190/500, real avg travel time:235.55740181268882
Test step:190/500, travel time :248.70203285992758, rewards:-6.027149677276611, queue:1.7187830209732056, delay:0.13426081836223602, throughput:3591
step:3600/3600, q_loss:-1.928730327765354e-06, rewards:-2.6989331245422363, queue:1.0108466148376465, delay:0.12650111317634583, throughput:4015
episode:191/500, real avg travel time:241.000498132005
step:3600/3600, q_loss:-1.126219366496015e-06, rewards:-2.746330738067627, queue:1.0309523344039917, delay:0.12770476937294006, throughput:3986
episode:192/500, real avg travel time:229.86929252383342
step:3600/3600, q_loss:3.7689412743525788e-06, rewards:-2.6896581649780273, queue:0.9960317611694336, delay:0.12236261367797852, throughput:3958
episode:193/500, real avg travel time:238.7609903991915
step:3600/3600, q_loss:0.00019599644648325113, rewards:-4.82691764831543, queue:1.4903439283370972, delay:0.13114768266677856, throughput:3984
episode:194/500, real avg travel time:281.43022088353416
step:3600/3600, q_loss:8.92768188754821e-06, rewards:-2.6859703063964844, queue:0.9718254208564758, delay:0.12114267796278, throughput:3915
episode:195/500, real avg travel time:236.98109833971904
Test step:195/500, travel time :276.73531042128604, rewards:-4.881796836853027, queue:1.4207671880722046, delay:0.1362246870994568, throughput:3608
step:3600/3600, q_loss:-3.803504094119287e-06, rewards:-2.4903972148895264, queue:0.9268518686294556, delay:0.1185976043343544, throughput:3902
episode:196/500, real avg travel time:239.1391594054331
step:3600/3600, q_loss:4.153292765194136e-05, rewards:-3.44455623626709, queue:1.1534391641616821, delay:0.12572963535785675, throughput:3987
episode:197/500, real avg travel time:254.44444444444446
step:3600/3600, q_loss:9.648912237025797e-06, rewards:-2.8878817558288574, queue:1.0498677492141724, delay:0.12367696315050125, throughput:3980
episode:198/500, real avg travel time:236.29899497487438
step:3600/3600, q_loss:8.946961234970432e-06, rewards:-3.1623480319976807, queue:1.086111068725586, delay:0.12424677610397339, throughput:3939
episode:199/500, real avg travel time:252.94313277481595
step:3600/3600, q_loss:2.4185423373839714e-06, rewards:-2.5118534564971924, queue:0.938095211982727, delay:0.12169171124696732, throughput:3971
episode:200/500, real avg travel time:237.6454293628809
Test step:200/500, travel time :266.9810017271157, rewards:-5.36184024810791, queue:1.5324074029922485, delay:0.13507115840911865, throughput:3474
step:3600/3600, q_loss:-2.4974849010403785e-06, rewards:-2.653439998626709, queue:0.9711640477180481, delay:0.1218927800655365, throughput:3871
episode:201/500, real avg travel time:233.24515629036424
step:3600/3600, q_loss:-3.989766345411125e-06, rewards:-2.6271262168884277, queue:0.9744709134101868, delay:0.12024180591106415, throughput:3938
episode:202/500, real avg travel time:238.1163026917217
step:3600/3600, q_loss:2.4171148106688632e-05, rewards:-3.2191853523254395, queue:1.0669312477111816, delay:0.1230451762676239, throughput:3858
episode:203/500, real avg travel time:252.67781233799897
step:3600/3600, q_loss:3.4862237549128217e-06, rewards:-2.790881633758545, queue:0.9851852059364319, delay:0.12215198576450348, throughput:3892
episode:204/500, real avg travel time:245.03956834532374
step:3600/3600, q_loss:5.434393509252307e-05, rewards:-3.4973368644714355, queue:1.0960317850112915, delay:0.12240713834762573, throughput:3791
episode:205/500, real avg travel time:243.84304932735427
Test step:205/500, travel time :241.72903042365652, rewards:-4.329589366912842, queue:1.2619047164916992, delay:0.12759341299533844, throughput:3517
step:3600/3600, q_loss:9.839341348399305e-07, rewards:-2.7559378147125244, queue:0.9845238327980042, delay:0.12143169343471527, throughput:3928
episode:206/500, real avg travel time:236.05142566191446
step:3600/3600, q_loss:2.676668009371497e-06, rewards:-2.7377736568450928, queue:0.9842592477798462, delay:0.12244810163974762, throughput:3920
episode:207/500, real avg travel time:237.13163265306122
step:3600/3600, q_loss:1.8257697876025406e-05, rewards:-2.889565944671631, queue:1.0357142686843872, delay:0.12108276784420013, throughput:3975
episode:208/500, real avg travel time:237.7479245283019
step:3600/3600, q_loss:2.83609673109216e-06, rewards:-2.5370676517486572, queue:0.9547619223594666, delay:0.12070408463478088, throughput:3924
episode:209/500, real avg travel time:227.631498470948
step:3600/3600, q_loss:-3.4410630986611875e-07, rewards:-2.391292095184326, queue:0.9304232597351074, delay:0.11866261065006256, throughput:3927
episode:210/500, real avg travel time:217.72778202189966
Test step:210/500, travel time :276.9580587177951, rewards:-9.550594329833984, queue:2.456216812133789, delay:0.15562736988067627, throughput:3338
step:3600/3600, q_loss:9.64182830001745e-05, rewards:-3.6197571754455566, queue:1.2436507940292358, delay:0.12651656568050385, throughput:3935
episode:211/500, real avg travel time:250.6815756035578
step:3600/3600, q_loss:9.741255538150046e-06, rewards:-2.6205594539642334, queue:0.9784391522407532, delay:0.12088245153427124, throughput:4000
episode:212/500, real avg travel time:225.355
step:3600/3600, q_loss:-9.900845826551732e-07, rewards:-2.4321508407592773, queue:0.9347883462905884, delay:0.12031149864196777, throughput:3954
episode:213/500, real avg travel time:227.29160343955488
step:3600/3600, q_loss:-1.8871349311666564e-06, rewards:-2.3526618480682373, queue:0.9100528955459595, delay:0.11759733408689499, throughput:3969
episode:214/500, real avg travel time:225.79642227261274
step:3600/3600, q_loss:-7.36690098064072e-06, rewards:-2.29591965675354, queue:0.9297618865966797, delay:0.12129242718219757, throughput:4061
episode:215/500, real avg travel time:214.38660428465894
Test step:215/500, travel time :251.21207980322492, rewards:-4.33480978012085, queue:1.3658729791641235, delay:0.13125337660312653, throughput:3659
step:3600/3600, q_loss:4.051303322840896e-06, rewards:-2.889143943786621, queue:1.067460298538208, delay:0.1257745921611786, throughput:4071
episode:216/500, real avg travel time:219.37386391549987
step:3600/3600, q_loss:7.237612145319063e-05, rewards:-3.7688965797424316, queue:1.2138888835906982, delay:0.12783367931842804, throughput:4061
episode:217/500, real avg travel time:243.54149224328984
step:3600/3600, q_loss:-5.924399334212972e-06, rewards:-2.342214584350586, queue:0.9445767402648926, delay:0.12044823914766312, throughput:4047
episode:218/500, real avg travel time:209.8996787744008
step:3600/3600, q_loss:8.397061416568856e-08, rewards:-3.138538360595703, queue:1.1256613731384277, delay:0.12989287078380585, throughput:4037
episode:219/500, real avg travel time:234.64230864503344
step:3600/3600, q_loss:-6.4061703192742745e-06, rewards:-3.002067804336548, queue:1.0767195224761963, delay:0.12721163034439087, throughput:4062
episode:220/500, real avg travel time:228.82914820285575
Test step:220/500, travel time :223.6604016477858, rewards:-2.394716501235962, queue:0.8947089910507202, delay:0.11664623767137527, throughput:3884
New best TEST travel time 223.6604 at episode 220, saved as best checkpoint
step:3600/3600, q_loss:-6.66756871699666e-07, rewards:-2.7923569679260254, queue:1.0119047164916992, delay:0.12246716767549515, throughput:4034
episode:221/500, real avg travel time:224.26400594942984
step:3600/3600, q_loss:1.547307409863505e-06, rewards:-2.566850185394287, queue:0.9806878566741943, delay:0.12326797842979431, throughput:4043
episode:222/500, real avg travel time:216.97897600791492
step:3600/3600, q_loss:1.3252669062543039e-05, rewards:-3.098012924194336, queue:1.1109788417816162, delay:0.12674808502197266, throughput:4019
episode:223/500, real avg travel time:225.63523264493656
step:3600/3600, q_loss:-5.597805728838365e-06, rewards:-2.672471046447754, queue:1.006084680557251, delay:0.12583041191101074, throughput:4051
episode:224/500, real avg travel time:225.70081461367565
step:3600/3600, q_loss:1.2912120938482178e-05, rewards:-3.270968198776245, queue:1.1529099941253662, delay:0.131106436252594, throughput:3819
episode:225/500, real avg travel time:218.0460853626604
Test step:225/500, travel time :234.5494361395227, rewards:-3.179459571838379, queue:1.0894179344177246, delay:0.12681084871292114, throughput:3813
step:3600/3600, q_loss:-9.193285142019805e-06, rewards:-2.80491304397583, queue:1.0357142686843872, delay:0.12805595993995667, throughput:4038
episode:226/500, real avg travel time:219.91109460128777
step:3600/3600, q_loss:-3.288401462163569e-06, rewards:-2.9905052185058594, queue:1.0624338388442993, delay:0.12559707462787628, throughput:4069
episode:227/500, real avg travel time:221.73679036618333
step:3600/3600, q_loss:1.0793505417596963e-05, rewards:-3.191213607788086, queue:1.156084656715393, delay:0.13184958696365356, throughput:4028
episode:228/500, real avg travel time:232.50620655412115
step:3600/3600, q_loss:-7.195331272669137e-06, rewards:-2.5611438751220703, queue:0.9567460417747498, delay:0.12086551636457443, throughput:4018
episode:229/500, real avg travel time:220.42259830761574
step:3600/3600, q_loss:-1.5085892907033363e-06, rewards:-2.832052230834961, queue:1.0115079879760742, delay:0.12548425793647766, throughput:4035
episode:230/500, real avg travel time:218.6198265179678
Test step:230/500, travel time :214.68565455970733, rewards:-2.607607841491699, queue:0.9564814567565918, delay:0.1179218664765358, throughput:3827
New best TEST travel time 214.6857 at episode 230, saved as best checkpoint
step:3600/3600, q_loss:-1.0107407352835354e-05, rewards:-2.4565415382385254, queue:0.9251322746276855, delay:0.11789961904287338, throughput:3890
episode:231/500, real avg travel time:212.19408740359899
step:3600/3600, q_loss:-5.982775797343089e-07, rewards:-2.524959087371826, queue:0.9431216716766357, delay:0.11840415745973587, throughput:4007
episode:232/500, real avg travel time:214.53406538557525
step:3600/3600, q_loss:6.640152641921305e-05, rewards:-3.5171875953674316, queue:1.200264573097229, delay:0.12430873513221741, throughput:3955
episode:233/500, real avg travel time:225.32389380530972
step:3600/3600, q_loss:-8.206627454556939e-06, rewards:-2.28358793258667, queue:0.8884920477867126, delay:0.11772003769874573, throughput:3939
episode:234/500, real avg travel time:206.54734704239655
step:3600/3600, q_loss:3.2207726487993366e-06, rewards:-2.579099416732788, queue:0.9390211701393127, delay:0.11657515913248062, throughput:3955
episode:235/500, real avg travel time:216.02477876106195
Test step:235/500, travel time :212.55456686731222, rewards:-2.1715548038482666, queue:0.8552910089492798, delay:0.11318430304527283, throughput:3821
New best TEST travel time 212.5546 at episode 235, saved as best checkpoint
step:3600/3600, q_loss:-4.279399905095084e-06, rewards:-2.7573964595794678, queue:0.9777777791023254, delay:0.11927659809589386, throughput:3933
episode:236/500, real avg travel time:218.5959827103992
step:3600/3600, q_loss:-4.374979026680295e-06, rewards:-2.832289934158325, queue:1.0052909851074219, delay:0.12206076830625534, throughput:3963
episode:237/500, real avg travel time:224.04693414080242
step:3600/3600, q_loss:-5.536188756296825e-06, rewards:-2.265141010284424, queue:0.9037036895751953, delay:0.1163901686668396, throughput:3948
episode:238/500, real avg travel time:208.62639311043566
step:3600/3600, q_loss:-6.498677652820738e-06, rewards:-2.137223958969116, queue:0.8526455163955688, delay:0.11389666795730591, throughput:3909
episode:239/500, real avg travel time:212.3479150677923
step:3600/3600, q_loss:-8.620455709104943e-06, rewards:-2.3354763984680176, queue:0.8990740776062012, delay:0.1189470887184143, throughput:3908
episode:240/500, real avg travel time:209.1729785056295
Test step:240/500, travel time :210.81711758584808, rewards:-2.1168034076690674, queue:0.8580687642097473, delay:0.11388485133647919, throughput:3844
New best TEST travel time 210.8171 at episode 240, saved as best checkpoint
step:3600/3600, q_loss:-6.925342475167579e-06, rewards:-2.2618000507354736, queue:0.8940476179122925, delay:0.11747600883245468, throughput:4002
episode:241/500, real avg travel time:209.32033983008495
step:3600/3600, q_loss:-3.858638633068444e-06, rewards:-2.325343608856201, queue:0.9231481552124023, delay:0.12038017064332962, throughput:3960
episode:242/500, real avg travel time:211.1161616161616
step:3600/3600, q_loss:-7.522365679809203e-06, rewards:-2.1481404304504395, queue:0.8845238089561462, delay:0.11845458298921585, throughput:3998
episode:243/500, real avg travel time:207.48524262131065
step:3600/3600, q_loss:-8.044717792977786e-06, rewards:-2.26633882522583, queue:0.9236772656440735, delay:0.12191270291805267, throughput:4006
episode:244/500, real avg travel time:207.2491263105342
step:3600/3600, q_loss:-8.334960794955906e-06, rewards:-2.1268014907836914, queue:0.8716931343078613, delay:0.11671240627765656, throughput:3985
episode:245/500, real avg travel time:215.03212045169386
Test step:245/500, travel time :206.6260078023407, rewards:-2.0650458335876465, queue:0.8300264477729797, delay:0.11245627701282501, throughput:3845
New best TEST travel time 206.6260 at episode 245, saved as best checkpoint
step:3600/3600, q_loss:-9.586046427203756e-06, rewards:-2.1756694316864014, queue:0.880820095539093, delay:0.1174326241016388, throughput:3945
episode:246/500, real avg travel time:205.6765525982256
step:3600/3600, q_loss:-1.3514680419272434e-05, rewards:-1.9533967971801758, queue:0.8317460417747498, delay:0.11542557924985886, throughput:3957
episode:247/500, real avg travel time:206.72984584281022
step:3600/3600, q_loss:3.17215940514062e-05, rewards:-3.0890445709228516, queue:1.0208994150161743, delay:0.12492009252309799, throughput:3959
episode:248/500, real avg travel time:224.35993937863097
step:3600/3600, q_loss:-1.1894808792729033e-05, rewards:-2.503614902496338, queue:0.9306878447532654, delay:0.11926884949207306, throughput:3981
episode:249/500, real avg travel time:217.9824164782718
step:3600/3600, q_loss:2.5214154447894544e-06, rewards:-3.00924015045166, queue:1.0608465671539307, delay:0.12489327043294907, throughput:3997
episode:250/500, real avg travel time:242.05479109331998
Test step:250/500, travel time :212.1993728769271, rewards:-2.0824036598205566, queue:0.7920634746551514, delay:0.10722903907299042, throughput:3827
step:3600/3600, q_loss:-2.714611117779795e-06, rewards:-2.2265992164611816, queue:0.8752645254135132, delay:0.1155209168791771, throughput:3985
episode:251/500, real avg travel time:214.79372647427854
step:3600/3600, q_loss:-8.594691381505174e-06, rewards:-2.4122586250305176, queue:0.9187830686569214, delay:0.11726772040128708, throughput:3925
episode:252/500, real avg travel time:222.34700636942677
step:3600/3600, q_loss:-5.3473594258927426e-06, rewards:-2.2509450912475586, queue:0.8798941969871521, delay:0.11675703525543213, throughput:3963
episode:253/500, real avg travel time:212.87761796618724
step:3600/3600, q_loss:2.3007258278084917e-06, rewards:-3.1611881256103516, queue:1.0670634508132935, delay:0.12406498938798904, throughput:3941
episode:254/500, real avg travel time:252.6708957117483
step:3600/3600, q_loss:1.2405111596712636e-06, rewards:-2.8604865074157715, queue:0.9878306984901428, delay:0.12101452052593231, throughput:4001
episode:255/500, real avg travel time:233.74106473381656
Test step:255/500, travel time :251.0547144754316, rewards:-2.923346996307373, queue:0.9685184955596924, delay:0.11625009030103683, throughput:3765
step:3600/3600, q_loss:-1.3480739855569685e-06, rewards:-2.472407102584839, queue:0.8977513313293457, delay:0.1155112162232399, throughput:3936
episode:256/500, real avg travel time:229.1643800813008
step:3600/3600, q_loss:-3.6843555183925977e-06, rewards:-2.4274654388427734, queue:0.8882275223731995, delay:0.11664839088916779, throughput:3908
episode:257/500, real avg travel time:235.12998976458547
step:3600/3600, q_loss:7.853054218382264e-05, rewards:-3.735384702682495, queue:1.154894232749939, delay:0.1199859082698822, throughput:3849
episode:258/500, real avg travel time:243.564302416212
step:3600/3600, q_loss:-1.4692593928581725e-05, rewards:-2.325054168701172, queue:0.8673280477523804, delay:0.11479852348566055, throughput:3880
episode:259/500, real avg travel time:223.91958762886597
step:3600/3600, q_loss:4.941208203995807e-05, rewards:-3.2912323474884033, queue:1.0865079164505005, delay:0.1196940541267395, throughput:3917
episode:260/500, real avg travel time:239.57901455195304
Test step:260/500, travel time :239.23693931398418, rewards:-2.4533255100250244, queue:0.8743386268615723, delay:0.11311367899179459, throughput:3790
step:3600/3600, q_loss:0.0001401917494755859, rewards:-4.555659770965576, queue:1.2792328596115112, delay:0.1288370043039322, throughput:3769
episode:261/500, real avg travel time:245.37065534624568
step:3600/3600, q_loss:-2.4247951740916406e-06, rewards:-2.4505999088287354, queue:0.9037036895751953, delay:0.11590945720672607, throughput:3992
episode:262/500, real avg travel time:223.60971943887776
step:3600/3600, q_loss:-1.7770365957403555e-06, rewards:-2.44711971282959, queue:0.9027777910232544, delay:0.11611198633909225, throughput:3984
episode:263/500, real avg travel time:231.0597389558233
step:3600/3600, q_loss:-3.197483036072097e-06, rewards:-2.252713680267334, queue:0.864814817905426, delay:0.11559568345546722, throughput:3958
episode:264/500, real avg travel time:227.155634158666
step:3600/3600, q_loss:-6.8751859847301e-06, rewards:-2.2818171977996826, queue:0.8787037134170532, delay:0.11663845181465149, throughput:4049
episode:265/500, real avg travel time:221.38503334156582
Test step:265/500, travel time :222.23764950598024, rewards:-2.2114696502685547, queue:0.8287037014961243, delay:0.10870537906885147, throughput:3846
step:3600/3600, q_loss:-4.3480982842286015e-06, rewards:-2.0930514335632324, queue:0.8314814567565918, delay:0.11203811317682266, throughput:3941
episode:266/500, real avg travel time:220.24333925399645
step:3600/3600, q_loss:2.8220821049116136e-06, rewards:-2.6448593139648438, queue:0.9523809552192688, delay:0.11969363689422607, throughput:3987
episode:267/500, real avg travel time:231.5379984951091
step:3600/3600, q_loss:2.0995753907805515e-07, rewards:-2.351097583770752, queue:0.8936507701873779, delay:0.1147037073969841, throughput:4006
episode:268/500, real avg travel time:219.72466300549175
step:3600/3600, q_loss:1.447939656726602e-06, rewards:-2.427692413330078, queue:0.8977513313293457, delay:0.11447010189294815, throughput:3922
episode:269/500, real avg travel time:231.2883732789393
step:3600/3600, q_loss:1.989111923547979e-05, rewards:-2.8722760677337646, queue:0.9784391522407532, delay:0.11857729405164719, throughput:3925
episode:270/500, real avg travel time:234.17808917197453
Test step:270/500, travel time :260.67769251124633, rewards:-2.725395441055298, queue:0.9037036895751953, delay:0.11315716058015823, throughput:3779
step:3600/3600, q_loss:3.3317467669904647e-06, rewards:-2.788259506225586, queue:0.9826719760894775, delay:0.11893901228904724, throughput:3917
episode:271/500, real avg travel time:247.94281337758488
step:3600/3600, q_loss:5.6371555385542e-05, rewards:-3.563041925430298, queue:1.0916666984558105, delay:0.12357491254806519, throughput:3892
episode:272/500, real avg travel time:263.8001027749229
step:3600/3600, q_loss:1.368938667130553e-05, rewards:-2.8447837829589844, queue:1.0033068656921387, delay:0.118806853890419, throughput:3937
episode:273/500, real avg travel time:245.41630683261366
step:3600/3600, q_loss:-3.005081331745411e-06, rewards:-2.464212417602539, queue:0.8986772298812866, delay:0.1149691641330719, throughput:3919
episode:274/500, real avg travel time:231.64684868588927
step:3600/3600, q_loss:5.174455711514585e-07, rewards:-2.6619231700897217, queue:0.9240740537643433, delay:0.11510372161865234, throughput:3912
episode:275/500, real avg travel time:243.78093047034764
Test step:275/500, travel time :247.41954022988506, rewards:-3.1433098316192627, queue:1.0287036895751953, delay:0.11684510856866837, throughput:3654
step:3600/3600, q_loss:3.82459671527613e-05, rewards:-2.9662482738494873, queue:1.025529146194458, delay:0.11684510111808777, throughput:3870
episode:276/500, real avg travel time:238.6501291989664
step:3600/3600, q_loss:-4.5115561483220923e-07, rewards:-2.3862292766571045, queue:0.8906084895133972, delay:0.11700230836868286, throughput:3903
episode:277/500, real avg travel time:233.73994363310274
step:3600/3600, q_loss:1.4591294327854282e-06, rewards:-2.3323605060577393, queue:0.8699735403060913, delay:0.11365601420402527, throughput:3891
episode:278/500, real avg travel time:231.00693909020816
step:3600/3600, q_loss:-5.056024949428522e-06, rewards:-2.3225226402282715, queue:0.8821428418159485, delay:0.11547461152076721, throughput:3912
episode:279/500, real avg travel time:239.1086400817996
step:3600/3600, q_loss:5.9598283890712385e-05, rewards:-3.366051197052002, queue:1.1075396537780762, delay:0.11849340796470642, throughput:3869
episode:280/500, real avg travel time:248.34763504781597
Test step:280/500, travel time :260.75047567273714, rewards:-3.835381507873535, queue:1.123809576034546, delay:0.11611475050449371, throughput:3679
step:3600/3600, q_loss:6.162249483168125e-05, rewards:-3.324913263320923, queue:1.0826719999313354, delay:0.11750591546297073, throughput:3926
episode:281/500, real avg travel time:250.5934793683138
step:3600/3600, q_loss:0.00016955946145268778, rewards:-4.298008441925049, queue:1.2944444417953491, delay:0.12199660390615463, throughput:3869
episode:282/500, real avg travel time:265.29568363918327
step:3600/3600, q_loss:-4.660539747823754e-06, rewards:-2.501673460006714, queue:0.9328042268753052, delay:0.1197841539978981, throughput:3954
episode:283/500, real avg travel time:236.4597875569044
step:3600/3600, q_loss:9.27099646812874e-05, rewards:-3.7617709636688232, queue:1.1767195463180542, delay:0.12678687274456024, throughput:3992
episode:284/500, real avg travel time:269.7945891783567
step:3600/3600, q_loss:0.00013327233714840583, rewards:-3.9205875396728516, queue:1.2501323223114014, delay:0.12479053437709808, throughput:3912
episode:285/500, real avg travel time:259.30189161554193
Test step:285/500, travel time :258.325447042641, rewards:-3.861227035522461, queue:1.2391533851623535, delay:0.12394649535417557, throughput:3635
step:3600/3600, q_loss:6.5769272219363806e-06, rewards:-2.6377642154693604, queue:0.9384920597076416, delay:0.11700763553380966, throughput:3965
episode:286/500, real avg travel time:241.05876418663303
step:3600/3600, q_loss:3.858145646518096e-06, rewards:-2.7716686725616455, queue:1.0033068656921387, delay:0.12199220806360245, throughput:3938
episode:287/500, real avg travel time:236.3148806500762
step:3600/3600, q_loss:-3.1892139102435772e-09, rewards:-2.6832993030548096, queue:0.948544979095459, delay:0.11765869706869125, throughput:3886
episode:288/500, real avg travel time:236.79207411219764
step:3600/3600, q_loss:9.359135017600945e-06, rewards:-3.1372921466827393, queue:1.0132274627685547, delay:0.11935828626155853, throughput:3874
episode:289/500, real avg travel time:246.17294785751162
step:3600/3600, q_loss:1.858694708466323e-06, rewards:-2.7184200286865234, queue:0.9375661611557007, delay:0.115332692861557, throughput:3902
episode:290/500, real avg travel time:246.98539210661198
Test step:290/500, travel time :278.949384787472, rewards:-4.475727081298828, queue:1.2887566089630127, delay:0.12794129550457, throughput:3576
step:3600/3600, q_loss:9.371041701847895e-05, rewards:-3.8201849460601807, queue:1.2123016119003296, delay:0.12026235461235046, throughput:3763
episode:291/500, real avg travel time:249.26601116130746
step:3600/3600, q_loss:-5.498625978361815e-06, rewards:-2.9140279293060303, queue:0.9808201193809509, delay:0.12034662812948227, throughput:3883
episode:292/500, real avg travel time:243.8799896986866
step:3600/3600, q_loss:1.6279039199515763e-06, rewards:-2.8199689388275146, queue:0.9582010507583618, delay:0.11849711090326309, throughput:3926
episode:293/500, real avg travel time:248.3920020376974
step:3600/3600, q_loss:0.0007953620075972544, rewards:-7.825785160064697, queue:2.355952262878418, delay:0.13072198629379272, throughput:3540
episode:294/500, real avg travel time:300.3090395480226
step:3600/3600, q_loss:6.574765656195168e-05, rewards:-4.040064811706543, queue:1.2310847043991089, delay:0.12762351334095, throughput:3840
episode:295/500, real avg travel time:276.62578125
Test step:295/500, travel time :266.1016421291053, rewards:-6.668393135070801, queue:1.9763227701187134, delay:0.12195329368114471, throughput:3532
step:3600/3600, q_loss:-2.5700455201634514e-06, rewards:-2.773607015609741, queue:0.9440476298332214, delay:0.11805297434329987, throughput:3893
episode:296/500, real avg travel time:248.04443873619317
step:3600/3600, q_loss:-7.3366461341114094e-06, rewards:-2.8293652534484863, queue:0.9656084775924683, delay:0.11947251111268997, throughput:3922
episode:297/500, real avg travel time:249.18689444161143
step:3600/3600, q_loss:-1.8150981405698177e-06, rewards:-2.5249764919281006, queue:0.9034391641616821, delay:0.11944274604320526, throughput:3893
episode:298/500, real avg travel time:237.9517081941947
step:3600/3600, q_loss:0.00013818417970065235, rewards:-3.616647720336914, queue:1.1928571462631226, delay:0.117435984313488, throughput:3819
episode:299/500, real avg travel time:242.3032207384132
step:3600/3600, q_loss:5.4875322449434965e-06, rewards:-2.87188458442688, queue:0.9888888597488403, delay:0.12079614400863647, throughput:3889
episode:300/500, real avg travel time:233.97120082283362
Test step:300/500, travel time :262.5642876978617, rewards:-4.994746208190918, queue:1.5138888359069824, delay:0.1205451712012291, throughput:3601
step:3600/3600, q_loss:5.429051169711683e-06, rewards:-2.4034435749053955, queue:0.8929893970489502, delay:0.11546104401350021, throughput:4000
episode:301/500, real avg travel time:226.98675
step:3600/3600, q_loss:1.3019739465865617e-05, rewards:-3.0074028968811035, queue:1.0198413133621216, delay:0.11828835308551788, throughput:3949
episode:302/500, real avg travel time:246.99442896935932
step:3600/3600, q_loss:6.082197392566336e-06, rewards:-3.01546049118042, queue:1.0396825075149536, delay:0.12330563366413116, throughput:3887
episode:303/500, real avg travel time:246.1772575250836
step:3600/3600, q_loss:8.807958915389868e-06, rewards:-2.7994632720947266, queue:0.9691798686981201, delay:0.1218056008219719, throughput:3999
episode:304/500, real avg travel time:245.80045011252813
step:3600/3600, q_loss:-1.6084402482697946e-06, rewards:-2.769151449203491, queue:0.9914020895957947, delay:0.12065652757883072, throughput:3913
episode:305/500, real avg travel time:247.9348326092512
Test step:305/500, travel time :296.19676470588234, rewards:-7.191636085510254, queue:1.8780423402786255, delay:0.1339937299489975, throughput:3400
step:3600/3600, q_loss:-5.346451143850573e-06, rewards:-2.6298089027404785, queue:0.9544973373413086, delay:0.12246263027191162, throughput:3920
episode:306/500, real avg travel time:238.7576530612245
step:3600/3600, q_loss:-3.419888606812391e-06, rewards:-2.4535794258117676, queue:0.9015873074531555, delay:0.1175118088722229, throughput:3899
episode:307/500, real avg travel time:229.47422416004105
step:3600/3600, q_loss:-9.857185594026103e-06, rewards:-2.252692461013794, queue:0.8523809313774109, delay:0.11587271839380264, throughput:3935
episode:308/500, real avg travel time:220.22744599745872
step:3600/3600, q_loss:-4.162587235138441e-06, rewards:-2.2764408588409424, queue:0.8730158805847168, delay:0.1154918223619461, throughput:3928
episode:309/500, real avg travel time:211.92897148676172
step:3600/3600, q_loss:5.201077349031241e-05, rewards:-3.0278217792510986, queue:1.0366401672363281, delay:0.1194346696138382, throughput:3948
episode:310/500, real avg travel time:232.48328267477203
Test step:310/500, travel time :225.54251434533126, rewards:-2.3966643810272217, queue:0.8537036776542664, delay:0.11277029663324356, throughput:3834
step:3600/3600, q_loss:2.186051844748565e-06, rewards:-2.4285976886749268, queue:0.8861111402511597, delay:0.11614716053009033, throughput:3897
episode:311/500, real avg travel time:219.5899409802412
step:3600/3600, q_loss:-1.2282429492592604e-05, rewards:-2.3672358989715576, queue:0.8715608716011047, delay:0.1168350800871849, throughput:3949
episode:312/500, real avg travel time:225.0440617877944
step:3600/3600, q_loss:-7.046253732470278e-06, rewards:-2.2725675106048584, queue:0.8579365015029907, delay:0.11625281721353531, throughput:3901
episode:313/500, real avg travel time:219.40374263009485
step:3600/3600, q_loss:-1.2867962585813884e-05, rewards:-2.140171527862549, queue:0.8189153671264648, delay:0.11239147931337357, throughput:3876
episode:314/500, real avg travel time:216.59339525283798
step:3600/3600, q_loss:-7.225750192042647e-06, rewards:-2.1749093532562256, queue:0.8376984000205994, delay:0.1149347648024559, throughput:3951
episode:315/500, real avg travel time:216.10807390534043
Test step:315/500, travel time :275.28329163191546, rewards:-4.913968563079834, queue:1.4025132656097412, delay:0.12284751236438751, throughput:3597
step:3600/3600, q_loss:-6.7323641107779826e-06, rewards:-2.255387783050537, queue:0.8480158448219299, delay:0.11732616275548935, throughput:3902
episode:316/500, real avg travel time:222.68272680676577
step:3600/3600, q_loss:-6.65569985156051e-06, rewards:-2.2982499599456787, queue:0.8584656119346619, delay:0.11382301896810532, throughput:3904
episode:317/500, real avg travel time:217.734118852459
step:3600/3600, q_loss:-3.8588557799812405e-06, rewards:-2.381770610809326, queue:0.8914021253585815, delay:0.11618426442146301, throughput:3924
episode:318/500, real avg travel time:231.13302752293578
step:3600/3600, q_loss:-8.954025462218044e-06, rewards:-2.215364933013916, queue:0.8402116298675537, delay:0.1142665296792984, throughput:3896
episode:319/500, real avg travel time:229.04568788501027
step:3600/3600, q_loss:-8.328815036091125e-06, rewards:-2.3318073749542236, queue:0.8628306984901428, delay:0.11329545825719833, throughput:3922
episode:320/500, real avg travel time:222.99872514023457
Test step:320/500, travel time :243.41073862087762, rewards:-3.4627106189727783, queue:1.0917989015579224, delay:0.11441408097743988, throughput:3669
step:3600/3600, q_loss:5.7239484320032516e-05, rewards:-3.301025390625, queue:1.132804274559021, delay:0.12224946171045303, throughput:3939
episode:321/500, real avg travel time:262.014978420919
step:3600/3600, q_loss:-2.7744599113551277e-06, rewards:-2.538628578186035, queue:0.9133597612380981, delay:0.11879545450210571, throughput:3974
episode:322/500, real avg travel time:230.28334172118772
step:3600/3600, q_loss:-8.679222244407154e-07, rewards:-2.6100053787231445, queue:0.9269841313362122, delay:0.11804032325744629, throughput:3921
episode:323/500, real avg travel time:246.53685284366233
step:3600/3600, q_loss:-1.5306426778099396e-06, rewards:-2.284141778945923, queue:0.8578042387962341, delay:0.11557412892580032, throughput:3913
episode:324/500, real avg travel time:228.9803220035778
step:3600/3600, q_loss:-2.6774831995781927e-06, rewards:-2.2300074100494385, queue:0.8447089791297913, delay:0.11323355883359909, throughput:3949
episode:325/500, real avg travel time:232.22233476829578
Test step:325/500, travel time :239.43777901785714, rewards:-5.34835958480835, queue:1.6476190090179443, delay:0.11667661368846893, throughput:3584
step:3600/3600, q_loss:-1.992668856271646e-06, rewards:-2.3930375576019287, queue:0.8821428418159485, delay:0.11536376923322678, throughput:3973
episode:326/500, real avg travel time:239.5227787566071
step:3600/3600, q_loss:0.00030492800110045614, rewards:-4.813973426818848, queue:1.4400793313980103, delay:0.12083929032087326, throughput:3704
episode:327/500, real avg travel time:255.56668466522677
step:3600/3600, q_loss:0.00017819764018188128, rewards:-5.4237213134765625, queue:1.5641534328460693, delay:0.13740728795528412, throughput:3869
episode:328/500, real avg travel time:345.8950633238563
step:3600/3600, q_loss:-9.973991594354932e-06, rewards:-2.173607110977173, queue:0.868915319442749, delay:0.11776012182235718, throughput:3937
episode:329/500, real avg travel time:231.6479552959106
step:3600/3600, q_loss:7.092949898732412e-06, rewards:-2.8769233226776123, queue:0.9890211820602417, delay:0.12074064463376999, throughput:3842
episode:330/500, real avg travel time:249.51405517959395
Test step:330/500, travel time :259.0481099656357, rewards:-2.9920156002044678, queue:0.995899498462677, delay:0.12284048646688461, throughput:3783
step:3600/3600, q_loss:1.3142902591627919e-06, rewards:-2.3261165618896484, queue:0.8788359761238098, delay:0.11596366763114929, throughput:3919
episode:331/500, real avg travel time:232.44118397550395
step:3600/3600, q_loss:-2.43209304042264e-06, rewards:-2.2482056617736816, queue:0.8580687642097473, delay:0.1161341741681099, throughput:3894
episode:332/500, real avg travel time:229.814072932717
step:3600/3600, q_loss:2.6275865012495262e-05, rewards:-2.8573434352874756, queue:0.9478836059570312, delay:0.11667466163635254, throughput:3895
episode:333/500, real avg travel time:242.8790757381258
step:3600/3600, q_loss:-4.2256902411787047e-07, rewards:-2.319145441055298, queue:0.8685185313224792, delay:0.11568078398704529, throughput:3944
episode:334/500, real avg travel time:230.9553752535497
step:3600/3600, q_loss:-5.833803233043808e-06, rewards:-2.522343635559082, queue:0.9234126806259155, delay:0.11957059800624847, throughput:3920
episode:335/500, real avg travel time:241.7359693877551
Test step:335/500, travel time :235.56716023268112, rewards:-2.4527270793914795, queue:0.8500000238418579, delay:0.10961010307073593, throughput:3782
step:3600/3600, q_loss:-3.1321858841693027e-06, rewards:-2.4020116329193115, queue:0.8920634984970093, delay:0.11608411371707916, throughput:3913
episode:336/500, real avg travel time:235.51622795808842
step:3600/3600, q_loss:-3.999653644213039e-06, rewards:-2.298257827758789, queue:0.8769841194152832, delay:0.1154230535030365, throughput:3899
episode:337/500, real avg travel time:231.42395486022056
step:3600/3600, q_loss:-5.40697243801939e-06, rewards:-2.3526790142059326, queue:0.8735449910163879, delay:0.11435545980930328, throughput:3925
episode:338/500, real avg travel time:229.67108280254777
step:3600/3600, q_loss:0.0002630097031619193, rewards:-4.265610694885254, queue:1.3394179344177246, delay:0.12028803676366806, throughput:3788
episode:339/500, real avg travel time:245.24128827877507
step:3600/3600, q_loss:-6.4545263740001245e-06, rewards:-2.1876797676086426, queue:0.8455026745796204, delay:0.114885613322258, throughput:3923
episode:340/500, real avg travel time:238.63216925822076
Test step:340/500, travel time :243.60273612207314, rewards:-2.6878082752227783, queue:0.8966931104660034, delay:0.11258640140295029, throughput:3801
step:3600/3600, q_loss:9.862151111721889e-05, rewards:-3.695746898651123, queue:1.1768518686294556, delay:0.1228923574090004, throughput:3765
episode:341/500, real avg travel time:239.87118193891104
step:3600/3600, q_loss:2.6509988755505117e-06, rewards:-2.5148189067840576, queue:0.904365062713623, delay:0.11566858738660812, throughput:3948
episode:342/500, real avg travel time:242.733789260385
step:3600/3600, q_loss:4.721532766577891e-06, rewards:-2.572667360305786, queue:0.9305555820465088, delay:0.11879482120275497, throughput:3937
episode:343/500, real avg travel time:246.16154432308863
step:3600/3600, q_loss:8.259359464217495e-05, rewards:-3.3989717960357666, queue:1.1312168836593628, delay:0.11996904760599136, throughput:3914
episode:344/500, real avg travel time:259.3980582524272
step:3600/3600, q_loss:8.561655300177841e-06, rewards:-2.769131898880005, queue:0.9617725014686584, delay:0.11805480718612671, throughput:3956
episode:345/500, real avg travel time:246.672649140546
Test step:345/500, travel time :264.4136375696471, rewards:-3.1713168621063232, queue:0.9964285492897034, delay:0.11964298784732819, throughput:3769
step:3600/3600, q_loss:1.8958529431579841e-06, rewards:-2.717663288116455, queue:0.9518518447875977, delay:0.11775312572717667, throughput:3883
episode:346/500, real avg travel time:241.94308524336853
step:3600/3600, q_loss:1.394214389923339e-06, rewards:-2.5610859394073486, queue:0.9038359522819519, delay:0.11417742818593979, throughput:3917
episode:347/500, real avg travel time:246.06612203216747
step:3600/3600, q_loss:5.090591859900289e-05, rewards:-3.3040289878845215, queue:1.0212962627410889, delay:0.11750736087560654, throughput:3834
episode:348/500, real avg travel time:246.716744913928
step:3600/3600, q_loss:6.528288779211127e-05, rewards:-2.9838616847991943, queue:1.029365062713623, delay:0.11384516209363937, throughput:3884
episode:349/500, real avg travel time:244.71215242018536
step:3600/3600, q_loss:2.693091341320218e-06, rewards:-2.592611789703369, queue:0.9181216955184937, delay:0.1158003956079483, throughput:3877
episode:350/500, real avg travel time:248.36290946608202
Test step:350/500, travel time :258.87152317880793, rewards:-3.0231168270111084, queue:0.9824073910713196, delay:0.11092773079872131, throughput:3775
step:3600/3600, q_loss:7.625137505884696e-05, rewards:-3.2985646724700928, queue:1.0251322984695435, delay:0.11604435741901398, throughput:3895
episode:351/500, real avg travel time:248.91270860077023
step:3600/3600, q_loss:5.9034470824473024e-06, rewards:-2.326793670654297, queue:0.8731481432914734, delay:0.11299191415309906, throughput:3959
episode:352/500, real avg travel time:235.18388481939883
step:3600/3600, q_loss:3.7005420098365805e-05, rewards:-3.000763177871704, queue:1.0132274627685547, delay:0.11583708226680756, throughput:3902
episode:353/500, real avg travel time:242.15197334700153
step:3600/3600, q_loss:6.373082667576253e-05, rewards:-3.0056633949279785, queue:1.0513226985931396, delay:0.11671683937311172, throughput:3883
episode:354/500, real avg travel time:227.16173062065414
step:3600/3600, q_loss:2.5392419451640713e-06, rewards:-2.075399160385132, queue:0.8302910327911377, delay:0.11358743160963058, throughput:4015
episode:355/500, real avg travel time:214.17733499377334
Test step:355/500, travel time :368.9972222222222, rewards:-21.182479858398438, queue:5.627513408660889, delay:0.1962825208902359, throughput:2520
step:3600/3600, q_loss:3.969164835224446e-06, rewards:-2.2030093669891357, queue:0.8599206209182739, delay:0.11439154297113419, throughput:3960
episode:356/500, real avg travel time:214.25479797979798
step:3600/3600, q_loss:-5.3511394071392716e-08, rewards:-2.270395278930664, queue:0.8670634627342224, delay:0.11587658524513245, throughput:3968
episode:357/500, real avg travel time:220.38760080645162
step:3600/3600, q_loss:-7.986509283202596e-06, rewards:-2.2570409774780273, queue:0.863359808921814, delay:0.11468833684921265, throughput:4007
episode:358/500, real avg travel time:226.83279261292736
step:3600/3600, q_loss:-1.4003992489758982e-05, rewards:-2.122575283050537, queue:0.8518518805503845, delay:0.11296650022268295, throughput:3992
episode:359/500, real avg travel time:212.0884268537074
step:3600/3600, q_loss:4.777741883622689e-06, rewards:-2.4508159160614014, queue:0.9343915581703186, delay:0.12019424140453339, throughput:3969
episode:360/500, real avg travel time:230.33837238599142
Test step:360/500, travel time :256.26866073834543, rewards:-3.4792745113372803, queue:1.0499999523162842, delay:0.11322426795959473, throughput:3711
step:3600/3600, q_loss:7.02552678477433e-05, rewards:-3.3686323165893555, queue:1.060185194015503, delay:0.11874575912952423, throughput:3911
episode:361/500, real avg travel time:254.81257990283814
step:3600/3600, q_loss:-7.0918242676675116e-06, rewards:-2.354349374771118, queue:0.8714285492897034, delay:0.11353889107704163, throughput:3957
episode:362/500, real avg travel time:228.51983826130908
step:3600/3600, q_loss:4.884118809261256e-05, rewards:-2.821775197982788, queue:1.007804274559021, delay:0.11755122244358063, throughput:4058
episode:363/500, real avg travel time:239.48718580581567
step:3600/3600, q_loss:1.7691718918892244e-06, rewards:-2.391847610473633, queue:0.886640191078186, delay:0.11617429554462433, throughput:3966
episode:364/500, real avg travel time:220.6780131114473
step:3600/3600, q_loss:-4.134531789329938e-06, rewards:-2.1746416091918945, queue:0.8501322865486145, delay:0.11500769853591919, throughput:3959
episode:365/500, real avg travel time:222.13235665572114
Test step:365/500, travel time :236.62356020942408, rewards:-2.827042579650879, queue:0.9542328119277954, delay:0.11582151055335999, throughput:3820
step:3600/3600, q_loss:-3.1560071672882057e-06, rewards:-2.3697915077209473, queue:0.875, delay:0.11527577042579651, throughput:3966
episode:366/500, real avg travel time:216.50680786686837
step:3600/3600, q_loss:-7.939008881092174e-06, rewards:-2.238964080810547, queue:0.848809540271759, delay:0.11409037560224533, throughput:3960
episode:367/500, real avg travel time:213.90126262626262
step:3600/3600, q_loss:6.5797755572324e-06, rewards:-2.8819587230682373, queue:1.0123015642166138, delay:0.11992517113685608, throughput:3932
episode:368/500, real avg travel time:231.25457782299085
step:3600/3600, q_loss:1.5129855455597862e-06, rewards:-2.217235565185547, queue:0.8519841432571411, delay:0.11331171542406082, throughput:3957
episode:369/500, real avg travel time:217.4607025524387
step:3600/3600, q_loss:-4.755285974372075e-06, rewards:-2.449477195739746, queue:0.8951058387756348, delay:0.115877166390419, throughput:3935
episode:370/500, real avg travel time:221.38627700127066
Test step:370/500, travel time :239.9708067940552, rewards:-2.683452606201172, queue:0.891005277633667, delay:0.11325670778751373, throughput:3768
step:3600/3600, q_loss:1.7466565218961074e-06, rewards:-2.3507080078125, queue:0.8695766925811768, delay:0.11473959684371948, throughput:3926
episode:371/500, real avg travel time:223.5303107488538
step:3600/3600, q_loss:-6.527260524712296e-06, rewards:-2.139235734939575, queue:0.8272486925125122, delay:0.1129031702876091, throughput:3926
episode:372/500, real avg travel time:213.84309730005094
step:3600/3600, q_loss:-3.0255321487655037e-06, rewards:-2.1639161109924316, queue:0.8156084418296814, delay:0.11198344081640244, throughput:3929
episode:373/500, real avg travel time:213.82031051158054
step:3600/3600, q_loss:2.3940088188586135e-05, rewards:-2.784890651702881, queue:0.9071428775787354, delay:0.11296802759170532, throughput:3966
episode:374/500, real avg travel time:226.5521936459909
step:3600/3600, q_loss:-4.394862723226349e-06, rewards:-2.2649340629577637, queue:0.8547618985176086, delay:0.11132422834634781, throughput:3932
episode:375/500, real avg travel time:216.61266531027468
Test step:375/500, travel time :246.28484204937615, rewards:-2.8061323165893555, queue:0.908994734287262, delay:0.11105642467737198, throughput:3767
step:3600/3600, q_loss:-4.335119633146354e-06, rewards:-2.2208735942840576, queue:0.837830662727356, delay:0.11285983771085739, throughput:3964
episode:376/500, real avg travel time:210.42482341069626
step:3600/3600, q_loss:5.3139946976443754e-05, rewards:-3.2720065116882324, queue:1.0714285373687744, delay:0.11851468682289124, throughput:3884
episode:377/500, real avg travel time:237.47322348094747
step:3600/3600, q_loss:-1.0358370370037543e-05, rewards:-2.1772799491882324, queue:0.8361111283302307, delay:0.1126086413860321, throughput:3935
episode:378/500, real avg travel time:216.4005082592122
step:3600/3600, q_loss:-7.21020466395809e-06, rewards:-2.3730459213256836, queue:0.8748677372932434, delay:0.1154881939291954, throughput:3926
episode:379/500, real avg travel time:219.82424859908303
step:3600/3600, q_loss:-4.052720719806126e-06, rewards:-2.263099431991577, queue:0.857275128364563, delay:0.11466442048549652, throughput:3918
episode:380/500, real avg travel time:227.32491066870853
Test step:380/500, travel time :235.2870249017038, rewards:-2.2278857231140137, queue:0.8013227581977844, delay:0.10689831525087357, throughput:3815
step:3600/3600, q_loss:4.992003450752236e-05, rewards:-3.2627196311950684, queue:1.0879629850387573, delay:0.11982323229312897, throughput:3915
episode:381/500, real avg travel time:251.50549169859514
step:3600/3600, q_loss:-7.61552502000187e-06, rewards:-2.3701059818267822, queue:0.8798941969871521, delay:0.11642573773860931, throughput:3995
episode:382/500, real avg travel time:224.65607008760952
step:3600/3600, q_loss:-1.2446187206983772e-06, rewards:-2.208113670349121, queue:0.8669312000274658, delay:0.11557121574878693, throughput:3951
episode:383/500, real avg travel time:216.92356365477093
step:3600/3600, q_loss:1.7748736556515926e-07, rewards:-2.49835467338562, queue:0.9160053133964539, delay:0.11695180088281631, throughput:3989
episode:384/500, real avg travel time:234.35748307846578
step:3600/3600, q_loss:-6.699042084316413e-06, rewards:-2.1718051433563232, queue:0.8576719760894775, delay:0.11534520983695984, throughput:4044
episode:385/500, real avg travel time:225.65504451038575
Test step:385/500, travel time :235.4038961038961, rewards:-2.122549533843994, queue:0.7988095283508301, delay:0.10853365063667297, throughput:3850
step:3600/3600, q_loss:-4.53980020312075e-07, rewards:-2.1042399406433105, queue:0.8571428656578064, delay:0.1148190051317215, throughput:4044
episode:386/500, real avg travel time:218.13254203758655
step:3600/3600, q_loss:5.052295131867545e-06, rewards:-2.6834254264831543, queue:0.9505290985107422, delay:0.11826878786087036, throughput:4015
episode:387/500, real avg travel time:240.7785803237858
step:3600/3600, q_loss:4.713909163708902e-05, rewards:-3.003080129623413, queue:0.9817460179328918, delay:0.11896335333585739, throughput:3990
episode:388/500, real avg travel time:239.5862155388471
step:3600/3600, q_loss:-5.956943318273665e-07, rewards:-2.399475336074829, queue:0.9055555462837219, delay:0.11853796988725662, throughput:4025
episode:389/500, real avg travel time:232.65093167701863
step:3600/3600, q_loss:9.494473892522769e-08, rewards:-2.682976245880127, queue:0.9945766925811768, delay:0.12111154198646545, throughput:3981
episode:390/500, real avg travel time:242.68073348404923
Test step:390/500, travel time :257.7266612859833, rewards:-3.5237298011779785, queue:1.0772486925125122, delay:0.11830649524927139, throughput:3717
step:3600/3600, q_loss:-8.536225424096402e-07, rewards:-2.600003719329834, queue:0.9317460060119629, delay:0.11983554065227509, throughput:3951
episode:391/500, real avg travel time:240.09086307263985
step:3600/3600, q_loss:-1.977887384580552e-06, rewards:-2.541085720062256, queue:0.9317460060119629, delay:0.11660291254520416, throughput:3955
episode:392/500, real avg travel time:246.39823008849558
step:3600/3600, q_loss:-8.907910847079216e-07, rewards:-2.392939805984497, queue:0.863095223903656, delay:0.11337699741125107, throughput:3898
episode:393/500, real avg travel time:245.98332478193944
step:3600/3600, q_loss:-5.577384985776411e-06, rewards:-2.446664333343506, queue:0.8932539820671082, delay:0.11407753080129623, throughput:3937
episode:394/500, real avg travel time:245.79527559055117
step:3600/3600, q_loss:0.0002497107026607005, rewards:-4.799212455749512, queue:1.470634937286377, delay:0.12956438958644867, throughput:3884
episode:395/500, real avg travel time:257.49124613800205
Test step:395/500, travel time :311.91896813353566, rewards:-10.265725135803223, queue:2.9166667461395264, delay:0.13354423642158508, throughput:3295
step:3600/3600, q_loss:5.576398252742365e-05, rewards:-3.648798942565918, queue:1.1388888359069824, delay:0.11928606033325195, throughput:3923
episode:396/500, real avg travel time:260.39204690288045
step:3600/3600, q_loss:4.5019781181407674e-06, rewards:-2.51662015914917, queue:0.9058201313018799, delay:0.11344602704048157, throughput:3931
episode:397/500, real avg travel time:237.89595522767743
step:3600/3600, q_loss:-2.9056189103155502e-06, rewards:-2.627258539199829, queue:0.8933862447738647, delay:0.11604299396276474, throughput:3948
episode:398/500, real avg travel time:243.97669706180343
step:3600/3600, q_loss:1.723243153214248e-05, rewards:-3.031099557876587, queue:1.024999976158142, delay:0.11772026866674423, throughput:3970
episode:399/500, real avg travel time:255.37103274559195
step:3600/3600, q_loss:3.962680437123506e-05, rewards:-3.3007025718688965, queue:1.086904764175415, delay:0.1200895681977272, throughput:3909
episode:400/500, real avg travel time:280.8595548733691
Test step:400/500, travel time :238.27923627684964, rewards:-2.521838426589966, queue:0.8797619342803955, delay:0.11263466626405716, throughput:3771
step:3600/3600, q_loss:4.331245759709014e-05, rewards:-3.3728411197662354, queue:1.0824073553085327, delay:0.12247829884290695, throughput:3861
episode:401/500, real avg travel time:252.35560735560736
step:3600/3600, q_loss:1.5152100887563493e-06, rewards:-2.4034857749938965, queue:0.8789682388305664, delay:0.11474666744470596, throughput:3993
episode:402/500, real avg travel time:235.9717004758327
step:3600/3600, q_loss:-1.5270200189358244e-06, rewards:-2.7120442390441895, queue:0.940079391002655, delay:0.11750917881727219, throughput:3969
episode:403/500, real avg travel time:247.4320987654321
step:3600/3600, q_loss:2.8288684956755283e-05, rewards:-3.265974283218384, queue:1.1035714149475098, delay:0.124295674264431, throughput:3939
episode:404/500, real avg travel time:269.75272911906575
step:3600/3600, q_loss:-2.244763001928934e-06, rewards:-2.320528268814087, queue:0.8584656119346619, delay:0.11360344290733337, throughput:3996
episode:405/500, real avg travel time:217.92317317317318
Test step:405/500, travel time :248.6265839849016, rewards:-4.148983001708984, queue:1.2025132179260254, delay:0.11666788905858994, throughput:3709
step:3600/3600, q_loss:9.014723440890925e-06, rewards:-2.435333013534546, queue:0.8818783164024353, delay:0.1120423749089241, throughput:3912
episode:406/500, real avg travel time:215.93813905930472
step:3600/3600, q_loss:-4.188487865677517e-06, rewards:-2.4772608280181885, queue:0.9165343642234802, delay:0.11741383373737335, throughput:3943
episode:407/500, real avg travel time:232.1339081917322
step:3600/3600, q_loss:1.971423278316959e-05, rewards:-3.115628957748413, queue:1.049735426902771, delay:0.11873060464859009, throughput:3956
episode:408/500, real avg travel time:230.96208291203234
step:3600/3600, q_loss:2.823385552296208e-06, rewards:-2.3866665363311768, queue:0.8854497075080872, delay:0.11501637101173401, throughput:3940
episode:409/500, real avg travel time:223.7233502538071
step:3600/3600, q_loss:-4.082784936245945e-06, rewards:-2.286186456680298, queue:0.8621693253517151, delay:0.11356709897518158, throughput:4006
episode:410/500, real avg travel time:226.00923614578133
Test step:410/500, travel time :270.1404266810694, rewards:-3.4612324237823486, queue:1.0179893970489502, delay:0.11307548731565475, throughput:3703
step:3600/3600, q_loss:7.927947679288788e-05, rewards:-3.1293222904205322, queue:1.0616402626037598, delay:0.11672841757535934, throughput:3904
episode:411/500, real avg travel time:237.61219262295083
step:3600/3600, q_loss:-1.2980638227115074e-06, rewards:-2.1369214057922363, queue:0.8333333134651184, delay:0.11175622791051865, throughput:3961
episode:412/500, real avg travel time:215.32087856601868
step:3600/3600, q_loss:3.7390299742886174e-06, rewards:-2.7200608253479004, queue:0.9951058030128479, delay:0.12205975502729416, throughput:3983
episode:413/500, real avg travel time:236.3422043685664
step:3600/3600, q_loss:-1.5920062044945855e-06, rewards:-2.233783006668091, queue:0.8562169075012207, delay:0.11443588882684708, throughput:3944
episode:414/500, real avg travel time:216.2870182555781
step:3600/3600, q_loss:7.869508812695535e-07, rewards:-2.4652273654937744, queue:0.8768518567085266, delay:0.11405520886182785, throughput:3954
episode:415/500, real avg travel time:235.1464339908953
Test step:415/500, travel time :255.68423869413968, rewards:-2.8356266021728516, queue:0.9181216955184937, delay:0.11390288174152374, throughput:3737
step:3600/3600, q_loss:2.9373154070021376e-07, rewards:-2.324479103088379, queue:0.8563492298126221, delay:0.11354696750640869, throughput:3936
episode:416/500, real avg travel time:230.40625
step:3600/3600, q_loss:-9.241912832496584e-06, rewards:-2.089195489883423, queue:0.8125661611557007, delay:0.11183595657348633, throughput:3940
episode:417/500, real avg travel time:231.39467005076142
step:3600/3600, q_loss:1.234879414874336e-05, rewards:-2.503626585006714, queue:0.9103174805641174, delay:0.11456563323736191, throughput:3951
episode:418/500, real avg travel time:234.84813971146545
step:3600/3600, q_loss:1.0209921634264496e-06, rewards:-2.313093662261963, queue:0.858994722366333, delay:0.11514626443386078, throughput:4011
episode:419/500, real avg travel time:232.4764397905759
step:3600/3600, q_loss:0.00011568810069648963, rewards:-3.86987042427063, queue:1.2156084775924683, delay:0.12146539986133575, throughput:3944
episode:420/500, real avg travel time:255.68179513184583
Test step:420/500, travel time :260.237176097303, rewards:-2.9328813552856445, queue:0.9632275104522705, delay:0.11323876678943634, throughput:3782
step:3600/3600, q_loss:-2.3422340746037663e-06, rewards:-2.1866705417633057, queue:0.8222222328186035, delay:0.11085671186447144, throughput:3897
episode:421/500, real avg travel time:230.72542981780856
step:3600/3600, q_loss:2.857430485568734e-06, rewards:-2.6915063858032227, queue:0.9949735403060913, delay:0.12103429436683655, throughput:3999
episode:422/500, real avg travel time:241.74518629657413
step:3600/3600, q_loss:-2.325815472027494e-06, rewards:-2.1749770641326904, queue:0.8357142806053162, delay:0.11196792870759964, throughput:3989
episode:423/500, real avg travel time:226.46402607169716
step:3600/3600, q_loss:4.167728184256702e-06, rewards:-2.3245677947998047, queue:0.8600528836250305, delay:0.11280126869678497, throughput:3993
episode:424/500, real avg travel time:231.89982469321313
step:3600/3600, q_loss:-6.392781344604575e-06, rewards:-2.2685320377349854, queue:0.8489418029785156, delay:0.11151064187288284, throughput:3950
episode:425/500, real avg travel time:231.53696202531646
Test step:425/500, travel time :263.8194879832811, rewards:-3.3389804363250732, queue:1.0574073791503906, delay:0.1102229505777359, throughput:3828
step:3600/3600, q_loss:-5.4273106798063965e-06, rewards:-2.1597492694854736, queue:0.8285714387893677, delay:0.11200283467769623, throughput:3925
episode:426/500, real avg travel time:220.21528662420383
step:3600/3600, q_loss:2.8147914013566656e-05, rewards:-2.774836301803589, queue:0.9156084656715393, delay:0.11352573335170746, throughput:3842
episode:427/500, real avg travel time:228.39198334200938
step:3600/3600, q_loss:-9.917480201693252e-06, rewards:-2.342200756072998, queue:0.8595238327980042, delay:0.11311862617731094, throughput:3923
episode:428/500, real avg travel time:234.40377262299262
step:3600/3600, q_loss:0.00019022577665358162, rewards:-4.528988361358643, queue:1.2928571701049805, delay:0.12117557972669601, throughput:3694
episode:429/500, real avg travel time:252.8316188413644
step:3600/3600, q_loss:-8.365198381296876e-07, rewards:-2.2322754859924316, queue:0.8349206447601318, delay:0.11095923185348511, throughput:3908
episode:430/500, real avg travel time:231.94831115660185
Test step:430/500, travel time :273.68072945019054, rewards:-4.079056262969971, queue:1.1873016357421875, delay:0.12079693377017975, throughput:3674
step:3600/3600, q_loss:-2.5677320485960484e-06, rewards:-2.199496269226074, queue:0.823280394077301, delay:0.10840913653373718, throughput:3938
episode:431/500, real avg travel time:234.45860843067547
step:3600/3600, q_loss:-3.857348080297621e-06, rewards:-2.2228457927703857, queue:0.8350529074668884, delay:0.11250168085098267, throughput:3904
episode:432/500, real avg travel time:251.88422131147541
step:3600/3600, q_loss:-3.839672313511579e-06, rewards:-2.2492973804473877, queue:0.8329365253448486, delay:0.10917376726865768, throughput:3908
episode:433/500, real avg travel time:236.7423234390993
step:3600/3600, q_loss:4.63762257519799e-05, rewards:-2.9169771671295166, queue:1.0187830924987793, delay:0.11695358157157898, throughput:3926
episode:434/500, real avg travel time:259.1462047885889
step:3600/3600, q_loss:4.3813908430618334e-06, rewards:-2.356226921081543, queue:0.8664020895957947, delay:0.11428295820951462, throughput:3903
episode:435/500, real avg travel time:238.27901614142968
Test step:435/500, travel time :260.677874186551, rewards:-3.4403178691864014, queue:1.085185170173645, delay:0.11591298133134842, throughput:3688
step:3600/3600, q_loss:-3.6829499650694845e-06, rewards:-2.241305112838745, queue:0.8380952477455139, delay:0.1109747365117073, throughput:3946
episode:436/500, real avg travel time:243.44830207805373
step:3600/3600, q_loss:3.370269243734785e-06, rewards:-2.641045570373535, queue:0.9140211343765259, delay:0.11575981229543686, throughput:3905
episode:437/500, real avg travel time:243.05070422535212
step:3600/3600, q_loss:5.322527779046343e-05, rewards:-3.1224310398101807, queue:1.0391534566879272, delay:0.11526922136545181, throughput:3927
episode:438/500, real avg travel time:254.62821492233257
step:3600/3600, q_loss:-5.665398526212408e-06, rewards:-2.364478826522827, queue:0.8780423402786255, delay:0.11499989777803421, throughput:3910
episode:439/500, real avg travel time:243.62583120204604
step:3600/3600, q_loss:0.00019047489557932648, rewards:-5.280559539794922, queue:1.4440475702285767, delay:0.12993599474430084, throughput:3810
episode:440/500, real avg travel time:296.8044619422572
Test step:440/500, travel time :314.50069079856314, rewards:-5.344313621520996, queue:1.4694443941116333, delay:0.13133418560028076, throughput:3619
step:3600/3600, q_loss:3.425662483399113e-06, rewards:-2.320613384246826, queue:0.8670634627342224, delay:0.11330778151750565, throughput:3953
episode:441/500, real avg travel time:230.34657222362762
step:3600/3600, q_loss:3.91687877709046e-05, rewards:-3.2287750244140625, queue:1.0496032238006592, delay:0.1163804829120636, throughput:3811
episode:442/500, real avg travel time:260.28942534767776
step:3600/3600, q_loss:0.000278589291135884, rewards:-5.0299553871154785, queue:1.4297618865966797, delay:0.12053747475147247, throughput:3720
episode:443/500, real avg travel time:275.0731182795699
step:3600/3600, q_loss:6.254882512924572e-05, rewards:-2.899988889694214, queue:1.0117725133895874, delay:0.11637667566537857, throughput:3902
episode:444/500, real avg travel time:245.73808303434137
step:3600/3600, q_loss:4.819680373960485e-05, rewards:-3.049095392227173, queue:1.0251322984695435, delay:0.11637041717767715, throughput:3903
episode:445/500, real avg travel time:240.95234435049963
Test step:445/500, travel time :371.12056321501905, rewards:-9.755268096923828, queue:2.5097882747650146, delay:0.15539705753326416, throughput:3409
step:3600/3600, q_loss:4.832566790153376e-06, rewards:-2.322659969329834, queue:0.8920634984970093, delay:0.11603955179452896, throughput:3985
episode:446/500, real avg travel time:233.5914680050188
step:3600/3600, q_loss:-5.208505737957441e-06, rewards:-2.1379075050354004, queue:0.8448412418365479, delay:0.11310652643442154, throughput:3947
episode:447/500, real avg travel time:237.62731188244237
step:3600/3600, q_loss:-1.8430922258024414e-07, rewards:-2.088240385055542, queue:0.8203703761100769, delay:0.11252184957265854, throughput:3894
episode:448/500, real avg travel time:231.80765279917821
step:3600/3600, q_loss:4.435842323194568e-05, rewards:-3.4203145503997803, queue:1.1685185432434082, delay:0.12321223318576813, throughput:3816
episode:449/500, real avg travel time:247.08045073375263
step:3600/3600, q_loss:0.00014139300086147462, rewards:-3.713798999786377, queue:1.162169337272644, delay:0.11691302806138992, throughput:3902
episode:450/500, real avg travel time:261.1801640184521
Test step:450/500, travel time :284.89418859649123, rewards:-4.267806053161621, queue:1.2705026865005493, delay:0.11794520169496536, throughput:3648
step:3600/3600, q_loss:1.1565153221858458e-06, rewards:-2.022908926010132, queue:0.8124338388442993, delay:0.10918454825878143, throughput:3904
episode:451/500, real avg travel time:219.53714139344262
step:3600/3600, q_loss:1.681452429491199e-05, rewards:-2.7143077850341797, queue:0.9734126925468445, delay:0.11533103883266449, throughput:3891
episode:452/500, real avg travel time:240.24646620406065
step:3600/3600, q_loss:-2.877128604773639e-06, rewards:-2.279052734375, queue:0.8466930985450745, delay:0.11248235404491425, throughput:3915
episode:453/500, real avg travel time:235.0212005108557
step:3600/3600, q_loss:-2.728549791047246e-06, rewards:-2.36242413520813, queue:0.8884920477867126, delay:0.10985294729471207, throughput:3870
episode:454/500, real avg travel time:235.26149870801032
step:3600/3600, q_loss:-5.503981325697775e-06, rewards:-2.1686344146728516, queue:0.8341270089149475, delay:0.11153007298707962, throughput:3875
episode:455/500, real avg travel time:229.71432258064516
Test step:455/500, travel time :257.89547710976285, rewards:-4.343929767608643, queue:1.3416666984558105, delay:0.11724410206079483, throughput:3626
step:3600/3600, q_loss:3.2676975954220526e-05, rewards:-3.1834466457366943, queue:1.053174614906311, delay:0.11965023726224899, throughput:3906
episode:456/500, real avg travel time:256.89503328213004
step:3600/3600, q_loss:-4.2020158919816215e-07, rewards:-2.3249597549438477, queue:0.8743386268615723, delay:0.11297028511762619, throughput:3928
episode:457/500, real avg travel time:230.94551934826885
step:3600/3600, q_loss:-7.92150963712225e-06, rewards:-2.1636667251586914, queue:0.823280394077301, delay:0.11231312900781631, throughput:3945
episode:458/500, real avg travel time:231.07528517110265
step:3600/3600, q_loss:2.565055862457181e-05, rewards:-2.682039976119995, queue:0.9373015761375427, delay:0.11180618405342102, throughput:3882
episode:459/500, real avg travel time:244.77717671303452
step:3600/3600, q_loss:-1.1638271826086565e-05, rewards:-2.021672487258911, queue:0.7966931462287903, delay:0.1099400445818901, throughput:3902
episode:460/500, real avg travel time:232.95002562788315
Test step:460/500, travel time :296.1659562375675, rewards:-6.737881183624268, queue:1.726719617843628, delay:0.13416063785552979, throughput:3519
step:3600/3600, q_loss:0.00013618173478688631, rewards:-4.033483028411865, queue:1.2414021492004395, delay:0.12326792627573013, throughput:3967
episode:461/500, real avg travel time:273.9775649105117
step:3600/3600, q_loss:5.782913148222077e-05, rewards:-2.565429925918579, queue:0.8936507701873779, delay:0.1147381141781807, throughput:3878
episode:462/500, real avg travel time:217.69417225373905
step:3600/3600, q_loss:-4.287987232803264e-06, rewards:-2.0503032207489014, queue:0.8123015761375427, delay:0.11066367477178574, throughput:3966
episode:463/500, real avg travel time:224.83661119515884
step:3600/3600, q_loss:4.0209288676528054e-06, rewards:-2.1443920135498047, queue:0.8324074149131775, delay:0.11397800594568253, throughput:3958
episode:464/500, real avg travel time:233.64022233451237
step:3600/3600, q_loss:0.00010306647551866869, rewards:-3.309779167175293, queue:1.0515873432159424, delay:0.11010417342185974, throughput:3915
episode:465/500, real avg travel time:261.89374201787996
Test step:465/500, travel time :275.29564258135684, rewards:-3.654041290283203, queue:1.0992063283920288, delay:0.11513998359441757, throughput:3626
step:3600/3600, q_loss:4.380968877942198e-07, rewards:-2.4124515056610107, queue:0.8501322865486145, delay:0.11066370457410812, throughput:3895
episode:466/500, real avg travel time:234.45288831835686
step:3600/3600, q_loss:-3.7890516978222876e-06, rewards:-2.58036208152771, queue:0.8928571343421936, delay:0.11282926797866821, throughput:3922
episode:467/500, real avg travel time:244.59586945436
step:3600/3600, q_loss:3.280623431136418e-05, rewards:-2.971034526824951, queue:0.9886243343353271, delay:0.11415398865938187, throughput:3929
episode:468/500, real avg travel time:255.90506490201068
step:3600/3600, q_loss:6.06497957455253e-05, rewards:-2.974172592163086, queue:0.9464285969734192, delay:0.11476404219865799, throughput:3870
episode:469/500, real avg travel time:243.33023255813953
step:3600/3600, q_loss:-1.8333464443761235e-06, rewards:-2.309915065765381, queue:0.8357142806053162, delay:0.11090222001075745, throughput:3906
episode:470/500, real avg travel time:241.68023553507425
Test step:470/500, travel time :258.16097170315004, rewards:-2.784675359725952, queue:0.8677248954772949, delay:0.1102619469165802, throughput:3746
step:3600/3600, q_loss:1.7555715910728194e-06, rewards:-2.304955244064331, queue:0.8361111283302307, delay:0.11164221167564392, throughput:3963
episode:471/500, real avg travel time:230.42341660358315
step:3600/3600, q_loss:2.638514747054109e-06, rewards:-2.5352892875671387, queue:0.895370364189148, delay:0.11182351410388947, throughput:3953
episode:472/500, real avg travel time:239.21072603086265
step:3600/3600, q_loss:0.00013549629171999794, rewards:-3.622199058532715, queue:1.122354507446289, delay:0.11605752259492874, throughput:3894
episode:473/500, real avg travel time:277.21443246019516
step:3600/3600, q_loss:1.2386327822847913e-05, rewards:-2.804734468460083, queue:0.9191799163818359, delay:0.11153574287891388, throughput:3891
episode:474/500, real avg travel time:244.39090208172706
step:3600/3600, q_loss:6.420754248716144e-05, rewards:-3.5636420249938965, queue:1.1503968238830566, delay:0.11764689534902573, throughput:4006
episode:475/500, real avg travel time:271.11732401397904
Test step:475/500, travel time :247.67779680365297, rewards:-4.7733941078186035, queue:1.2858465909957886, delay:0.12436804175376892, throughput:3504
step:3600/3600, q_loss:-4.8754391577353495e-06, rewards:-2.341844320297241, queue:0.8703703880310059, delay:0.11127272248268127, throughput:3965
episode:476/500, real avg travel time:237.64968474148802
step:3600/3600, q_loss:5.132944635180239e-06, rewards:-2.6027822494506836, queue:0.8989418148994446, delay:0.11456833779811859, throughput:3942
episode:477/500, real avg travel time:248.33282597666158
step:3600/3600, q_loss:2.682544113162698e-06, rewards:-2.840383291244507, queue:0.9232804179191589, delay:0.11283846199512482, throughput:3900
episode:478/500, real avg travel time:253.23384615384614
step:3600/3600, q_loss:1.3003890166550667e-05, rewards:-3.106306314468384, queue:0.9945766925811768, delay:0.11715501546859741, throughput:3826
episode:479/500, real avg travel time:252.03763721902772
step:3600/3600, q_loss:5.620029696729035e-07, rewards:-2.231508731842041, queue:0.8210317492485046, delay:0.10916969180107117, throughput:3897
episode:480/500, real avg travel time:231.5532460867334
Test step:480/500, travel time :247.78554281141638, rewards:-2.8022162914276123, queue:0.8980158567428589, delay:0.11164472997188568, throughput:3749
step:3600/3600, q_loss:2.9749220427927663e-06, rewards:-2.540022850036621, queue:0.904629647731781, delay:0.1135052964091301, throughput:3883
episode:481/500, real avg travel time:244.898532062838
step:3600/3600, q_loss:5.168472691568443e-06, rewards:-2.7131152153015137, queue:0.9164021015167236, delay:0.11216684430837631, throughput:3877
episode:482/500, real avg travel time:257.94325509414494
step:3600/3600, q_loss:-9.327165510815879e-06, rewards:-2.1179707050323486, queue:0.8080688118934631, delay:0.11009687185287476, throughput:3848
episode:483/500, real avg travel time:236.82718295218297
step:3600/3600, q_loss:8.323635645663469e-05, rewards:-3.5415899753570557, queue:1.146164059638977, delay:0.12063007801771164, throughput:3924
episode:484/500, real avg travel time:300.95871559633025
step:3600/3600, q_loss:9.877562115434557e-05, rewards:-3.4722704887390137, queue:1.120634913444519, delay:0.11415781825780869, throughput:3839
episode:485/500, real avg travel time:256.70070330815315
Test step:485/500, travel time :322.9314804623005, rewards:-5.132259845733643, queue:1.4013227224349976, delay:0.12282125651836395, throughput:3634
step:3600/3600, q_loss:3.6279035460514327e-06, rewards:-2.6429901123046875, queue:0.9001322984695435, delay:0.11224789917469025, throughput:3918
episode:486/500, real avg travel time:245.53037263910159
step:3600/3600, q_loss:0.00013134220708808345, rewards:-3.9915902614593506, queue:1.2087301015853882, delay:0.11951093375682831, throughput:3958
episode:487/500, real avg travel time:260.2604850934816
step:3600/3600, q_loss:6.792046891253752e-06, rewards:-2.389420986175537, queue:0.8714285492897034, delay:0.11154229938983917, throughput:3934
episode:488/500, real avg travel time:227.83731570920182
step:3600/3600, q_loss:3.8606579538383004e-05, rewards:-3.5559144020080566, queue:1.0395503044128418, delay:0.11612072587013245, throughput:3819
episode:489/500, real avg travel time:260.006546216287
step:3600/3600, q_loss:1.532260462732261e-05, rewards:-3.352254867553711, queue:1.0489418506622314, delay:0.11974653601646423, throughput:3926
episode:490/500, real avg travel time:261.356851757514
Test step:490/500, travel time :349.43856391210153, rewards:-9.425226211547852, queue:2.2242064476013184, delay:0.15136295557022095, throughput:3231
step:3600/3600, q_loss:0.0001706223391617338, rewards:-5.214612007141113, queue:1.557010531425476, delay:0.13315337896347046, throughput:3702
episode:491/500, real avg travel time:286.3011885467315
step:3600/3600, q_loss:-4.825907914588848e-06, rewards:-2.9760491847991943, queue:0.9447090029716492, delay:0.11519932746887207, throughput:3961
episode:492/500, real avg travel time:253.93839939409241
step:3600/3600, q_loss:2.5134838425502595e-06, rewards:-3.178934097290039, queue:1.012566089630127, delay:0.11854062974452972, throughput:3876
episode:493/500, real avg travel time:270.8818369453044
step:3600/3600, q_loss:0.0002504578118936883, rewards:-5.16390323638916, queue:1.5451058149337769, delay:0.12052181363105774, throughput:3842
episode:494/500, real avg travel time:278.9229567933368
step:3600/3600, q_loss:3.223232375199182e-05, rewards:-3.4581170082092285, queue:1.113359808921814, delay:0.1179189458489418, throughput:3920
episode:495/500, real avg travel time:263.22908163265305
Test step:495/500, travel time :330.09053618517436, rewards:-11.050379753112793, queue:3.149470806121826, delay:0.12561149895191193, throughput:3413
step:3600/3600, q_loss:3.58955435836429e-06, rewards:-2.8234684467315674, queue:0.9375661611557007, delay:0.1164119690656662, throughput:3888
episode:496/500, real avg travel time:241.1689814814815
step:3600/3600, q_loss:-1.1646854949908125e-06, rewards:-3.0611371994018555, queue:0.9874338507652283, delay:0.11754283308982849, throughput:3925
episode:497/500, real avg travel time:256.0456050955414
step:3600/3600, q_loss:4.9503719088129906e-05, rewards:-3.8668572902679443, queue:1.1832010746002197, delay:0.11998944729566574, throughput:3873
episode:498/500, real avg travel time:272.5380841724761
step:3600/3600, q_loss:1.5494678033671032e-06, rewards:-2.914128303527832, queue:0.9449735283851624, delay:0.1144794449210167, throughput:3916
episode:499/500, real avg travel time:240.76659856996935
Hyperparameters saved to: data/output_data/tsc/sumo_hyperlight_mappo/sumo1x21/c8learned500_sumo1x21_seed2/hyperparameters.json
Loaded best checkpoint for final evaluation
Final Travel Time is 206.6260, mean rewards: -2.0650, queue: 0.8300, delay: 0.1125, throughput: 3845
Total time taken: 22245.222427845
