step:3600/3600, q_loss:0.0002857841214992934, rewards:-12.096393585205078, queue:3.6498677730560303, delay:0.21909458935260773, throughput:3886
episode:0/500, real avg travel time:295.6464230571282
Test step:0/500, travel time :505.94009489916965, rewards:-33.035675048828125, queue:10.023412704467773, delay:0.3665093779563904, throughput:1686
New best TEST travel time 505.9401 at episode 0, saved as best checkpoint
step:3600/3600, q_loss:0.0002467108376246567, rewards:-11.650699615478516, queue:3.5126984119415283, delay:0.21819289028644562, throughput:3958
episode:1/500, real avg travel time:302.0922182920667
step:3600/3600, q_loss:9.284933039452881e-05, rewards:-9.045066833496094, queue:2.953835964202881, delay:0.19451186060905457, throughput:3950
episode:2/500, real avg travel time:290.59645569620255
step:3600/3600, q_loss:0.000123973402272289, rewards:-9.755858421325684, queue:3.077380895614624, delay:0.19878864288330078, throughput:3954
episode:3/500, real avg travel time:293.67324228629235
step:3600/3600, q_loss:6.61987544541868e-05, rewards:-8.975003242492676, queue:2.801058292388916, delay:0.19690775871276855, throughput:3941
episode:4/500, real avg travel time:294.6886577010911
step:3600/3600, q_loss:1.5026973980841124e-05, rewards:-7.525420665740967, queue:2.3870370388031006, delay:0.18413227796554565, throughput:3971
episode:5/500, real avg travel time:276.8682951397633
Test step:5/500, travel time :553.3535414165666, rewards:-34.78701400756836, queue:10.347354888916016, delay:0.3564963638782501, throughput:1666
step:3600/3600, q_loss:4.858255205262039e-06, rewards:-6.777328014373779, queue:2.2513227462768555, delay:0.17719599604606628, throughput:3988
episode:6/500, real avg travel time:277.3525576730191
step:3600/3600, q_loss:3.2569327029503053e-06, rewards:-6.5135064125061035, queue:2.126984119415283, delay:0.17821988463401794, throughput:4014
episode:7/500, real avg travel time:271.16268061783757
step:3600/3600, q_loss:1.463287755743497e-05, rewards:-6.655374526977539, queue:2.115079402923584, delay:0.1799164116382599, throughput:3900
episode:8/500, real avg travel time:275.7553846153846
step:3600/3600, q_loss:0.0001806202173207162, rewards:-7.634495735168457, queue:2.283200979232788, delay:0.17640388011932373, throughput:3884
episode:9/500, real avg travel time:279.82981462409884
step:3600/3600, q_loss:1.3274691203453889e-05, rewards:-6.368679523468018, queue:2.055952310562134, delay:0.17473088204860687, throughput:3996
episode:10/500, real avg travel time:290.22047047047045
Test step:10/500, travel time :448.44827586206895, rewards:-24.2397403717041, queue:6.968121528625488, delay:0.2909681797027588, throughput:2001
New best TEST travel time 448.4483 at episode 10, saved as best checkpoint
step:3600/3600, q_loss:-1.3784730253973975e-05, rewards:-5.3104939460754395, queue:1.7849206924438477, delay:0.16222672164440155, throughput:3993
episode:11/500, real avg travel time:259.08815426997245
step:3600/3600, q_loss:5.56539542028784e-06, rewards:-5.595269203186035, queue:1.8355820178985596, delay:0.16208872199058533, throughput:3971
episode:12/500, real avg travel time:261.37471669604633
step:3600/3600, q_loss:-9.163921074812404e-06, rewards:-5.145884037017822, queue:1.7169312238693237, delay:0.15648514032363892, throughput:3971
episode:13/500, real avg travel time:262.5031478217074
step:3600/3600, q_loss:-2.2166660831620295e-05, rewards:-4.24693489074707, queue:1.4366402626037598, delay:0.14960311353206635, throughput:3963
episode:14/500, real avg travel time:232.62276053494827
step:3600/3600, q_loss:-1.7157094407593832e-05, rewards:-4.333378314971924, queue:1.4345238208770752, delay:0.14914655685424805, throughput:3953
episode:15/500, real avg travel time:232.0688084998735
Test step:15/500, travel time :425.7276726792785, rewards:-19.823833465576172, queue:5.778835773468018, delay:0.24201595783233643, throughput:2273
New best TEST travel time 425.7277 at episode 15, saved as best checkpoint
step:3600/3600, q_loss:2.4409103934885935e-05, rewards:-5.678369998931885, queue:1.8029100894927979, delay:0.15799927711486816, throughput:4013
episode:16/500, real avg travel time:259.7174183902317
step:3600/3600, q_loss:-6.056268466636538e-06, rewards:-4.809683799743652, queue:1.576984167098999, delay:0.15459895133972168, throughput:3989
episode:17/500, real avg travel time:248.62647280020056
step:3600/3600, q_loss:-7.301139541798168e-06, rewards:-4.944516181945801, queue:1.6312168836593628, delay:0.15436124801635742, throughput:4001
episode:18/500, real avg travel time:262.4433891527118
step:3600/3600, q_loss:-1.0133713658433408e-05, rewards:-4.367624759674072, queue:1.450264573097229, delay:0.14777839183807373, throughput:4014
episode:19/500, real avg travel time:253.9922770303936
step:3600/3600, q_loss:-1.1702363877298517e-05, rewards:-4.353905200958252, queue:1.4509259462356567, delay:0.1496126502752304, throughput:3960
episode:20/500, real avg travel time:267.87045454545455
Test step:20/500, travel time :464.36573146292585, rewards:-22.673307418823242, queue:6.107671737670898, delay:0.2400367707014084, throughput:1996
step:3600/3600, q_loss:-2.30119856294348e-06, rewards:-4.475080490112305, queue:1.4791005849838257, delay:0.15083502233028412, throughput:3954
episode:21/500, real avg travel time:248.6651492159838
step:3600/3600, q_loss:7.52309745520405e-05, rewards:-5.7136406898498535, queue:1.7916666269302368, delay:0.15545541048049927, throughput:3887
episode:22/500, real avg travel time:282.534087985593
step:3600/3600, q_loss:-4.350667101486275e-06, rewards:-4.381715774536133, queue:1.411375641822815, delay:0.14514175057411194, throughput:3966
episode:23/500, real avg travel time:249.49823499747856
step:3600/3600, q_loss:-1.5081378983773498e-05, rewards:-4.254525661468506, queue:1.4246032238006592, delay:0.14339284598827362, throughput:4001
episode:24/500, real avg travel time:248.1944513871532
step:3600/3600, q_loss:-9.691939825036873e-06, rewards:-4.138489246368408, queue:1.3785713911056519, delay:0.14353156089782715, throughput:3936
episode:25/500, real avg travel time:243.72408536585365
Test step:25/500, travel time :354.0983272133823, rewards:-16.757001876831055, queue:5.121957778930664, delay:0.21744970977306366, throughput:2451
New best TEST travel time 354.0983 at episode 25, saved as best checkpoint
step:3600/3600, q_loss:3.7734616651303238e-06, rewards:-4.288200378417969, queue:1.4427248239517212, delay:0.14544235169887543, throughput:3942
episode:26/500, real avg travel time:248.58675799086757
step:3600/3600, q_loss:-2.868095826771524e-06, rewards:-3.828923225402832, queue:1.3408730030059814, delay:0.13994306325912476, throughput:4015
episode:27/500, real avg travel time:240.30311332503112
step:3600/3600, q_loss:7.709408237133175e-06, rewards:-3.9868524074554443, queue:1.334259271621704, delay:0.13969184458255768, throughput:3956
episode:28/500, real avg travel time:248.65343781597574
step:3600/3600, q_loss:-1.4498609946005875e-06, rewards:-3.9707634449005127, queue:1.3519841432571411, delay:0.14063076674938202, throughput:4006
episode:29/500, real avg travel time:241.77708437343983
step:3600/3600, q_loss:-9.88926314878174e-06, rewards:-3.477328062057495, queue:1.2287037372589111, delay:0.13515585660934448, throughput:3992
episode:30/500, real avg travel time:237.28306613226454
Test step:30/500, travel time :345.96629213483146, rewards:-12.305562019348145, queue:3.7269840240478516, delay:0.18000492453575134, throughput:3026
New best TEST travel time 345.9663 at episode 30, saved as best checkpoint
step:3600/3600, q_loss:-4.394345806859848e-06, rewards:-3.6545987129211426, queue:1.2818783521652222, delay:0.13702839612960815, throughput:3997
episode:31/500, real avg travel time:228.7755816862647
step:3600/3600, q_loss:6.0087772564859026e-05, rewards:-4.195465564727783, queue:1.4002645015716553, delay:0.13836129009723663, throughput:3915
episode:32/500, real avg travel time:244.37828863346104
step:3600/3600, q_loss:-9.501091456816842e-06, rewards:-3.095708131790161, queue:1.1346560716629028, delay:0.13011810183525085, throughput:3923
episode:33/500, real avg travel time:221.79123120061178
step:3600/3600, q_loss:2.545517054386437e-06, rewards:-3.7621090412139893, queue:1.298015832901001, delay:0.13657468557357788, throughput:3907
episode:34/500, real avg travel time:233.05477348349118
step:3600/3600, q_loss:-7.6203119533602145e-06, rewards:-3.2956697940826416, queue:1.1866402626037598, delay:0.13300657272338867, throughput:3984
episode:35/500, real avg travel time:217.6129518072289
Test step:35/500, travel time :389.0833031510322, rewards:-13.03482437133789, queue:4.207804203033447, delay:0.19294427335262299, throughput:2761
step:3600/3600, q_loss:8.12524497935859e-06, rewards:-3.5414812564849854, queue:1.258201003074646, delay:0.13272495567798615, throughput:3975
episode:36/500, real avg travel time:230.59345911949686
step:3600/3600, q_loss:-9.745593221547703e-06, rewards:-3.3717613220214844, queue:1.2042328119277954, delay:0.13234329223632812, throughput:3981
episode:37/500, real avg travel time:221.1484551620196
step:3600/3600, q_loss:-6.720226924193816e-06, rewards:-3.207364797592163, queue:1.149735450744629, delay:0.1333947628736496, throughput:3962
episode:38/500, real avg travel time:225.06713780918727
step:3600/3600, q_loss:7.01240633336258e-05, rewards:-4.165632247924805, queue:1.424735426902771, delay:0.13837772607803345, throughput:4076
episode:39/500, real avg travel time:230.35083415112857
step:3600/3600, q_loss:-2.4709882078847537e-06, rewards:-3.3061957359313965, queue:1.2175925970077515, delay:0.13329806923866272, throughput:4025
episode:40/500, real avg travel time:223.08745341614906
Test step:40/500, travel time :317.52511591962906, rewards:-14.160237312316895, queue:4.104894161224365, delay:0.21521881222724915, throughput:2588
New best TEST travel time 317.5251 at episode 40, saved as best checkpoint
step:3600/3600, q_loss:-9.23414417128596e-06, rewards:-3.0517401695251465, queue:1.143650770187378, delay:0.1321338266134262, throughput:4002
episode:41/500, real avg travel time:219.2496251874063
step:3600/3600, q_loss:-9.086478611506107e-06, rewards:-3.1952297687530518, queue:1.164814829826355, delay:0.13213804364204407, throughput:4035
episode:42/500, real avg travel time:219.1888475836431
step:3600/3600, q_loss:-7.840839195220421e-06, rewards:-3.2345194816589355, queue:1.1605820655822754, delay:0.1332806795835495, throughput:4011
episode:43/500, real avg travel time:236.37970580902518
step:3600/3600, q_loss:-9.042510605973399e-06, rewards:-3.1009209156036377, queue:1.1308201551437378, delay:0.1331263929605484, throughput:4023
episode:44/500, real avg travel time:234.30400198856574
step:3600/3600, q_loss:-5.926119896078793e-06, rewards:-2.9119229316711426, queue:1.0925925970077515, delay:0.1302916407585144, throughput:4010
episode:45/500, real avg travel time:228.39750623441395
Test step:45/500, travel time :373.5364775239499, rewards:-12.252878189086914, queue:3.8706350326538086, delay:0.20452997088432312, throughput:2714
step:3600/3600, q_loss:-2.509257157928207e-06, rewards:-3.2895469665527344, queue:1.1563491821289062, delay:0.1320103257894516, throughput:4001
episode:46/500, real avg travel time:232.91202199450137
step:3600/3600, q_loss:-1.1262062212659252e-05, rewards:-3.1168060302734375, queue:1.1208994388580322, delay:0.12813767790794373, throughput:3960
episode:47/500, real avg travel time:227.37449494949496
step:3600/3600, q_loss:-8.379309858557665e-06, rewards:-2.928051710128784, queue:1.057010531425476, delay:0.12754610180854797, throughput:3927
episode:48/500, real avg travel time:235.02597402597402
step:3600/3600, q_loss:-5.925344278997121e-06, rewards:-2.870861768722534, queue:1.0517195463180542, delay:0.12584061920642853, throughput:3899
episode:49/500, real avg travel time:225.19902539112593
step:3600/3600, q_loss:9.351208791485988e-05, rewards:-4.368199825286865, queue:1.3869047164916992, delay:0.1336660534143448, throughput:3903
episode:50/500, real avg travel time:262.5846784524725
Test step:50/500, travel time :416.9535498489426, rewards:-15.965916633605957, queue:4.52910041809082, delay:0.23015446960926056, throughput:2648
step:3600/3600, q_loss:-9.614768754949586e-06, rewards:-3.333104133605957, queue:1.1362433433532715, delay:0.13148722052574158, throughput:3896
episode:51/500, real avg travel time:238.6493839835729
step:3600/3600, q_loss:8.870658324061272e-05, rewards:-4.417253494262695, queue:1.4033068418502808, delay:0.13546377420425415, throughput:3891
episode:52/500, real avg travel time:266.1567720380365
step:3600/3600, q_loss:3.909345444602271e-05, rewards:-3.8109700679779053, queue:1.2238094806671143, delay:0.1316596120595932, throughput:3891
episode:53/500, real avg travel time:242.5715754304806
step:3600/3600, q_loss:-1.2702709338757106e-05, rewards:-3.069587230682373, queue:1.088624358177185, delay:0.1302202194929123, throughput:3917
episode:54/500, real avg travel time:234.51442430431453
step:3600/3600, q_loss:-1.1663278160590886e-05, rewards:-3.1605844497680664, queue:1.1243386268615723, delay:0.12838968634605408, throughput:3913
episode:55/500, real avg travel time:236.7331970355226
Test step:55/500, travel time :294.8264412918805, rewards:-8.497615814208984, queue:2.8236773014068604, delay:0.18617616593837738, throughput:3313
New best TEST travel time 294.8264 at episode 55, saved as best checkpoint
step:3600/3600, q_loss:-9.068928920896725e-06, rewards:-3.0622317790985107, queue:1.1035714149475098, delay:0.12933678925037384, throughput:3964
episode:56/500, real avg travel time:230.3092835519677
step:3600/3600, q_loss:7.101940088129292e-05, rewards:-4.603724956512451, queue:1.3764550685882568, delay:0.13648445904254913, throughput:3899
episode:57/500, real avg travel time:275.7409592203129
step:3600/3600, q_loss:-3.968084234252779e-06, rewards:-2.8710341453552246, queue:1.0283068418502808, delay:0.127785325050354, throughput:3960
episode:58/500, real avg travel time:234.7888888888889
step:3600/3600, q_loss:-5.494730915719022e-06, rewards:-2.960242986679077, queue:1.0632275342941284, delay:0.126270592212677, throughput:3988
episode:59/500, real avg travel time:237.83124373119358
step:3600/3600, q_loss:-5.022806767050901e-06, rewards:-2.9772331714630127, queue:1.0621693134307861, delay:0.1261558085680008, throughput:3910
episode:60/500, real avg travel time:237.77161125319694
Test step:60/500, travel time :334.01810282404057, rewards:-14.86790943145752, queue:4.275926113128662, delay:0.1940087378025055, throughput:2762
step:3600/3600, q_loss:-5.569870457596456e-07, rewards:-3.1683287620544434, queue:1.0964285135269165, delay:0.12846966087818146, throughput:3950
episode:61/500, real avg travel time:245.7212658227848
step:3600/3600, q_loss:-5.044858375590087e-06, rewards:-3.126887083053589, queue:1.0972222089767456, delay:0.12942653894424438, throughput:3986
episode:62/500, real avg travel time:234.03612644254892
step:3600/3600, q_loss:6.925164521413131e-05, rewards:-4.070972442626953, queue:1.3326719999313354, delay:0.13533900678157806, throughput:3903
episode:63/500, real avg travel time:264.9303100179349
step:3600/3600, q_loss:-1.0212329733702871e-05, rewards:-3.2045176029205322, queue:1.1431217193603516, delay:0.12910372018814087, throughput:3986
episode:64/500, real avg travel time:241.12694430506772
step:3600/3600, q_loss:-6.490488885901869e-07, rewards:-2.864386558532715, queue:1.0079364776611328, delay:0.12423204630613327, throughput:3939
episode:65/500, real avg travel time:228.6113226707286
Test step:65/500, travel time :258.15052573325954, rewards:-6.197845458984375, queue:2.214153528213501, delay:0.1634753942489624, throughput:3614
New best TEST travel time 258.1505 at episode 65, saved as best checkpoint
step:3600/3600, q_loss:7.402999164898776e-05, rewards:-3.9567158222198486, queue:1.2956348657608032, delay:0.13289454579353333, throughput:3891
episode:66/500, real avg travel time:247.79157029041377
step:3600/3600, q_loss:0.0001163628184359469, rewards:-4.234926223754883, queue:1.3452380895614624, delay:0.13385403156280518, throughput:3870
episode:67/500, real avg travel time:248.09405684754523
step:3600/3600, q_loss:-3.8330771025761755e-06, rewards:-3.134295701980591, queue:1.078703761100769, delay:0.12911705672740936, throughput:3903
episode:68/500, real avg travel time:241.6771714066103
step:3600/3600, q_loss:1.2463805534126652e-05, rewards:-3.6965270042419434, queue:1.233994722366333, delay:0.13411878049373627, throughput:3958
episode:69/500, real avg travel time:254.24583122789286
step:3600/3600, q_loss:3.4521654015406964e-07, rewards:-3.177197217941284, queue:1.1113756895065308, delay:0.13144151866436005, throughput:3966
episode:70/500, real avg travel time:238.2317196167423
Test step:70/500, travel time :252.72348383649478, rewards:-4.372546195983887, queue:1.4158730506896973, delay:0.14132054150104523, throughput:3743
New best TEST travel time 252.7235 at episode 70, saved as best checkpoint
step:3600/3600, q_loss:-2.96366730860124e-06, rewards:-3.100393772125244, queue:1.079100489616394, delay:0.1285354644060135, throughput:3975
episode:71/500, real avg travel time:242.04301886792453
step:3600/3600, q_loss:7.465812248281307e-05, rewards:-4.122149467468262, queue:1.2451058626174927, delay:0.13342291116714478, throughput:3940
episode:72/500, real avg travel time:264.58527918781726
step:3600/3600, q_loss:0.00012713125648183956, rewards:-4.880808353424072, queue:1.4928570985794067, delay:0.1410696804523468, throughput:3871
episode:73/500, real avg travel time:274.5127873934384
step:3600/3600, q_loss:0.00013709331396967174, rewards:-4.659549236297607, queue:1.4302910566329956, delay:0.13633982837200165, throughput:3950
episode:74/500, real avg travel time:269.3643037974684
step:3600/3600, q_loss:4.241108803802894e-06, rewards:-3.3533735275268555, queue:1.1407407522201538, delay:0.13134336471557617, throughput:3948
episode:75/500, real avg travel time:251.73682877406281
Test step:75/500, travel time :321.93908775981527, rewards:-8.610088348388672, queue:2.283465623855591, delay:0.16358011960983276, throughput:3464
step:3600/3600, q_loss:0.00016881975397053692, rewards:-5.042652130126953, queue:1.5538359880447388, delay:0.13672730326652527, throughput:3822
episode:76/500, real avg travel time:283.34013605442175
step:3600/3600, q_loss:-3.000764303982982e-06, rewards:-3.369818687438965, queue:1.1404762268066406, delay:0.13291575014591217, throughput:3958
episode:77/500, real avg travel time:248.88352703385547
step:3600/3600, q_loss:2.023497614168769e-05, rewards:-3.8936400413513184, queue:1.250793695449829, delay:0.13422434031963348, throughput:3951
episode:78/500, real avg travel time:254.05720070868134
step:3600/3600, q_loss:2.4520410240964137e-05, rewards:-3.9954378604888916, queue:1.2771164178848267, delay:0.1384560614824295, throughput:3934
episode:79/500, real avg travel time:253.82867310625318
step:3600/3600, q_loss:5.588983282602082e-05, rewards:-4.416407108306885, queue:1.326984167098999, delay:0.13579751551151276, throughput:3959
episode:80/500, real avg travel time:274.1722657236676
Test step:80/500, travel time :286.4369249035322, rewards:-8.296477317810059, queue:2.56587290763855, delay:0.1610630452632904, throughput:3369
step:3600/3600, q_loss:-3.819265273503131e-06, rewards:-3.8419737815856934, queue:1.2365078926086426, delay:0.13462482392787933, throughput:4015
episode:81/500, real avg travel time:261.2662515566625
step:3600/3600, q_loss:1.4278754679253326e-05, rewards:-4.0302510261535645, queue:1.2763227224349976, delay:0.13535504043102264, throughput:3917
episode:82/500, real avg travel time:269.45979065611436
step:3600/3600, q_loss:3.2610234160933436e-05, rewards:-4.223696231842041, queue:1.318253993988037, delay:0.13736097514629364, throughput:3944
episode:83/500, real avg travel time:266.7624239350913
step:3600/3600, q_loss:2.0221928247742148e-05, rewards:-4.280204772949219, queue:1.3306878805160522, delay:0.1367654800415039, throughput:3945
episode:84/500, real avg travel time:266.11533586818757
step:3600/3600, q_loss:0.00010200912527377821, rewards:-5.394158363342285, queue:1.4981482028961182, delay:0.1428222954273224, throughput:3965
episode:85/500, real avg travel time:309.4131147540984
Test step:85/500, travel time :350.96896127842655, rewards:-13.683777809143066, queue:3.3465609550476074, delay:0.1956808716058731, throughput:3254
step:3600/3600, q_loss:0.00044423187177421316, rewards:-8.706997871398926, queue:2.174206256866455, delay:0.15561974048614502, throughput:3796
episode:86/500, real avg travel time:300.1109062170706
step:3600/3600, q_loss:-2.294003408880801e-06, rewards:-3.7900850772857666, queue:1.2038359642028809, delay:0.13262085616588593, throughput:3960
episode:87/500, real avg travel time:263.45656565656566
step:3600/3600, q_loss:4.947356177985461e-06, rewards:-3.5264811515808105, queue:1.137566089630127, delay:0.1295234113931656, throughput:3883
episode:88/500, real avg travel time:262.0159670357971
step:3600/3600, q_loss:0.0002135917468371594, rewards:-5.701165676116943, queue:1.6387566328048706, delay:0.14329056441783905, throughput:3826
episode:89/500, real avg travel time:326.2692106638787
step:3600/3600, q_loss:-1.3287156131506587e-06, rewards:-3.6438510417938232, queue:1.1361111402511597, delay:0.1320139318704605, throughput:3872
episode:90/500, real avg travel time:274.26756198347107
Test step:90/500, travel time :274.3001605136437, rewards:-3.811138153076172, queue:1.1481481790542603, delay:0.13705629110336304, throughput:3738
step:3600/3600, q_loss:0.00011974463042052877, rewards:-5.559229850769043, queue:1.6656084060668945, delay:0.14122514426708221, throughput:3830
episode:91/500, real avg travel time:288.22819843342035
step:3600/3600, q_loss:8.249803213402628e-05, rewards:-4.9012956619262695, queue:1.4896825551986694, delay:0.13607065379619598, throughput:3894
episode:92/500, real avg travel time:278.16307139188496
step:3600/3600, q_loss:6.962918188138347e-05, rewards:-5.296665668487549, queue:1.5654761791229248, delay:0.14292718470096588, throughput:3950
episode:93/500, real avg travel time:315.11772151898737
step:3600/3600, q_loss:0.0001409200185056155, rewards:-6.037046432495117, queue:1.708994746208191, delay:0.14056898653507233, throughput:3821
episode:94/500, real avg travel time:294.8047631510076
step:3600/3600, q_loss:0.00017325379044955802, rewards:-6.324376106262207, queue:1.7563492059707642, delay:0.14508883655071259, throughput:3898
episode:95/500, real avg travel time:309.2891226269882
Test step:95/500, travel time :362.7424393486208, rewards:-10.662007331848145, queue:2.819047689437866, delay:0.1895744353532791, throughput:3009
step:3600/3600, q_loss:0.0002954638647174256, rewards:-6.969939708709717, queue:1.9133597612380981, delay:0.1463201493024826, throughput:3721
episode:96/500, real avg travel time:281.05939263638805
step:3600/3600, q_loss:0.0001426344634738699, rewards:-5.042646408081055, queue:1.5816137790679932, delay:0.13532380759716034, throughput:3992
episode:97/500, real avg travel time:285.0258016032064
step:3600/3600, q_loss:-7.363386329315189e-06, rewards:-3.997602701187134, queue:1.251190423965454, delay:0.13518376648426056, throughput:3953
episode:98/500, real avg travel time:270.7341259802682
step:3600/3600, q_loss:0.00024917220062990156, rewards:-6.570316791534424, queue:1.8813492059707642, delay:0.14949090778827667, throughput:3824
episode:99/500, real avg travel time:283.0355648535565
step:3600/3600, q_loss:3.2945095881586895e-06, rewards:-3.6933295726776123, queue:1.1824073791503906, delay:0.13406479358673096, throughput:3999
episode:100/500, real avg travel time:265.9687421855464
Test step:100/500, travel time :270.2497329059829, rewards:-4.0986480712890625, queue:1.2132275104522705, delay:0.14221039414405823, throughput:3744
step:3600/3600, q_loss:6.798139090986094e-05, rewards:-4.817716598510742, queue:1.4391534328460693, delay:0.1334669142961502, throughput:3943
episode:101/500, real avg travel time:284.9259447121481
step:3600/3600, q_loss:3.3214716030569334e-05, rewards:-4.864180564880371, queue:1.4952380657196045, delay:0.1421549767255783, throughput:3904
episode:102/500, real avg travel time:295.1308913934426
step:3600/3600, q_loss:0.00014893756144576602, rewards:-5.77940559387207, queue:1.7050265073776245, delay:0.1448364555835724, throughput:3895
episode:103/500, real avg travel time:298.34403080872914
step:3600/3600, q_loss:3.06106181394878e-05, rewards:-4.324138164520264, queue:1.3100528717041016, delay:0.13395200669765472, throughput:3958
episode:104/500, real avg travel time:281.83602829711975
step:3600/3600, q_loss:5.1276392089979104e-05, rewards:-4.896876335144043, queue:1.4037036895751953, delay:0.14125226438045502, throughput:3854
episode:105/500, real avg travel time:269.63362740010376
Test step:105/500, travel time :296.6933407946279, rewards:-5.273625373840332, queue:1.538095235824585, delay:0.1495320349931717, throughput:3574
step:3600/3600, q_loss:0.00012189329548467261, rewards:-5.25742244720459, queue:1.50515878200531, delay:0.13776561617851257, throughput:3898
episode:106/500, real avg travel time:284.29476654694713
step:3600/3600, q_loss:0.00018813794627526982, rewards:-6.559693813323975, queue:1.822619080543518, delay:0.14501239359378815, throughput:3722
episode:107/500, real avg travel time:310.2076840408383
step:3600/3600, q_loss:5.419989934630899e-05, rewards:-5.1840667724609375, queue:1.5334656238555908, delay:0.14542442560195923, throughput:3967
episode:108/500, real avg travel time:285.16334761784725
step:3600/3600, q_loss:0.0001444948184750198, rewards:-6.411888122558594, queue:1.7740740776062012, delay:0.1492292732000351, throughput:3973
episode:109/500, real avg travel time:310.110495846967
step:3600/3600, q_loss:-3.207107106896324e-07, rewards:-4.537408351898193, queue:1.3853174448013306, delay:0.14283977448940277, throughput:3934
episode:110/500, real avg travel time:277.0849008642603
Test step:110/500, travel time :397.6231691078562, rewards:-14.648499488830566, queue:3.566005229949951, delay:0.20393942296504974, throughput:3004
step:3600/3600, q_loss:0.00020676683666857166, rewards:-6.900195121765137, queue:1.7546296119689941, delay:0.15321482717990875, throughput:3820
episode:111/500, real avg travel time:307.3319371727749
step:3600/3600, q_loss:4.8242919001495464e-05, rewards:-5.041261196136475, queue:1.483068823814392, delay:0.14588846266269684, throughput:3929
episode:112/500, real avg travel time:302.3354543140748
step:3600/3600, q_loss:4.966535844788369e-06, rewards:-4.143686294555664, queue:1.2869048118591309, delay:0.13754943013191223, throughput:4014
episode:113/500, real avg travel time:275.339312406577
step:3600/3600, q_loss:3.736397589414588e-05, rewards:-4.74221134185791, queue:1.3604497909545898, delay:0.14041472971439362, throughput:3894
episode:114/500, real avg travel time:282.17103235747305
step:3600/3600, q_loss:4.739006593202551e-05, rewards:-4.363272666931152, queue:1.3194444179534912, delay:0.13464094698429108, throughput:3960
episode:115/500, real avg travel time:270.2108585858586
Test step:115/500, travel time :341.70257917074764, rewards:-14.959046363830566, queue:4.027777671813965, delay:0.19948914647102356, throughput:3063
step:3600/3600, q_loss:0.00013612258262583055, rewards:-5.908440589904785, queue:1.6775132417678833, delay:0.1416768580675125, throughput:3931
episode:116/500, real avg travel time:305.5286186720936
step:3600/3600, q_loss:7.539093995647918e-05, rewards:-5.576347351074219, queue:1.5269840955734253, delay:0.1529562920331955, throughput:3826
episode:117/500, real avg travel time:294.5747516989023
step:3600/3600, q_loss:0.00015372970018587593, rewards:-6.066906929016113, queue:1.78253972530365, delay:0.1534295529127121, throughput:3889
episode:118/500, real avg travel time:304.1969658009771
step:3600/3600, q_loss:2.7960875013377517e-05, rewards:-4.171693801879883, queue:1.258201003074646, delay:0.13353733718395233, throughput:3907
episode:119/500, real avg travel time:271.5876631686716
step:3600/3600, q_loss:5.458553189075448e-05, rewards:-5.038394451141357, queue:1.524735450744629, delay:0.1466405689716339, throughput:3930
episode:120/500, real avg travel time:280.07531806615776
Test step:120/500, travel time :354.967773758632, rewards:-14.888427734375, queue:3.9906084537506104, delay:0.20526717603206635, throughput:3041
step:3600/3600, q_loss:1.6173869274401417e-06, rewards:-4.609762191772461, queue:1.3596560955047607, delay:0.1452951431274414, throughput:3936
episode:121/500, real avg travel time:268.1267784552846
step:3600/3600, q_loss:-5.45060583034582e-06, rewards:-4.202123641967773, queue:1.257275104522705, delay:0.1394089311361313, throughput:3923
episode:122/500, real avg travel time:281.4700484323222
step:3600/3600, q_loss:0.00013674587211830335, rewards:-5.78206729888916, queue:1.6605820655822754, delay:0.1439732164144516, throughput:3841
episode:123/500, real avg travel time:293.14110908617545
step:3600/3600, q_loss:6.909792161119791e-05, rewards:-4.752501964569092, queue:1.3957672119140625, delay:0.14092907309532166, throughput:3864
episode:124/500, real avg travel time:276.96325051759834
step:3600/3600, q_loss:3.8384501466579325e-05, rewards:-4.605721473693848, queue:1.3722221851348877, delay:0.13978266716003418, throughput:3889
episode:125/500, real avg travel time:277.00308562612497
Test step:125/500, travel time :351.4713888029694, rewards:-11.890802383422852, queue:2.8210318088531494, delay:0.18329498171806335, throughput:3233
step:3600/3600, q_loss:-4.0587747611829805e-06, rewards:-4.178647041320801, queue:1.257804274559021, delay:0.14021797478199005, throughput:3918
episode:126/500, real avg travel time:281.3736600306279
step:3600/3600, q_loss:4.9676868446921516e-05, rewards:-4.852357387542725, queue:1.4187830686569214, delay:0.14177054166793823, throughput:3899
episode:127/500, real avg travel time:289.6645293665042
step:3600/3600, q_loss:-1.2896725982298247e-05, rewards:-4.257710933685303, queue:1.2654762268066406, delay:0.14399395883083344, throughput:3977
episode:128/500, real avg travel time:266.93034950968064
step:3600/3600, q_loss:0.0001319959163083695, rewards:-6.035580635070801, queue:1.6828042268753052, delay:0.15307778120040894, throughput:3821
episode:129/500, real avg travel time:298.80319288144466
step:3600/3600, q_loss:0.0003606511305810677, rewards:-8.412398338317871, queue:2.013756513595581, delay:0.16587848961353302, throughput:3683
episode:130/500, real avg travel time:308.3374966060277
Test step:130/500, travel time :330.17344345616266, rewards:-11.905593872070312, queue:2.7445766925811768, delay:0.18118271231651306, throughput:3148
step:3600/3600, q_loss:4.965340041154478e-05, rewards:-5.041820049285889, queue:1.5074074268341064, delay:0.14395280182361603, throughput:3930
episode:131/500, real avg travel time:286.3773536895674
step:3600/3600, q_loss:1.8850605960728393e-06, rewards:-4.082549571990967, queue:1.2550264596939087, delay:0.13719268143177032, throughput:3962
episode:132/500, real avg travel time:271.85966683493183
step:3600/3600, q_loss:0.000141328258258808, rewards:-6.307150840759277, queue:1.7957671880722046, delay:0.14498059451580048, throughput:3857
episode:133/500, real avg travel time:308.09489240342236
step:3600/3600, q_loss:-2.8786884892421465e-06, rewards:-3.862903118133545, queue:1.1900793313980103, delay:0.13460509479045868, throughput:3915
episode:134/500, real avg travel time:257.8641123882503
step:3600/3600, q_loss:3.097902542018952e-05, rewards:-4.283450126647949, queue:1.3346561193466187, delay:0.13556255400180817, throughput:3879
episode:135/500, real avg travel time:267.41711781386954
Test step:135/500, travel time :311.9633923123856, rewards:-12.44323444366455, queue:2.889417886734009, delay:0.1784893274307251, throughput:3278
step:3600/3600, q_loss:5.7557510444894435e-06, rewards:-3.949119806289673, queue:1.2310847043991089, delay:0.13551907241344452, throughput:3956
episode:136/500, real avg travel time:264.5133973710819
step:3600/3600, q_loss:0.0002347250934690237, rewards:-8.067998886108398, queue:2.0752644538879395, delay:0.16589047014713287, throughput:3821
episode:137/500, real avg travel time:340.85736718136616
step:3600/3600, q_loss:-1.9788189901090746e-06, rewards:-3.836719512939453, queue:1.1687830686569214, delay:0.13177059590816498, throughput:3873
episode:138/500, real avg travel time:269.5153627678802
step:3600/3600, q_loss:-3.8780516964228205e-06, rewards:-3.8064630031585693, queue:1.1736772060394287, delay:0.13112644851207733, throughput:3895
episode:139/500, real avg travel time:269.94890885750965
step:3600/3600, q_loss:4.207074541934869e-06, rewards:-3.8421270847320557, queue:1.1846561431884766, delay:0.13511602580547333, throughput:3935
episode:140/500, real avg travel time:264.5468869123253
Test step:140/500, travel time :287.7119123365147, rewards:-15.724102020263672, queue:4.149867534637451, delay:0.19327253103256226, throughput:2829
step:3600/3600, q_loss:9.055082587615794e-05, rewards:-5.085787773132324, queue:1.4599206447601318, delay:0.13813605904579163, throughput:3754
episode:141/500, real avg travel time:264.1864677677144
step:3600/3600, q_loss:0.00015264358630196915, rewards:-5.402966499328613, queue:1.4892857074737549, delay:0.13765333592891693, throughput:3794
episode:142/500, real avg travel time:274.334475487612
step:3600/3600, q_loss:2.462827849538169e-05, rewards:-4.018627643585205, queue:1.2211639881134033, delay:0.1331101506948471, throughput:3934
episode:143/500, real avg travel time:265.2646161667514
step:3600/3600, q_loss:3.464367077362517e-05, rewards:-3.892038583755493, queue:1.2402116060256958, delay:0.13236959278583527, throughput:3895
episode:144/500, real avg travel time:269.9216944801027
step:3600/3600, q_loss:0.00016390063408632866, rewards:-5.577714920043945, queue:1.6343915462493896, delay:0.1416112780570984, throughput:3794
episode:145/500, real avg travel time:305.938323668951
Test step:145/500, travel time :329.1725417439703, rewards:-11.650435447692871, queue:2.841799020767212, delay:0.1803053468465805, throughput:3234
step:3600/3600, q_loss:1.5352734286958973e-05, rewards:-3.8050713539123535, queue:1.2190476655960083, delay:0.1335841864347458, throughput:3895
episode:146/500, real avg travel time:258.9250320924262
step:3600/3600, q_loss:1.4440512556272249e-05, rewards:-3.5240156650543213, queue:1.1429893970489502, delay:0.13095945119857788, throughput:3927
episode:147/500, real avg travel time:259.2225617519735
step:3600/3600, q_loss:1.5091657890783001e-06, rewards:-3.2757561206817627, queue:1.063095211982727, delay:0.12815766036510468, throughput:3942
episode:148/500, real avg travel time:251.28056823947236
step:3600/3600, q_loss:3.5737846499412426e-06, rewards:-3.3241238594055176, queue:1.0847883224487305, delay:0.12832112610340118, throughput:3915
episode:149/500, real avg travel time:240.5139208173691
step:3600/3600, q_loss:8.012591004242292e-06, rewards:-3.659581422805786, queue:1.1972222328186035, delay:0.13112181425094604, throughput:3924
episode:150/500, real avg travel time:252.33129459734965
Test step:150/500, travel time :272.9650776053215, rewards:-4.943246841430664, queue:1.3874338865280151, delay:0.1427476704120636, throughput:3608
step:3600/3600, q_loss:6.346511428192671e-07, rewards:-3.37661075592041, queue:1.1175925731658936, delay:0.13075052201747894, throughput:3921
episode:151/500, real avg travel time:248.37490436113237
step:3600/3600, q_loss:3.512230436576323e-05, rewards:-3.994497299194336, queue:1.1994708776474, delay:0.13319547474384308, throughput:3956
episode:152/500, real avg travel time:262.33847320525786
step:3600/3600, q_loss:6.713957837847475e-05, rewards:-4.522790908813477, queue:1.404365062713623, delay:0.13455845415592194, throughput:3829
episode:153/500, real avg travel time:261.799947767041
step:3600/3600, q_loss:0.00013786784636775134, rewards:-5.2234320640563965, queue:1.5349206924438477, delay:0.13987325131893158, throughput:3916
episode:154/500, real avg travel time:303.1511746680286
step:3600/3600, q_loss:6.358691947146629e-06, rewards:-3.5062248706817627, queue:1.1346560716629028, delay:0.13340610265731812, throughput:4022
episode:155/500, real avg travel time:247.78741919443064
Test step:155/500, travel time :296.17929503191783, rewards:-5.2833991050720215, queue:1.433730125427246, delay:0.14266620576381683, throughput:3603
step:3600/3600, q_loss:9.090676240804087e-05, rewards:-4.983944892883301, queue:1.4579365253448486, delay:0.13695426285266876, throughput:3938
episode:156/500, real avg travel time:277.7219400711021
step:3600/3600, q_loss:5.199437873670832e-06, rewards:-3.1912946701049805, queue:1.0740740299224854, delay:0.12840606272220612, throughput:3986
episode:157/500, real avg travel time:243.89262418464625
step:3600/3600, q_loss:4.4987438417997e-05, rewards:-4.491210460662842, queue:1.3452380895614624, delay:0.13660040497779846, throughput:3970
episode:158/500, real avg travel time:277.0768261964736
step:3600/3600, q_loss:4.795769014486319e-05, rewards:-4.202939987182617, queue:1.3263227939605713, delay:0.13040488958358765, throughput:3936
episode:159/500, real avg travel time:258.0233739837398
step:3600/3600, q_loss:2.536792534455243e-07, rewards:-3.617291212081909, queue:1.164285659790039, delay:0.13259395956993103, throughput:4007
episode:160/500, real avg travel time:255.30172198652357
Test step:160/500, travel time :303.89763001974984, rewards:-11.754262924194336, queue:3.219444513320923, delay:0.17551837861537933, throughput:3038
step:3600/3600, q_loss:-1.4990817160449094e-06, rewards:-3.4530246257781982, queue:1.105555534362793, delay:0.12607739865779877, throughput:3898
episode:161/500, real avg travel time:259.04515135967165
step:3600/3600, q_loss:4.3884153354964736e-05, rewards:-4.150656223297119, queue:1.2894179821014404, delay:0.1319635808467865, throughput:3794
episode:162/500, real avg travel time:283.9024775962045
step:3600/3600, q_loss:7.339420691197221e-05, rewards:-4.411998748779297, queue:1.3720899820327759, delay:0.13596415519714355, throughput:3962
episode:163/500, real avg travel time:282.19459868753154
step:3600/3600, q_loss:0.00015252446982129994, rewards:-5.085761070251465, queue:1.5521163940429688, delay:0.13896684348583221, throughput:3784
episode:164/500, real avg travel time:284.67732558139534
step:3600/3600, q_loss:5.491770134540275e-05, rewards:-4.08962869644165, queue:1.3050264120101929, delay:0.13347961008548737, throughput:3846
episode:165/500, real avg travel time:264.20462818512743
Test step:165/500, travel time :365.63104904189674, rewards:-11.486311912536621, queue:3.3042328357696533, delay:0.16546092927455902, throughput:3079
step:3600/3600, q_loss:-1.377725077165653e-05, rewards:-3.5059654712677, queue:1.1316137313842773, delay:0.1311999410390854, throughput:3944
episode:166/500, real avg travel time:265.34761663286
step:3600/3600, q_loss:1.1219248537802034e-06, rewards:-3.4441094398498535, queue:1.1190476417541504, delay:0.1287994086742401, throughput:3915
episode:167/500, real avg travel time:252.57037037037037
step:3600/3600, q_loss:1.1865447191262825e-05, rewards:-3.267673969268799, queue:1.0977513790130615, delay:0.12890437245368958, throughput:3894
episode:168/500, real avg travel time:258.08474576271186
step:3600/3600, q_loss:2.661984763108194e-06, rewards:-3.2636961936950684, queue:1.0884920358657837, delay:0.12864534556865692, throughput:3930
episode:169/500, real avg travel time:248.1173027989822
step:3600/3600, q_loss:-1.645779815993996e-06, rewards:-3.024988889694214, queue:1.0443121194839478, delay:0.12821991741657257, throughput:3936
episode:170/500, real avg travel time:240.66869918699186
Test step:170/500, travel time :241.84433342098345, rewards:-3.158888816833496, queue:1.0705026388168335, delay:0.13022272288799286, throughput:3803
New best TEST travel time 241.8443 at episode 170, saved as best checkpoint
step:3600/3600, q_loss:6.479137098520166e-06, rewards:-2.9707133769989014, queue:1.0511904954910278, delay:0.1278727501630783, throughput:3941
episode:171/500, real avg travel time:229.03044912458768
step:3600/3600, q_loss:1.836031798221585e-06, rewards:-2.892592668533325, queue:1.0414021015167236, delay:0.12899863719940186, throughput:4017
episode:172/500, real avg travel time:225.75728155339806
step:3600/3600, q_loss:7.399578559367608e-07, rewards:-2.965196371078491, queue:1.0309523344039917, delay:0.12799201905727386, throughput:3951
episode:173/500, real avg travel time:240.91470513793976
step:3600/3600, q_loss:3.7811918041875795e-06, rewards:-2.7963271141052246, queue:0.9853174686431885, delay:0.12304777652025223, throughput:3948
episode:174/500, real avg travel time:229.61955420466057
step:3600/3600, q_loss:3.6507861093721458e-06, rewards:-3.1795740127563477, queue:1.0626983642578125, delay:0.12592275440692902, throughput:3893
episode:175/500, real avg travel time:259.40842537888517
Test step:175/500, travel time :263.0148212728858, rewards:-6.235172748565674, queue:1.6919312477111816, delay:0.14179706573486328, throughput:3441
step:3600/3600, q_loss:9.484614323203762e-06, rewards:-3.1950340270996094, queue:1.1067460775375366, delay:0.12911280989646912, throughput:4030
episode:176/500, real avg travel time:249.648635235732
step:3600/3600, q_loss:2.337776257061503e-06, rewards:-3.1722872257232666, queue:1.0891534090042114, delay:0.12806369364261627, throughput:3981
episode:177/500, real avg travel time:262.9387088671188
step:3600/3600, q_loss:6.261785424107478e-05, rewards:-3.7092854976654053, queue:1.2281745672225952, delay:0.1303868442773819, throughput:3908
episode:178/500, real avg travel time:253.04222108495395
step:3600/3600, q_loss:-3.3073587271954035e-06, rewards:-3.133166551589966, queue:1.067460298538208, delay:0.12778587639331818, throughput:3963
episode:179/500, real avg travel time:251.95584153419128
step:3600/3600, q_loss:8.869039447745308e-06, rewards:-3.3995096683502197, queue:1.131084680557251, delay:0.12863986194133759, throughput:3943
episode:180/500, real avg travel time:263.1498858737002
Test step:180/500, travel time :336.21581887680094, rewards:-8.046233177185059, queue:2.1800265312194824, delay:0.15466424822807312, throughput:3401
step:3600/3600, q_loss:7.264292233028552e-05, rewards:-3.9800829887390137, queue:1.295899510383606, delay:0.13055315613746643, throughput:3968
episode:181/500, real avg travel time:286.88886088709677
step:3600/3600, q_loss:-4.921908031166014e-07, rewards:-3.236762046813965, queue:1.0832010507583618, delay:0.12836897373199463, throughput:3956
episode:182/500, real avg travel time:259.64509605662283
step:3600/3600, q_loss:-3.1680551829696114e-06, rewards:-2.9731945991516113, queue:1.016931176185608, delay:0.1252167671918869, throughput:3939
episode:183/500, real avg travel time:250.45671490225945
step:3600/3600, q_loss:0.00023593980521481071, rewards:-5.756474494934082, queue:1.7123016119003296, delay:0.14374513924121857, throughput:3814
episode:184/500, real avg travel time:306.1481384373361
step:3600/3600, q_loss:4.1233069997461925e-05, rewards:-3.881650447845459, queue:1.2424603700637817, delay:0.13287661969661713, throughput:4020
episode:185/500, real avg travel time:293.5888059701493
Test step:185/500, travel time :319.1620576865894, rewards:-8.753689765930176, queue:2.2063491344451904, delay:0.1623402237892151, throughput:3363
step:3600/3600, q_loss:2.070774636296038e-05, rewards:-3.523648500442505, queue:1.172619104385376, delay:0.13347244262695312, throughput:4002
episode:186/500, real avg travel time:261.5402298850575
step:3600/3600, q_loss:0.00010885156702392528, rewards:-4.938265800476074, queue:1.4338624477386475, delay:0.13692478835582733, throughput:3814
episode:187/500, real avg travel time:269.5508652333508
step:3600/3600, q_loss:4.0987030903731166e-05, rewards:-4.027985095977783, queue:1.2691799402236938, delay:0.13018685579299927, throughput:3825
episode:188/500, real avg travel time:276.99477124183005
step:3600/3600, q_loss:0.00011385046099247929, rewards:-4.824341297149658, queue:1.4919312000274658, delay:0.13583403825759888, throughput:3748
episode:189/500, real avg travel time:299.7497331910352
step:3600/3600, q_loss:2.7438901290426857e-05, rewards:-3.7679507732391357, queue:1.2044973373413086, delay:0.1311894804239273, throughput:3925
episode:190/500, real avg travel time:275.6797452229299
Test step:190/500, travel time :340.01141425389756, rewards:-7.454071521759033, queue:1.9789682626724243, delay:0.14636123180389404, throughput:3592
step:3600/3600, q_loss:2.3997993735570666e-05, rewards:-3.9084889888763428, queue:1.2182539701461792, delay:0.1317233145236969, throughput:3751
episode:191/500, real avg travel time:261.5622500666489
step:3600/3600, q_loss:6.667361206685503e-05, rewards:-4.169033527374268, queue:1.3096561431884766, delay:0.13244187831878662, throughput:4001
episode:192/500, real avg travel time:281.32766808297924
step:3600/3600, q_loss:6.020535155484039e-05, rewards:-4.078915119171143, queue:1.288095235824585, delay:0.1333526074886322, throughput:3895
episode:193/500, real avg travel time:278.9935815147625
step:3600/3600, q_loss:7.982472897209745e-05, rewards:-4.346656322479248, queue:1.3608465194702148, delay:0.13509932160377502, throughput:3896
episode:194/500, real avg travel time:282.66119096509243
step:3600/3600, q_loss:-4.866034416611203e-06, rewards:-3.3897948265075684, queue:1.1252645254135132, delay:0.13148675858974457, throughput:3938
episode:195/500, real avg travel time:270.641188420518
Test step:195/500, travel time :359.71889400921657, rewards:-10.55681324005127, queue:2.6263227462768555, delay:0.16744861006736755, throughput:3255
step:3600/3600, q_loss:-3.099485911661759e-06, rewards:-3.4155032634735107, queue:1.1156084537506104, delay:0.1288479119539261, throughput:3938
episode:196/500, real avg travel time:273.49771457592686
step:3600/3600, q_loss:1.6291113246956633e-06, rewards:-3.37970232963562, queue:1.0978835821151733, delay:0.12960189580917358, throughput:3959
episode:197/500, real avg travel time:269.0275322051023
step:3600/3600, q_loss:0.00013916205061832444, rewards:-5.154922962188721, queue:1.5079364776611328, delay:0.13697075843811035, throughput:3751
episode:198/500, real avg travel time:281.5857104772061
step:3600/3600, q_loss:1.612454604279871e-05, rewards:-3.963688850402832, queue:1.2281745672225952, delay:0.13061830401420593, throughput:3938
episode:199/500, real avg travel time:275.7120365667852
step:3600/3600, q_loss:2.6005671518052826e-05, rewards:-3.8453078269958496, queue:1.1902116537094116, delay:0.12691189348697662, throughput:3882
episode:200/500, real avg travel time:266.44100978876867
Test step:200/500, travel time :333.3225513905683, rewards:-8.364482879638672, queue:2.149470806121826, delay:0.15955087542533875, throughput:3308
step:3600/3600, q_loss:2.9895954260913032e-06, rewards:-3.575866937637329, queue:1.1235449314117432, delay:0.13014933466911316, throughput:3917
episode:201/500, real avg travel time:278.4952769977023
step:3600/3600, q_loss:5.7150138470913386e-05, rewards:-4.733830451965332, queue:1.3853174448013306, delay:0.1373804211616516, throughput:3809
episode:202/500, real avg travel time:316.1722236807561
step:3600/3600, q_loss:4.280334865648506e-06, rewards:-3.1438519954681396, queue:1.0556877851486206, delay:0.124564029276371, throughput:3924
episode:203/500, real avg travel time:247.18832823649336
step:3600/3600, q_loss:0.0001634174750910865, rewards:-5.2446184158325195, queue:1.5728836059570312, delay:0.1343088448047638, throughput:3728
episode:204/500, real avg travel time:269.4246244635193
step:3600/3600, q_loss:-2.8952578658289793e-06, rewards:-3.71193265914917, queue:1.1407407522201538, delay:0.13086293637752533, throughput:3872
episode:205/500, real avg travel time:267.3602789256198
Test step:205/500, travel time :280.8527918781726, rewards:-7.125523090362549, queue:1.7522486448287964, delay:0.14610932767391205, throughput:3349
step:3600/3600, q_loss:0.00012811569977202452, rewards:-4.562809944152832, queue:1.4280422925949097, delay:0.1297370046377182, throughput:3859
episode:206/500, real avg travel time:281.9893754858772
step:3600/3600, q_loss:3.662586952689e-05, rewards:-4.159882068634033, queue:1.2391533851623535, delay:0.1309814751148224, throughput:3852
episode:207/500, real avg travel time:276.1072170301142
step:3600/3600, q_loss:4.77743099812263e-05, rewards:-3.744906187057495, queue:1.1948412656784058, delay:0.12792424857616425, throughput:3970
episode:208/500, real avg travel time:255.383879093199
step:3600/3600, q_loss:1.215807666691641e-06, rewards:-3.3497490882873535, queue:1.0650793313980103, delay:0.12771260738372803, throughput:3943
episode:209/500, real avg travel time:257.2766928734466
step:3600/3600, q_loss:1.625120009218032e-05, rewards:-3.5964741706848145, queue:1.1170635223388672, delay:0.12856236100196838, throughput:3963
episode:210/500, real avg travel time:258.5049205147615
Test step:210/500, travel time :304.03598820059, rewards:-9.676976203918457, queue:2.2882275581359863, delay:0.15927691757678986, throughput:3390
step:3600/3600, q_loss:1.6897335363965894e-05, rewards:-3.288029193878174, queue:1.1015872955322266, delay:0.12900333106517792, throughput:4017
episode:211/500, real avg travel time:260.5053522529251
step:3600/3600, q_loss:4.522987688283643e-06, rewards:-3.104552984237671, queue:1.0361111164093018, delay:0.12341203540563583, throughput:3940
episode:212/500, real avg travel time:241.83248730964468
step:3600/3600, q_loss:4.052288002438016e-06, rewards:-3.3957059383392334, queue:1.1027777194976807, delay:0.12747707962989807, throughput:3960
episode:213/500, real avg travel time:250.25858585858586
step:3600/3600, q_loss:2.317553864688509e-06, rewards:-2.9038891792297363, queue:0.9985449910163879, delay:0.12462467700242996, throughput:3934
episode:214/500, real avg travel time:249.2702084392476
step:3600/3600, q_loss:2.2333078959491104e-06, rewards:-3.0316009521484375, queue:1.029365062713623, delay:0.12547755241394043, throughput:3911
episode:215/500, real avg travel time:241.70928151367937
Test step:215/500, travel time :237.36557722720084, rewards:-3.0308682918548584, queue:1.0175925493240356, delay:0.12556913495063782, throughput:3794
New best TEST travel time 237.3656 at episode 215, saved as best checkpoint
step:3600/3600, q_loss:1.636537975476434e-06, rewards:-2.92323637008667, queue:0.9968253970146179, delay:0.12416598945856094, throughput:3915
episode:216/500, real avg travel time:247.76500638569604
step:3600/3600, q_loss:-2.021925886058145e-06, rewards:-3.035146474838257, queue:1.036375641822815, delay:0.12644127011299133, throughput:3973
episode:217/500, real avg travel time:247.176440976592
step:3600/3600, q_loss:-7.984588187860532e-07, rewards:-2.652785539627075, queue:0.9558200836181641, delay:0.12443484365940094, throughput:3936
episode:218/500, real avg travel time:232.7243394308943
step:3600/3600, q_loss:5.149420919931597e-06, rewards:-2.9438092708587646, queue:1.0212962627410889, delay:0.12544690072536469, throughput:3883
episode:219/500, real avg travel time:243.3654390934844
step:3600/3600, q_loss:-1.8180962797487155e-06, rewards:-2.886124610900879, queue:1.015211582183838, delay:0.12416480481624603, throughput:3920
episode:220/500, real avg travel time:239.3783163265306
Test step:220/500, travel time :247.23260121725323, rewards:-3.1781463623046875, queue:1.0597883462905884, delay:0.1279742568731308, throughput:3779
step:3600/3600, q_loss:0.0001311986676430226, rewards:-4.1997294425964355, queue:1.2929893732070923, delay:0.12964674830436707, throughput:3938
episode:221/500, real avg travel time:249.83138649060436
step:3600/3600, q_loss:4.047842594445683e-06, rewards:-2.812826156616211, queue:0.9940476417541504, delay:0.1236453577876091, throughput:3933
episode:222/500, real avg travel time:240.34782608695653
step:3600/3600, q_loss:-6.725439177696697e-06, rewards:-3.016446828842163, queue:1.0219576358795166, delay:0.12617231905460358, throughput:3945
episode:223/500, real avg travel time:254.12471482889734
step:3600/3600, q_loss:6.136874839689376e-06, rewards:-2.952723503112793, queue:1.008201003074646, delay:0.12407620996236801, throughput:3891
episode:224/500, real avg travel time:243.8301207915703
step:3600/3600, q_loss:-1.2153547787521448e-06, rewards:-2.8125505447387695, queue:0.9863756895065308, delay:0.12242843955755234, throughput:3937
episode:225/500, real avg travel time:247.8737617475235
Test step:225/500, travel time :272.51766342141866, rewards:-4.89520788192749, queue:1.4439153671264648, delay:0.12450643628835678, throughput:3595
step:3600/3600, q_loss:-4.912897081036742e-06, rewards:-2.7458605766296387, queue:0.9821428656578064, delay:0.12097840756177902, throughput:3934
episode:226/500, real avg travel time:232.05948144382307
step:3600/3600, q_loss:0.00012946486935511023, rewards:-4.743880271911621, queue:1.4335979223251343, delay:0.13214358687400818, throughput:3814
episode:227/500, real avg travel time:248.08730991085474
step:3600/3600, q_loss:0.0001862730250448092, rewards:-5.045666217803955, queue:1.3798941373825073, delay:0.13035619258880615, throughput:3770
episode:228/500, real avg travel time:264.7185676392573
step:3600/3600, q_loss:1.0074433602211582e-06, rewards:-2.869861125946045, queue:0.9933862686157227, delay:0.12223596125841141, throughput:3906
episode:229/500, real avg travel time:246.97491039426524
step:3600/3600, q_loss:1.246696152116379e-05, rewards:-3.0074191093444824, queue:1.0357142686843872, delay:0.12339190393686295, throughput:3979
episode:230/500, real avg travel time:233.25307866298064
Test step:230/500, travel time :237.38779840848807, rewards:-3.2809698581695557, queue:1.0846561193466187, delay:0.123609259724617, throughput:3770
step:3600/3600, q_loss:-6.488638488614621e-06, rewards:-2.6248514652252197, queue:0.9492063522338867, delay:0.11910280585289001, throughput:3949
episode:231/500, real avg travel time:229.18561661180047
step:3600/3600, q_loss:4.9298801362359274e-06, rewards:-3.32968807220459, queue:1.1144180297851562, delay:0.1284690648317337, throughput:4052
episode:232/500, real avg travel time:244.1976801579467
step:3600/3600, q_loss:7.334833854757664e-07, rewards:-2.8607442378997803, queue:0.9834656119346619, delay:0.12280670553445816, throughput:4000
episode:233/500, real avg travel time:238.71825
step:3600/3600, q_loss:6.610841875145626e-06, rewards:-2.6252408027648926, queue:0.9657407402992249, delay:0.120346300303936, throughput:3976
episode:234/500, real avg travel time:219.51383299798792
step:3600/3600, q_loss:3.0691800121631886e-06, rewards:-2.774820566177368, queue:0.9929894208908081, delay:0.12310968339443207, throughput:4065
episode:235/500, real avg travel time:227.28093480934808
Test step:235/500, travel time :211.1135463427515, rewards:-2.4892170429229736, queue:0.9205026626586914, delay:0.11785527318716049, throughput:3787
New best TEST travel time 211.1135 at episode 235, saved as best checkpoint
step:3600/3600, q_loss:-3.591506699902109e-06, rewards:-2.621784210205078, queue:0.9620370268821716, delay:0.12207938730716705, throughput:4064
episode:236/500, real avg travel time:222.84030511811022
step:3600/3600, q_loss:-3.5662387542995727e-06, rewards:-2.5829691886901855, queue:0.942724883556366, delay:0.11912120133638382, throughput:4011
episode:237/500, real avg travel time:219.05534779356768
step:3600/3600, q_loss:2.0246842824336557e-06, rewards:-2.6068012714385986, queue:0.9478836059570312, delay:0.12038222700357437, throughput:3951
episode:238/500, real avg travel time:221.34624145785878
step:3600/3600, q_loss:8.765661752679282e-06, rewards:-3.040804386138916, queue:1.0793651342391968, delay:0.12580734491348267, throughput:4020
episode:239/500, real avg travel time:237.85746268656717
step:3600/3600, q_loss:5.053178780750992e-05, rewards:-3.4090793132781982, queue:1.1388888359069824, delay:0.12504273653030396, throughput:3982
episode:240/500, real avg travel time:242.86715218483175
Test step:240/500, travel time :235.2532450331126, rewards:-2.9614624977111816, queue:1.0021164417266846, delay:0.1243453249335289, throughput:3775
step:3600/3600, q_loss:3.572715997708858e-05, rewards:-3.3525445461273193, queue:1.0596561431884766, delay:0.12250731885433197, throughput:3913
episode:241/500, real avg travel time:228.26271403015588
step:3600/3600, q_loss:-2.1625118582354236e-06, rewards:-2.7523281574249268, queue:0.9708994626998901, delay:0.12089145183563232, throughput:3978
episode:242/500, real avg travel time:233.37883358471595
step:3600/3600, q_loss:-7.96349672277251e-06, rewards:-2.5183019638061523, queue:0.9456349015235901, delay:0.11966731399297714, throughput:4009
episode:243/500, real avg travel time:225.47642803691693
step:3600/3600, q_loss:-4.313576694888373e-06, rewards:-2.6048574447631836, queue:0.9588624238967896, delay:0.12132889777421951, throughput:3926
episode:244/500, real avg travel time:221.7949566989302
step:3600/3600, q_loss:1.860544782377676e-06, rewards:-2.772299289703369, queue:0.9777777791023254, delay:0.12106694281101227, throughput:4018
episode:245/500, real avg travel time:233.89372822299651
Test step:245/500, travel time :258.8267526188558, rewards:-3.776625156402588, queue:1.2269841432571411, delay:0.1277157962322235, throughput:3723
step:3600/3600, q_loss:0.00015441376769255536, rewards:-4.666916847229004, queue:1.3661376237869263, delay:0.12881970405578613, throughput:3968
episode:246/500, real avg travel time:280.7852822580645
step:3600/3600, q_loss:-3.9575990942668997e-07, rewards:-2.610854387283325, queue:0.9457672238349915, delay:0.11910024285316467, throughput:3980
episode:247/500, real avg travel time:240.94120603015077
step:3600/3600, q_loss:7.464791136347533e-05, rewards:-3.526435375213623, queue:1.1694444417953491, delay:0.12396757304668427, throughput:3883
episode:248/500, real avg travel time:251.54674220963173
step:3600/3600, q_loss:1.3295156208591329e-05, rewards:-2.864062547683716, queue:0.9989417791366577, delay:0.11974713951349258, throughput:3912
episode:249/500, real avg travel time:241.78425357873212
step:3600/3600, q_loss:6.415089818700734e-05, rewards:-3.612657308578491, queue:1.1664021015167236, delay:0.12330211699008942, throughput:3853
episode:250/500, real avg travel time:255.74695042823774
Test step:250/500, travel time :247.85808493801107, rewards:-3.033736228942871, queue:1.0342592000961304, delay:0.12745274603366852, throughput:3791
step:3600/3600, q_loss:5.249375357784124e-06, rewards:-2.746020555496216, queue:0.9743386507034302, delay:0.11924092471599579, throughput:3949
episode:251/500, real avg travel time:233.94935426690301
step:3600/3600, q_loss:7.675483114629363e-06, rewards:-2.485167980194092, queue:0.914814829826355, delay:0.11801798641681671, throughput:3948
episode:252/500, real avg travel time:233.40273556231003
step:3600/3600, q_loss:-5.002049996013133e-06, rewards:-2.5785341262817383, queue:0.9529100656509399, delay:0.1221042051911354, throughput:3971
episode:253/500, real avg travel time:236.72928733316544
step:3600/3600, q_loss:0.0001081420482983554, rewards:-3.8757171630859375, queue:1.20119047164917, delay:0.12471917271614075, throughput:3872
episode:254/500, real avg travel time:251.96539256198346
step:3600/3600, q_loss:2.7579840712456238e-08, rewards:-2.8208563327789307, queue:0.9750000238418579, delay:0.12102333456277847, throughput:3913
episode:255/500, real avg travel time:249.26118067978533
Test step:255/500, travel time :252.27275160599572, rewards:-3.160776376724243, queue:1.0376983880996704, delay:0.12505532801151276, throughput:3736
step:3600/3600, q_loss:2.7965806010696624e-06, rewards:-2.5281546115875244, queue:0.9179894328117371, delay:0.12053452432155609, throughput:3962
episode:256/500, real avg travel time:239.0073195355881
step:3600/3600, q_loss:-2.462353384342148e-06, rewards:-2.6778626441955566, queue:0.9534391760826111, delay:0.12082429975271225, throughput:3925
episode:257/500, real avg travel time:240.331974522293
step:3600/3600, q_loss:-6.89211285336771e-07, rewards:-2.562155246734619, queue:0.945105791091919, delay:0.12149138003587723, throughput:4021
episode:258/500, real avg travel time:236.9830887838846
step:3600/3600, q_loss:0.00010739144361448578, rewards:-4.17422342300415, queue:1.2801587581634521, delay:0.129283607006073, throughput:4000
episode:259/500, real avg travel time:251.6135
step:3600/3600, q_loss:6.083684828708e-05, rewards:-3.42978572845459, queue:1.1387566328048706, delay:0.1234581246972084, throughput:3976
episode:260/500, real avg travel time:244.59934607645874
Test step:260/500, travel time :260.3962864721485, rewards:-4.275521278381348, queue:1.2966930866241455, delay:0.13215310871601105, throughput:3770
step:3600/3600, q_loss:6.727003011393309e-05, rewards:-3.411475896835327, queue:1.1611111164093018, delay:0.12677817046642303, throughput:4004
episode:261/500, real avg travel time:235.41708291708292
step:3600/3600, q_loss:-5.143307498656214e-06, rewards:-2.4718713760375977, queue:0.9296296238899231, delay:0.11944439262151718, throughput:3949
episode:262/500, real avg travel time:229.419853127374
step:3600/3600, q_loss:-1.966247792653222e-06, rewards:-2.5721991062164307, queue:0.9649471044540405, delay:0.1203402653336525, throughput:4048
episode:263/500, real avg travel time:227.55854743083003
step:3600/3600, q_loss:4.581460913565631e-05, rewards:-3.453770637512207, queue:1.0977513790130615, delay:0.12695401906967163, throughput:4006
episode:264/500, real avg travel time:240.6862206689965
step:3600/3600, q_loss:1.7925400445367106e-06, rewards:-2.507237672805786, queue:0.9421957731246948, delay:0.12222982197999954, throughput:3985
episode:265/500, real avg travel time:229.23789209535758
Test step:265/500, travel time :234.67232687715574, rewards:-3.06512713432312, queue:1.046296238899231, delay:0.12798859179019928, throughput:3769
step:3600/3600, q_loss:-1.3739510096557851e-06, rewards:-2.641188144683838, queue:0.9492063522338867, delay:0.12150812894105911, throughput:3973
episode:266/500, real avg travel time:224.1558016612132
step:3600/3600, q_loss:1.8217138858744875e-06, rewards:-2.946027994155884, queue:1.007804274559021, delay:0.12442661821842194, throughput:3961
episode:267/500, real avg travel time:239.79373895480938
step:3600/3600, q_loss:-3.545333412249521e-06, rewards:-2.55393123626709, queue:0.9332010746002197, delay:0.12160105258226395, throughput:3932
episode:268/500, real avg travel time:221.69175991861647
step:3600/3600, q_loss:0.00011288271974384164, rewards:-4.049883842468262, queue:1.2321428060531616, delay:0.12175352871417999, throughput:3943
episode:269/500, real avg travel time:235.87572914024855
step:3600/3600, q_loss:1.079536660755467e-06, rewards:-2.6230862140655518, queue:0.9550264477729797, delay:0.12157200276851654, throughput:4058
episode:270/500, real avg travel time:221.13676688023656
Test step:270/500, travel time :247.89875473741202, rewards:-3.568506956100464, queue:1.1783069372177124, delay:0.1266053169965744, throughput:3694
step:3600/3600, q_loss:3.0918078765454185e-06, rewards:-2.331425189971924, queue:0.9084656238555908, delay:0.11782071739435196, throughput:4022
episode:271/500, real avg travel time:218.8652411735455
step:3600/3600, q_loss:7.514507055424878e-05, rewards:-3.3634066581726074, queue:1.1376984119415283, delay:0.12483159452676773, throughput:4035
episode:272/500, real avg travel time:248.6101610904585
step:3600/3600, q_loss:8.184214942351294e-05, rewards:-3.5933992862701416, queue:1.1931216716766357, delay:0.12444625794887543, throughput:4003
episode:273/500, real avg travel time:250.71646265301024
step:3600/3600, q_loss:4.492210589685581e-06, rewards:-2.628396987915039, queue:0.9571428298950195, delay:0.12136957049369812, throughput:4062
episode:274/500, real avg travel time:222.45150172328903
step:3600/3600, q_loss:-4.358857646972562e-07, rewards:-2.6961002349853516, queue:0.9687830805778503, delay:0.12189944833517075, throughput:4033
episode:275/500, real avg travel time:223.2221671212497
Test step:275/500, travel time :236.16887944768985, rewards:-2.991712808609009, queue:1.0101852416992188, delay:0.12243180721998215, throughput:3766
step:3600/3600, q_loss:-4.405082452447257e-06, rewards:-2.5348379611968994, queue:0.9252645373344421, delay:0.11899733543395996, throughput:3962
episode:276/500, real avg travel time:223.42705704189802
step:3600/3600, q_loss:-2.401567124050214e-06, rewards:-2.6229395866394043, queue:0.9567460417747498, delay:0.12227313220500946, throughput:4048
episode:277/500, real avg travel time:225.3838932806324
step:3600/3600, q_loss:4.8037216604118135e-06, rewards:-2.6108009815216064, queue:0.9534391760826111, delay:0.1210431158542633, throughput:3997
episode:278/500, real avg travel time:223.07430572929698
step:3600/3600, q_loss:4.9330512006741224e-06, rewards:-2.464451789855957, queue:0.9153439402580261, delay:0.1180104985833168, throughput:3980
episode:279/500, real avg travel time:220.28467336683417
step:3600/3600, q_loss:5.552313915460319e-05, rewards:-3.317692279815674, queue:1.1044973134994507, delay:0.12266165763139725, throughput:3955
episode:280/500, real avg travel time:232.2834386852086
Test step:280/500, travel time :234.98012191889742, rewards:-2.9640135765075684, queue:1.0190476179122925, delay:0.12339862436056137, throughput:3773
step:3600/3600, q_loss:4.775737680675875e-07, rewards:-2.4488306045532227, queue:0.9283068776130676, delay:0.11819583177566528, throughput:3950
episode:281/500, real avg travel time:219.3746835443038
step:3600/3600, q_loss:5.754978095258896e-07, rewards:-2.4820075035095215, queue:0.922354519367218, delay:0.11700042337179184, throughput:3964
episode:282/500, real avg travel time:219.941473259334
step:3600/3600, q_loss:-5.611642134479351e-07, rewards:-2.2791879177093506, queue:0.8920634984970093, delay:0.11705642193555832, throughput:3919
episode:283/500, real avg travel time:214.97473845368717
step:3600/3600, q_loss:-1.6554202577228553e-06, rewards:-2.6145389080047607, queue:0.9592592716217041, delay:0.12146051228046417, throughput:3951
episode:284/500, real avg travel time:223.69147051379397
step:3600/3600, q_loss:1.5438638203906723e-06, rewards:-2.4952566623687744, queue:0.9261904954910278, delay:0.11811995506286621, throughput:3949
episode:285/500, real avg travel time:223.03013421119272
Test step:285/500, travel time :242.74443855932202, rewards:-2.9729464054107666, queue:1.0544973611831665, delay:0.12816034257411957, throughput:3776
step:3600/3600, q_loss:-8.575275084391857e-07, rewards:-2.500213861465454, queue:0.9379629492759705, delay:0.11959696561098099, throughput:3983
episode:286/500, real avg travel time:224.4190308812453
step:3600/3600, q_loss:-1.0195575871168532e-06, rewards:-2.1038193702697754, queue:0.8559523820877075, delay:0.11571751534938812, throughput:3964
episode:287/500, real avg travel time:219.68819374369323
step:3600/3600, q_loss:3.8432298929870334e-06, rewards:-2.550870180130005, queue:0.9260581731796265, delay:0.11738952994346619, throughput:3946
episode:288/500, real avg travel time:221.52306132792702
step:3600/3600, q_loss:-5.431389339112987e-06, rewards:-2.242534875869751, queue:0.892724871635437, delay:0.11682257056236267, throughput:3993
episode:289/500, real avg travel time:219.61482594540445
step:3600/3600, q_loss:-6.470157839228503e-06, rewards:-2.2702391147613525, queue:0.8884920477867126, delay:0.11841930449008942, throughput:4019
episode:290/500, real avg travel time:221.3891515302314
Test step:290/500, travel time :225.93810903344746, rewards:-2.660761594772339, queue:0.9785714149475098, delay:0.12341809272766113, throughput:3797
step:3600/3600, q_loss:2.5741319809134844e-06, rewards:-2.5892460346221924, queue:0.9542328119277954, delay:0.11898636072874069, throughput:4048
episode:291/500, real avg travel time:231.03680830039525
step:3600/3600, q_loss:-4.259970107038195e-07, rewards:-2.278014898300171, queue:0.8636243343353271, delay:0.11628574877977371, throughput:3991
episode:292/500, real avg travel time:219.4419944875971
step:3600/3600, q_loss:-2.0968444005120544e-06, rewards:-2.3083627223968506, queue:0.8957672119140625, delay:0.11626093834638596, throughput:4031
episode:293/500, real avg travel time:218.55197221533118
step:3600/3600, q_loss:-7.605553360513619e-06, rewards:-2.1148438453674316, queue:0.8597883582115173, delay:0.11530384421348572, throughput:4013
episode:294/500, real avg travel time:217.10166957388486
step:3600/3600, q_loss:-5.199017565852652e-06, rewards:-2.284905433654785, queue:0.8859788179397583, delay:0.11607478559017181, throughput:3915
episode:295/500, real avg travel time:212.87330779054918
Test step:295/500, travel time :223.4127983215316, rewards:-2.6979126930236816, queue:0.9693121910095215, delay:0.12001517415046692, throughput:3813
step:3600/3600, q_loss:-5.749166868756422e-06, rewards:-2.1860530376434326, queue:0.8595238327980042, delay:0.11732237786054611, throughput:4033
episode:296/500, real avg travel time:209.7584924373915
step:3600/3600, q_loss:-4.958895038321821e-06, rewards:-2.2680866718292236, queue:0.8712962865829468, delay:0.11502683907747269, throughput:3995
episode:297/500, real avg travel time:212.78973717146434
step:3600/3600, q_loss:-6.417930611254027e-07, rewards:-2.368757486343384, queue:0.8865079283714294, delay:0.11584700644016266, throughput:3978
episode:298/500, real avg travel time:220.66666666666666
step:3600/3600, q_loss:-5.236003845412698e-06, rewards:-2.579270839691162, queue:0.9436507821083069, delay:0.11876194924116135, throughput:3976
episode:299/500, real avg travel time:229.54024144869214
step:3600/3600, q_loss:3.848757033766661e-06, rewards:-2.374242067337036, queue:0.9052910208702087, delay:0.11703713238239288, throughput:3916
episode:300/500, real avg travel time:218.89274770173645
Test step:300/500, travel time :234.99236842105262, rewards:-2.988819122314453, queue:1.0230158567428589, delay:0.12389012426137924, throughput:3800
step:3600/3600, q_loss:-1.069475955672614e-05, rewards:-2.257282257080078, queue:0.8911375403404236, delay:0.11759964376688004, throughput:3978
episode:301/500, real avg travel time:217.39240824534943
step:3600/3600, q_loss:5.718771774101899e-05, rewards:-3.2430574893951416, queue:1.0519840717315674, delay:0.12225527316331863, throughput:3949
episode:302/500, real avg travel time:237.43099518865534
step:3600/3600, q_loss:3.825694875558838e-07, rewards:-2.439051389694214, queue:0.8996031880378723, delay:0.11722073704004288, throughput:3962
episode:303/500, real avg travel time:221.58581524482585
step:3600/3600, q_loss:1.69326926374601e-06, rewards:-2.3666932582855225, queue:0.8936507701873779, delay:0.117033451795578, throughput:3975
episode:304/500, real avg travel time:230.81660377358492
step:3600/3600, q_loss:5.048708084763752e-06, rewards:-2.4568417072296143, queue:0.9268518686294556, delay:0.11876154690980911, throughput:4006
episode:305/500, real avg travel time:221.90014977533698
Test step:305/500, travel time :271.13143919277746, rewards:-3.641448974609375, queue:1.208994746208191, delay:0.12781809270381927, throughput:3766
step:3600/3600, q_loss:7.902797911406702e-05, rewards:-3.2054483890533447, queue:1.103835940361023, delay:0.1198178082704544, throughput:4003
episode:306/500, real avg travel time:233.60354733949538
step:3600/3600, q_loss:-4.502342724461212e-06, rewards:-2.2165913581848145, queue:0.8716931343078613, delay:0.1167544424533844, throughput:3988
episode:307/500, real avg travel time:216.25476429287863
step:3600/3600, q_loss:-2.0778806275403543e-06, rewards:-2.468642234802246, queue:0.9125661253929138, delay:0.11904442310333252, throughput:3959
episode:308/500, real avg travel time:236.80399090679464
step:3600/3600, q_loss:-5.327907678697051e-06, rewards:-2.290802478790283, queue:0.8878306746482849, delay:0.11653631180524826, throughput:3967
episode:309/500, real avg travel time:231.52961935971766
step:3600/3600, q_loss:-7.2181068794129206e-06, rewards:-2.3502817153930664, queue:0.8832010626792908, delay:0.1179448738694191, throughput:3981
episode:310/500, real avg travel time:217.8148706355187
Test step:310/500, travel time :254.22907254849855, rewards:-2.9691202640533447, queue:0.991534411907196, delay:0.12434493005275726, throughput:3763
step:3600/3600, q_loss:9.746774594532325e-07, rewards:-2.379297971725464, queue:0.8748677372932434, delay:0.11596798896789551, throughput:3924
episode:311/500, real avg travel time:224.30937818552496
step:3600/3600, q_loss:-9.071618276518873e-06, rewards:-2.2456037998199463, queue:0.8554232716560364, delay:0.11504640430212021, throughput:3962
episode:312/500, real avg travel time:228.4459868753155
step:3600/3600, q_loss:-4.5936014632590943e-07, rewards:-2.3799095153808594, queue:0.8945767283439636, delay:0.11811808496713638, throughput:4036
episode:313/500, real avg travel time:229.43780971258673
step:3600/3600, q_loss:-6.939592114779064e-07, rewards:-2.4383256435394287, queue:0.9080687761306763, delay:0.11820881813764572, throughput:3997
episode:314/500, real avg travel time:227.22091568676507
step:3600/3600, q_loss:1.0437916999863874e-06, rewards:-2.497180938720703, queue:0.9255291223526001, delay:0.11790616810321808, throughput:4016
episode:315/500, real avg travel time:239.5067231075697
Test step:315/500, travel time :283.58620689655174, rewards:-4.9519171714782715, queue:1.467195749282837, delay:0.13320432603359222, throughput:3567
step:3600/3600, q_loss:-3.8083276497976232e-06, rewards:-2.55426287651062, queue:0.9279100298881531, delay:0.11760115623474121, throughput:3965
episode:316/500, real avg travel time:243.27616645649434
step:3600/3600, q_loss:2.4732866950216704e-05, rewards:-3.232806444168091, queue:1.0661375522613525, delay:0.12504681944847107, throughput:3972
episode:317/500, real avg travel time:248.04380664652567
step:3600/3600, q_loss:-2.1882220203729553e-06, rewards:-2.476417303085327, queue:0.9064815044403076, delay:0.11796433478593826, throughput:3979
episode:318/500, real avg travel time:242.0243779844182
step:3600/3600, q_loss:3.1752992516784515e-05, rewards:-3.435359001159668, queue:1.1441799402236938, delay:0.12411588430404663, throughput:3987
episode:319/500, real avg travel time:254.573112616002
step:3600/3600, q_loss:-4.94791945837076e-06, rewards:-2.613053321838379, queue:0.9347883462905884, delay:0.11737680435180664, throughput:3965
episode:320/500, real avg travel time:234.96847414880202
Test step:320/500, travel time :250.09616908850725, rewards:-2.9112305641174316, queue:1.0109788179397583, delay:0.11974699050188065, throughput:3785
step:3600/3600, q_loss:5.206532514421269e-05, rewards:-3.0326931476593018, queue:0.9964285492897034, delay:0.11873456090688705, throughput:3874
episode:321/500, real avg travel time:236.21270005162623
step:3600/3600, q_loss:6.393596320574741e-05, rewards:-3.3451242446899414, queue:1.1126984357833862, delay:0.12236905843019485, throughput:3924
episode:322/500, real avg travel time:250.27344546381244
step:3600/3600, q_loss:2.404746636683639e-06, rewards:-2.4795522689819336, queue:0.9199735522270203, delay:0.1158277690410614, throughput:3997
episode:323/500, real avg travel time:228.93345008756566
step:3600/3600, q_loss:3.8954564216611386e-05, rewards:-3.45002818107605, queue:1.1156084537506104, delay:0.12330146133899689, throughput:3905
episode:324/500, real avg travel time:252.6727272727273
step:3600/3600, q_loss:1.4152523767228963e-06, rewards:-2.8112826347351074, queue:0.9699735641479492, delay:0.11810118705034256, throughput:3977
episode:325/500, real avg travel time:254.69700779482022
Test step:325/500, travel time :253.19857768052518, rewards:-3.4132046699523926, queue:1.1329364776611328, delay:0.121922567486763, throughput:3656
step:3600/3600, q_loss:3.062326912994548e-05, rewards:-3.18204402923584, queue:1.0562169551849365, delay:0.11856886744499207, throughput:3939
episode:326/500, real avg travel time:248.18684945417618
step:3600/3600, q_loss:3.851758851346353e-06, rewards:-2.5739972591400146, queue:0.9414021372795105, delay:0.11696009337902069, throughput:3994
episode:327/500, real avg travel time:239.24136204306458
step:3600/3600, q_loss:5.5502440065740506e-05, rewards:-3.284245729446411, queue:1.1100529432296753, delay:0.11773822456598282, throughput:3885
episode:328/500, real avg travel time:246.08674388674388
step:3600/3600, q_loss:1.2690614595259022e-05, rewards:-2.9464616775512695, queue:0.9994708895683289, delay:0.1175006851553917, throughput:4000
episode:329/500, real avg travel time:236.12625
step:3600/3600, q_loss:-3.100041875667456e-06, rewards:-2.5045909881591797, queue:0.9050264358520508, delay:0.11645703762769699, throughput:3944
episode:330/500, real avg travel time:236.46830628803247
Test step:330/500, travel time :262.63244408515226, rewards:-3.8476979732513428, queue:1.1989418268203735, delay:0.12264031171798706, throughput:3711
step:3600/3600, q_loss:1.6259678684744156e-06, rewards:-2.478055477142334, queue:0.9211640357971191, delay:0.11790540814399719, throughput:3912
episode:331/500, real avg travel time:229.73517382413087
step:3600/3600, q_loss:1.2110449582299528e-05, rewards:-3.179091691970825, queue:1.076984167098999, delay:0.12306979298591614, throughput:3895
episode:332/500, real avg travel time:237.30731707317074
step:3600/3600, q_loss:-1.0577195401613911e-06, rewards:-2.4232797622680664, queue:0.9072751402854919, delay:0.11692982167005539, throughput:3966
episode:333/500, real avg travel time:222.58522440746344
step:3600/3600, q_loss:8.185284754694699e-05, rewards:-3.342801570892334, queue:1.139285683631897, delay:0.12057571113109589, throughput:3976
episode:334/500, real avg travel time:231.9222837022133
step:3600/3600, q_loss:-2.444873785457781e-06, rewards:-2.3171064853668213, queue:0.8900793790817261, delay:0.11587382853031158, throughput:3993
episode:335/500, real avg travel time:230.2504382669672
Test step:335/500, travel time :317.67051451187336, rewards:-12.721961975097656, queue:3.3732805252075195, delay:0.1619359850883484, throughput:3032
step:3600/3600, q_loss:1.67763329146611e-05, rewards:-2.760589599609375, queue:0.9876984357833862, delay:0.11873874068260193, throughput:3998
episode:336/500, real avg travel time:231.01900950475238
step:3600/3600, q_loss:2.557730476837605e-06, rewards:-2.8057749271392822, queue:1.0246031284332275, delay:0.12433556467294693, throughput:4001
episode:337/500, real avg travel time:233.6560859785054
step:3600/3600, q_loss:2.6582974290552858e-06, rewards:-2.759068012237549, queue:0.9768518805503845, delay:0.11891979724168777, throughput:4012
episode:338/500, real avg travel time:235.990777666999
step:3600/3600, q_loss:2.8736740609423983e-06, rewards:-2.6905035972595215, queue:0.9701058268547058, delay:0.12031771242618561, throughput:4022
episode:339/500, real avg travel time:224.8888612630532
step:3600/3600, q_loss:-4.2664089253068797e-07, rewards:-2.594848394393921, queue:0.9436507821083069, delay:0.11908260732889175, throughput:3984
episode:340/500, real avg travel time:226.93699799196787
Test step:340/500, travel time :229.73639947437582, rewards:-2.7301602363586426, queue:0.9301587343215942, delay:0.1181030347943306, throughput:3805
step:3600/3600, q_loss:1.6318760673230928e-06, rewards:-2.504899263381958, queue:0.9300264716148376, delay:0.11825744807720184, throughput:3944
episode:341/500, real avg travel time:219.67824543610547
step:3600/3600, q_loss:-3.2548801148853574e-06, rewards:-2.3220486640930176, queue:0.8845238089561462, delay:0.1156894639134407, throughput:3984
episode:342/500, real avg travel time:219.82705823293173
step:3600/3600, q_loss:7.816436765198078e-07, rewards:-2.512986660003662, queue:0.9293650984764099, delay:0.11729277670383453, throughput:3935
episode:343/500, real avg travel time:225.47522236340535
step:3600/3600, q_loss:-2.948965912865889e-06, rewards:-2.184469699859619, queue:0.8738095164299011, delay:0.1171063780784607, throughput:3950
episode:344/500, real avg travel time:213.4106329113924
step:3600/3600, q_loss:-2.067621001818528e-06, rewards:-2.309373378753662, queue:0.8884920477867126, delay:0.11657983809709549, throughput:3934
episode:345/500, real avg travel time:223.07956278596848
Test step:345/500, travel time :271.2099837221921, rewards:-3.8420329093933105, queue:1.2375661134719849, delay:0.1291830688714981, throughput:3686
step:3600/3600, q_loss:-6.680468181406872e-06, rewards:-2.2334485054016113, queue:0.8846560716629028, delay:0.11835894733667374, throughput:3949
episode:346/500, real avg travel time:216.60774879716385
step:3600/3600, q_loss:2.3061650345981534e-05, rewards:-2.8576853275299072, queue:1.0219576358795166, delay:0.12307453155517578, throughput:3989
episode:347/500, real avg travel time:238.70619202807723
step:3600/3600, q_loss:1.5062038275775396e-06, rewards:-2.777322769165039, queue:0.9911375641822815, delay:0.12122534215450287, throughput:4011
episode:348/500, real avg travel time:232.4253303415607
step:3600/3600, q_loss:9.087500544006212e-05, rewards:-3.5798041820526123, queue:1.1783069372177124, delay:0.12472216039896011, throughput:3881
episode:349/500, real avg travel time:239.17598557072918
step:3600/3600, q_loss:6.676722138460415e-05, rewards:-3.2408928871154785, queue:1.1105819940567017, delay:0.12014617770910263, throughput:3973
episode:350/500, real avg travel time:236.17367228794362
Test step:350/500, travel time :226.2097754293263, rewards:-2.6056575775146484, queue:0.9227513074874878, delay:0.11839316785335541, throughput:3785
step:3600/3600, q_loss:3.6844529434650514e-05, rewards:-3.2618024349212646, queue:1.0222222805023193, delay:0.1206836923956871, throughput:3872
episode:351/500, real avg travel time:250.6952479338843
step:3600/3600, q_loss:-5.360670790347891e-06, rewards:-2.561134099960327, queue:0.9268518686294556, delay:0.11803386360406876, throughput:3964
episode:352/500, real avg travel time:236.61957618567104
step:3600/3600, q_loss:9.282942402124819e-07, rewards:-2.3625094890594482, queue:0.9078042507171631, delay:0.11733893305063248, throughput:4066
episode:353/500, real avg travel time:225.76906050172158
step:3600/3600, q_loss:-2.0135044501835687e-06, rewards:-2.392995834350586, queue:0.9178571701049805, delay:0.11704865843057632, throughput:3982
episode:354/500, real avg travel time:226.07383224510298
step:3600/3600, q_loss:2.8849978965202656e-05, rewards:-2.913684129714966, queue:1.0158730745315552, delay:0.11896470189094543, throughput:3995
episode:355/500, real avg travel time:243.00250312891114
Test step:355/500, travel time :228.61229314420802, rewards:-2.5418615341186523, queue:0.9095237851142883, delay:0.11781343072652817, throughput:3807
step:3600/3600, q_loss:-1.3647471253837769e-06, rewards:-2.556687831878662, queue:0.9187830686569214, delay:0.11791517585515976, throughput:3966
episode:356/500, real avg travel time:236.47831568330813
step:3600/3600, q_loss:9.460741526304952e-05, rewards:-3.2845869064331055, queue:1.1335978507995605, delay:0.12004970014095306, throughput:3974
episode:357/500, real avg travel time:238.31454453950678
step:3600/3600, q_loss:-2.4100588941817277e-06, rewards:-2.501577854156494, queue:0.9156084656715393, delay:0.11829684674739838, throughput:3982
episode:358/500, real avg travel time:230.40030135610246
step:3600/3600, q_loss:3.478065902729415e-05, rewards:-3.128098487854004, queue:1.0332010984420776, delay:0.1214376911520958, throughput:3997
episode:359/500, real avg travel time:237.56217162872153
step:3600/3600, q_loss:-2.776019957511582e-06, rewards:-2.2753641605377197, queue:0.864814817905426, delay:0.11371714621782303, throughput:3939
episode:360/500, real avg travel time:215.67529829906067
Test step:360/500, travel time :268.9734345351044, rewards:-3.809293508529663, queue:1.1146825551986694, delay:0.12234862148761749, throughput:3689
step:3600/3600, q_loss:3.8932904216279796e-06, rewards:-2.7604126930236816, queue:0.9767195582389832, delay:0.12133774161338806, throughput:3967
episode:361/500, real avg travel time:242.44693723216537
step:3600/3600, q_loss:2.8279528649161672e-05, rewards:-3.512176513671875, queue:1.117195725440979, delay:0.12362661212682724, throughput:3910
episode:362/500, real avg travel time:264.8621483375959
step:3600/3600, q_loss:1.3653144479677494e-06, rewards:-2.555368661880493, queue:0.930820107460022, delay:0.11819945275783539, throughput:4028
episode:363/500, real avg travel time:247.28326713008937
step:3600/3600, q_loss:-4.008355123611788e-06, rewards:-2.3692474365234375, queue:0.8994709253311157, delay:0.11752249300479889, throughput:4024
episode:364/500, real avg travel time:241.75521868787277
step:3600/3600, q_loss:-2.0960393562240317e-06, rewards:-2.5835015773773193, queue:0.9462962746620178, delay:0.11826306581497192, throughput:3985
episode:365/500, real avg travel time:237.26875784190716
Test step:365/500, travel time :331.52163877668784, rewards:-7.877745151519775, queue:2.0923280715942383, delay:0.15800203382968903, throughput:3466
step:3600/3600, q_loss:1.7739225263034718e-06, rewards:-2.391058921813965, queue:0.8982804417610168, delay:0.11701986938714981, throughput:3970
episode:366/500, real avg travel time:242.555919395466
step:3600/3600, q_loss:-6.118354374646313e-06, rewards:-2.556253433227539, queue:0.9275132417678833, delay:0.11624620854854584, throughput:3956
episode:367/500, real avg travel time:248.20702730030334
step:3600/3600, q_loss:-2.307650194981963e-06, rewards:-2.3781869411468506, queue:0.8703703880310059, delay:0.11581820994615555, throughput:3853
episode:368/500, real avg travel time:238.94575655333506
step:3600/3600, q_loss:-2.7778246375318204e-06, rewards:-2.616176128387451, queue:0.9120370149612427, delay:0.11725309491157532, throughput:3936
episode:369/500, real avg travel time:251.2924288617886
step:3600/3600, q_loss:8.967820031102747e-05, rewards:-3.883906364440918, queue:1.1748677492141724, delay:0.12343353778123856, throughput:3933
episode:370/500, real avg travel time:274.6473429951691
Test step:370/500, travel time :272.5506931231313, rewards:-3.9119412899017334, queue:1.140079379081726, delay:0.12894925475120544, throughput:3679
step:3600/3600, q_loss:6.425133809292068e-07, rewards:-2.6018669605255127, queue:0.936904788017273, delay:0.11932836472988129, throughput:3913
episode:371/500, real avg travel time:248.82979810886786
step:3600/3600, q_loss:-1.6758347757988505e-06, rewards:-2.330388069152832, queue:0.8559523820877075, delay:0.11321461945772171, throughput:3893
episode:372/500, real avg travel time:233.01155920883636
step:3600/3600, q_loss:-1.3212344331097685e-06, rewards:-2.2535362243652344, queue:0.8492063283920288, delay:0.11362442374229431, throughput:3899
episode:373/500, real avg travel time:237.88458579122852
step:3600/3600, q_loss:-5.5363611964922815e-06, rewards:-2.390007972717285, queue:0.8853174448013306, delay:0.11512630432844162, throughput:3948
episode:374/500, real avg travel time:237.87132725430598
step:3600/3600, q_loss:-4.647720035993391e-09, rewards:-2.3918542861938477, queue:0.8903439044952393, delay:0.11428128927946091, throughput:3894
episode:375/500, real avg travel time:239.6748844375963
Test step:375/500, travel time :257.9427408412483, rewards:-3.2030653953552246, queue:1.0236772298812866, delay:0.12439707666635513, throughput:3685
step:3600/3600, q_loss:1.7757718241126794e-05, rewards:-3.27716064453125, queue:1.053174614906311, delay:0.12160331755876541, throughput:3952
episode:376/500, real avg travel time:263.4331983805668
step:3600/3600, q_loss:-5.1690719070999575e-06, rewards:-2.3209452629089355, queue:0.8755291104316711, delay:0.1145048588514328, throughput:3974
episode:377/500, real avg travel time:235.70910920986412
step:3600/3600, q_loss:0.00018184269041133423, rewards:-4.529901027679443, queue:1.3981481790542603, delay:0.12521451711654663, throughput:3755
episode:378/500, real avg travel time:268.81358189081226
step:3600/3600, q_loss:0.00014187461913227, rewards:-4.535038948059082, queue:1.341269850730896, delay:0.12647563219070435, throughput:3813
episode:379/500, real avg travel time:283.4718069761343
step:3600/3600, q_loss:5.08175192711254e-07, rewards:-2.5124337673187256, queue:0.914550244808197, delay:0.11549122631549835, throughput:3930
episode:380/500, real avg travel time:237.80356234096692
Test step:380/500, travel time :256.0185583647122, rewards:-2.9418530464172363, queue:0.9772486686706543, delay:0.11783694475889206, throughput:3718
step:3600/3600, q_loss:-5.94751012007085e-06, rewards:-2.3864290714263916, queue:0.8835979104042053, delay:0.11502475291490555, throughput:3921
episode:381/500, real avg travel time:235.46391226727874
step:3600/3600, q_loss:4.278128391080018e-06, rewards:-2.430744171142578, queue:0.9019841551780701, delay:0.11626087129116058, throughput:3934
episode:382/500, real avg travel time:231.15455007625826
step:3600/3600, q_loss:4.757392566211315e-07, rewards:-2.6847472190856934, queue:0.9195767045021057, delay:0.11520188301801682, throughput:3905
episode:383/500, real avg travel time:248.81664532650447
step:3600/3600, q_loss:4.0289461321663114e-05, rewards:-3.4588444232940674, queue:1.1096560955047607, delay:0.11922987550497055, throughput:3965
episode:384/500, real avg travel time:281.30668348045396
step:3600/3600, q_loss:-5.832108905047386e-07, rewards:-2.5877816677093506, queue:0.9076719284057617, delay:0.11664688587188721, throughput:3974
episode:385/500, real avg travel time:238.54957221942627
Test step:385/500, travel time :250.3210302708444, rewards:-3.238184928894043, queue:1.045899510383606, delay:0.12283767759799957, throughput:3766
step:3600/3600, q_loss:7.054654642059985e-05, rewards:-3.795316457748413, queue:1.1728836297988892, delay:0.12196782976388931, throughput:3981
episode:386/500, real avg travel time:256.879427279578
step:3600/3600, q_loss:6.992992194783356e-05, rewards:-3.450615882873535, queue:1.134920597076416, delay:0.12022744864225388, throughput:3995
episode:387/500, real avg travel time:253.5281602002503
step:3600/3600, q_loss:-5.833058417516036e-08, rewards:-2.7992587089538574, queue:0.9580687880516052, delay:0.11863014847040176, throughput:3995
episode:388/500, real avg travel time:242.19749687108887
step:3600/3600, q_loss:7.986639603687864e-05, rewards:-3.644486427307129, queue:1.1685185432434082, delay:0.12403970211744308, throughput:3987
episode:389/500, real avg travel time:261.326561324304
step:3600/3600, q_loss:5.5470806950729134e-05, rewards:-3.752000570297241, queue:1.1566137075424194, delay:0.12160571664571762, throughput:3988
episode:390/500, real avg travel time:272.67352056168505
Test step:390/500, travel time :255.01745635910225, rewards:-4.090359687805176, queue:1.2552909851074219, delay:0.12648865580558777, throughput:3609
step:3600/3600, q_loss:5.396074104484998e-06, rewards:-2.7826483249664307, queue:0.9529100656509399, delay:0.11907219141721725, throughput:3953
episode:391/500, real avg travel time:245.35871490007588
step:3600/3600, q_loss:9.265740017225552e-07, rewards:-2.796950578689575, queue:0.9685184955596924, delay:0.11805950105190277, throughput:4018
episode:392/500, real avg travel time:242.35490293678447
step:3600/3600, q_loss:8.047185959488464e-06, rewards:-3.25740909576416, queue:1.0382275581359863, delay:0.1198727935552597, throughput:3938
episode:393/500, real avg travel time:254.3357034027425
step:3600/3600, q_loss:3.416007570598999e-06, rewards:-2.7058236598968506, queue:0.9333333373069763, delay:0.1167980283498764, throughput:4016
episode:394/500, real avg travel time:243.05727091633466
step:3600/3600, q_loss:1.1716841901135113e-05, rewards:-3.243252992630005, queue:1.0445767641067505, delay:0.11851125955581665, throughput:3953
episode:395/500, real avg travel time:275.07437389324565
Test step:395/500, travel time :319.0970790378007, rewards:-6.028873920440674, queue:1.5958994626998901, delay:0.1361694484949112, throughput:3492
step:3600/3600, q_loss:5.4725667319467495e-06, rewards:-2.9238154888153076, queue:0.9656084775924683, delay:0.11463138461112976, throughput:3933
episode:396/500, real avg travel time:257.96186117467585
step:3600/3600, q_loss:8.039682062291023e-06, rewards:-2.9598498344421387, queue:0.9793650507926941, delay:0.11511837691068649, throughput:3930
episode:397/500, real avg travel time:246.26692111959287
step:3600/3600, q_loss:1.1587711034937659e-05, rewards:-3.2719380855560303, queue:1.0378307104110718, delay:0.11921603977680206, throughput:3918
episode:398/500, real avg travel time:259.6832567636549
step:3600/3600, q_loss:-2.1911449342345197e-07, rewards:-3.0782790184020996, queue:0.9917989373207092, delay:0.11803635954856873, throughput:3931
episode:399/500, real avg travel time:241.2688883235818
step:3600/3600, q_loss:4.701951337564323e-05, rewards:-3.715766668319702, queue:1.1564815044403076, delay:0.12064817547798157, throughput:3921
episode:400/500, real avg travel time:269.4039785768936
Test step:400/500, travel time :235.0756771109931, rewards:-3.033468246459961, queue:1.0251322984695435, delay:0.12246410548686981, throughput:3766
step:3600/3600, q_loss:2.010703974519856e-06, rewards:-3.011392831802368, queue:0.9757936596870422, delay:0.1148807480931282, throughput:3907
episode:401/500, real avg travel time:251.96851804453544
step:3600/3600, q_loss:8.139643291037323e-07, rewards:-3.1033596992492676, queue:1.0156084299087524, delay:0.11953628808259964, throughput:3911
episode:402/500, real avg travel time:248.51086678598824
step:3600/3600, q_loss:6.363079365756777e-05, rewards:-3.8562402725219727, queue:1.2103174924850464, delay:0.12014798820018768, throughput:3845
episode:403/500, real avg travel time:263.93940182054615
step:3600/3600, q_loss:2.553537940709955e-05, rewards:-3.5939249992370605, queue:1.125793695449829, delay:0.11770275980234146, throughput:3884
episode:404/500, real avg travel time:271.03707518022657
step:3600/3600, q_loss:-1.145856691032855e-06, rewards:-3.286735773086548, queue:1.0507936477661133, delay:0.1199781596660614, throughput:3847
episode:405/500, real avg travel time:258.2019755653756
Test step:405/500, travel time :248.48781779661016, rewards:-3.1006388664245605, queue:0.9957671761512756, delay:0.12011808156967163, throughput:3776
step:3600/3600, q_loss:-8.856684831294439e-06, rewards:-2.8493151664733887, queue:0.9449735283851624, delay:0.11741504073143005, throughput:3948
episode:406/500, real avg travel time:249.19579533941237
step:3600/3600, q_loss:5.77442443803496e-05, rewards:-3.8404781818389893, queue:1.1914020776748657, delay:0.12228259444236755, throughput:3891
episode:407/500, real avg travel time:274.26779748136727
step:3600/3600, q_loss:5.516112182198817e-05, rewards:-3.791426658630371, queue:1.1953703165054321, delay:0.12373507022857666, throughput:3908
episode:408/500, real avg travel time:274.3283009211873
step:3600/3600, q_loss:5.3865044416549305e-06, rewards:-2.591390371322632, queue:0.9220899343490601, delay:0.11539273709058762, throughput:3939
episode:409/500, real avg travel time:241.24473216552425
step:3600/3600, q_loss:0.0002726338439161838, rewards:-5.434622764587402, queue:1.5373015403747559, delay:0.1260361224412918, throughput:3752
episode:410/500, real avg travel time:285.7113539445629
Test step:410/500, travel time :271.4378762999453, rewards:-4.143442630767822, queue:1.1624338626861572, delay:0.1255057156085968, throughput:3654
step:3600/3600, q_loss:1.3462216722675495e-05, rewards:-3.2531583309173584, queue:1.0530422925949097, delay:0.12187810987234116, throughput:3912
episode:411/500, real avg travel time:268.4092535787321
step:3600/3600, q_loss:6.992573536182236e-06, rewards:-2.9749715328216553, queue:0.9843915104866028, delay:0.11700258404016495, throughput:3940
episode:412/500, real avg travel time:250.43553299492385
step:3600/3600, q_loss:5.6948844737942435e-05, rewards:-3.5964298248291016, queue:1.157804250717163, delay:0.11865147203207016, throughput:3966
episode:413/500, real avg travel time:279.8489662128089
step:3600/3600, q_loss:-5.4260794260901295e-06, rewards:-2.872079849243164, queue:0.9625661373138428, delay:0.11701179295778275, throughput:3953
episode:414/500, real avg travel time:254.25651403996963
step:3600/3600, q_loss:2.822063995861552e-06, rewards:-2.864239454269409, queue:0.9411375522613525, delay:0.1143542155623436, throughput:3890
episode:415/500, real avg travel time:248.2699228791774
Test step:415/500, travel time :296.979909451047, rewards:-5.91041374206543, queue:1.6210317611694336, delay:0.13505320250988007, throughput:3534
step:3600/3600, q_loss:0.00010979415084067215, rewards:-3.943026065826416, queue:1.2214285135269165, delay:0.11827373504638672, throughput:3896
episode:416/500, real avg travel time:260.04183778234085
step:3600/3600, q_loss:2.1781475354348207e-05, rewards:-3.4749884605407715, queue:1.0853174924850464, delay:0.11971437931060791, throughput:3968
episode:417/500, real avg travel time:262.32762096774195
step:3600/3600, q_loss:-8.842650438762373e-06, rewards:-3.004652500152588, queue:0.9980158805847168, delay:0.12063370645046234, throughput:3960
episode:418/500, real avg travel time:247.00328282828283
step:3600/3600, q_loss:3.223255448069217e-05, rewards:-3.569417953491211, queue:1.1252645254135132, delay:0.11963395029306412, throughput:3923
episode:419/500, real avg travel time:266.7287789956666
step:3600/3600, q_loss:1.2998908803436077e-05, rewards:-3.5142734050750732, queue:1.1119047403335571, delay:0.12245575338602066, throughput:4000
episode:420/500, real avg travel time:260.55025
Test step:420/500, travel time :419.77784870730926, rewards:-10.432051658630371, queue:2.835714340209961, delay:0.182511568069458, throughput:3133
step:3600/3600, q_loss:-1.0147996120698128e-05, rewards:-3.1762301921844482, queue:1.0105819702148438, delay:0.1192094087600708, throughput:3987
episode:421/500, real avg travel time:260.0872836719338
step:3600/3600, q_loss:0.00015925019720776213, rewards:-5.070712566375732, queue:1.4621692895889282, delay:0.13119640946388245, throughput:3959
episode:422/500, real avg travel time:296.18110633998486
step:3600/3600, q_loss:5.87787263308807e-05, rewards:-3.775595188140869, queue:1.2043651342391968, delay:0.12186464667320251, throughput:3981
episode:423/500, real avg travel time:282.1682994222557
step:3600/3600, q_loss:9.536621898102263e-07, rewards:-2.9793806076049805, queue:1.0199735164642334, delay:0.12067160755395889, throughput:4026
episode:424/500, real avg travel time:234.80153999006458
step:3600/3600, q_loss:-8.420481107249442e-07, rewards:-2.61148738861084, queue:0.9392856955528259, delay:0.11615685373544693, throughput:3951
episode:425/500, real avg travel time:241.39584915211339
Test step:425/500, travel time :369.4065681444992, rewards:-12.456717491149902, queue:3.081481456756592, delay:0.1754501312971115, throughput:3045
step:3600/3600, q_loss:-4.1844607039820405e-06, rewards:-2.8427255153656006, queue:0.9592592716217041, delay:0.11849071085453033, throughput:3897
episode:426/500, real avg travel time:245.83910700538877
step:3600/3600, q_loss:6.542383319659469e-06, rewards:-3.33754825592041, queue:1.0435185432434082, delay:0.11771728843450546, throughput:3954
episode:427/500, real avg travel time:266.5065756196257
step:3600/3600, q_loss:-2.9629152171158543e-06, rewards:-2.937328815460205, queue:1.0075396299362183, delay:0.12316516041755676, throughput:4011
episode:428/500, real avg travel time:251.1239092495637
step:3600/3600, q_loss:-3.754563658731058e-06, rewards:-2.7021567821502686, queue:0.9363756775856018, delay:0.11813801527023315, throughput:3939
episode:429/500, real avg travel time:248.7923330794618
step:3600/3600, q_loss:-4.88377756684915e-07, rewards:-2.5801174640655518, queue:0.9006613492965698, delay:0.11272799223661423, throughput:3905
episode:430/500, real avg travel time:239.7190781049936
Test step:430/500, travel time :279.56417569880205, rewards:-5.259358882904053, queue:1.5074074268341064, delay:0.13265357911586761, throughput:3506
step:3600/3600, q_loss:7.199415679982242e-05, rewards:-4.206295013427734, queue:1.2817460298538208, delay:0.12577660381793976, throughput:3878
episode:431/500, real avg travel time:279.503867973182
step:3600/3600, q_loss:-8.018528428187387e-06, rewards:-2.9931015968322754, queue:0.9789682626724243, delay:0.1175047755241394, throughput:3896
episode:432/500, real avg travel time:252.85189938398358
step:3600/3600, q_loss:3.121935660601594e-05, rewards:-3.555156707763672, queue:1.1158729791641235, delay:0.12007065117359161, throughput:3931
episode:433/500, real avg travel time:267.3719155431188
step:3600/3600, q_loss:1.0890185108615292e-05, rewards:-3.885162353515625, queue:1.2076719999313354, delay:0.12609712779521942, throughput:3839
episode:434/500, real avg travel time:289.1364938786142
step:3600/3600, q_loss:4.586497590126883e-05, rewards:-3.701852798461914, queue:1.1804232597351074, delay:0.11969155818223953, throughput:3994
episode:435/500, real avg travel time:256.6281922884327
Test step:435/500, travel time :311.82773907536415, rewards:-11.087592124938965, queue:2.759920597076416, delay:0.1605629175901413, throughput:3158
step:3600/3600, q_loss:1.9689315296192137e-05, rewards:-3.3751370906829834, queue:1.089550256729126, delay:0.11822183430194855, throughput:3942
episode:436/500, real avg travel time:258.65093860984274
step:3600/3600, q_loss:4.081847534204523e-05, rewards:-3.2940869331359863, queue:1.0767195224761963, delay:0.11747267842292786, throughput:3923
episode:437/500, real avg travel time:261.13866938567423
step:3600/3600, q_loss:-3.2782790690867436e-06, rewards:-2.866356372833252, queue:0.952645480632782, delay:0.1198510229587555, throughput:3972
episode:438/500, real avg travel time:241.25402819738167
step:3600/3600, q_loss:-7.705294168166195e-06, rewards:-2.5877139568328857, queue:0.8976190686225891, delay:0.11604242771863937, throughput:3944
episode:439/500, real avg travel time:229.94371196754565
step:3600/3600, q_loss:1.696272415251264e-05, rewards:-3.058650016784668, queue:1.0312169790267944, delay:0.11761385947465897, throughput:3949
episode:440/500, real avg travel time:251.78298303367941
Test step:440/500, travel time :293.8407534246575, rewards:-5.16063928604126, queue:1.523809552192688, delay:0.12638051807880402, throughput:3504
step:3600/3600, q_loss:5.495036020874977e-07, rewards:-2.54510235786438, queue:0.89854496717453, delay:0.11703982204198837, throughput:3929
episode:441/500, real avg travel time:237.9434970730466
step:3600/3600, q_loss:3.5588991401406626e-05, rewards:-3.2676424980163574, queue:1.0727512836456299, delay:0.11796426773071289, throughput:3941
episode:442/500, real avg travel time:241.5326059375793
step:3600/3600, q_loss:2.8433141495851386e-05, rewards:-3.328136444091797, queue:1.086111068725586, delay:0.11827106028795242, throughput:3886
episode:443/500, real avg travel time:245.9788986103963
step:3600/3600, q_loss:-1.671072095632553e-06, rewards:-2.871605157852173, queue:0.9671957492828369, delay:0.11843159794807434, throughput:3971
episode:444/500, real avg travel time:248.98337950138503
step:3600/3600, q_loss:-3.891877713613212e-06, rewards:-2.836583375930786, queue:0.9753968119621277, delay:0.11865237355232239, throughput:3948
episode:445/500, real avg travel time:241.5339412360689
Test step:445/500, travel time :285.11677160847165, rewards:-5.508243083953857, queue:1.5466930866241455, delay:0.12889711558818817, throughput:3494
step:3600/3600, q_loss:-2.982670573853991e-06, rewards:-2.656355619430542, queue:0.9301587343215942, delay:0.11657865345478058, throughput:3930
episode:446/500, real avg travel time:235.59847328244274
step:3600/3600, q_loss:-3.4873874230672503e-06, rewards:-2.8420236110687256, queue:0.9477513432502747, delay:0.117000050842762, throughput:3912
episode:447/500, real avg travel time:249.20501022494886
step:3600/3600, q_loss:-6.270062860696473e-06, rewards:-2.7407045364379883, queue:0.932539701461792, delay:0.11520030349493027, throughput:3951
episode:448/500, real avg travel time:243.37256390787144
step:3600/3600, q_loss:-8.879969957181149e-07, rewards:-2.9475715160369873, queue:0.970370352268219, delay:0.11634616553783417, throughput:3943
episode:449/500, real avg travel time:251.05782399188436
step:3600/3600, q_loss:1.878771929316119e-05, rewards:-3.2224764823913574, queue:1.0092592239379883, delay:0.11686096340417862, throughput:3937
episode:450/500, real avg travel time:247.39014478028957
Test step:450/500, travel time :340.03982300884957, rewards:-10.625402450561523, queue:2.7334656715393066, delay:0.15358175337314606, throughput:3390
step:3600/3600, q_loss:-4.614194929470412e-06, rewards:-3.0046956539154053, queue:0.977910041809082, delay:0.1165209412574768, throughput:3911
episode:451/500, real avg travel time:252.65584249552543
step:3600/3600, q_loss:6.941327091125358e-05, rewards:-3.9534780979156494, queue:1.2076719999313354, delay:0.12427733838558197, throughput:3860
episode:452/500, real avg travel time:290.28160621761657
step:3600/3600, q_loss:-5.484996371605019e-06, rewards:-2.9868712425231934, queue:0.9722222089767456, delay:0.11981725692749023, throughput:3946
episode:453/500, real avg travel time:256.3884946781551
step:3600/3600, q_loss:2.2182595178795357e-06, rewards:-3.069058656692505, queue:0.9859788417816162, delay:0.12043514102697372, throughput:3933
episode:454/500, real avg travel time:252.5064836003051
step:3600/3600, q_loss:2.2026804476303772e-05, rewards:-3.317159414291382, queue:1.0538359880447388, delay:0.11510633677244186, throughput:3974
episode:455/500, real avg travel time:261.71917463512835
Test step:455/500, travel time :292.1365061271017, rewards:-6.264399528503418, queue:1.697619080543518, delay:0.1385165899991989, throughput:3509
step:3600/3600, q_loss:-2.4128405331996164e-06, rewards:-2.846540927886963, queue:0.9667989611625671, delay:0.11781185120344162, throughput:4000
episode:456/500, real avg travel time:240.2715
step:3600/3600, q_loss:5.27083676489484e-06, rewards:-2.873008966445923, queue:0.9621692895889282, delay:0.11490930616855621, throughput:3962
episode:457/500, real avg travel time:243.8326602725896
step:3600/3600, q_loss:1.9469119757155165e-06, rewards:-2.8276445865631104, queue:0.9620370268821716, delay:0.11778201907873154, throughput:3980
episode:458/500, real avg travel time:251.1110552763819
step:3600/3600, q_loss:7.611317818777429e-07, rewards:-2.88562273979187, queue:0.9654762148857117, delay:0.11641386896371841, throughput:3937
episode:459/500, real avg travel time:251.2032004064008
step:3600/3600, q_loss:-9.946487100225769e-07, rewards:-2.4942069053649902, queue:0.8849206566810608, delay:0.11502499878406525, throughput:3919
episode:460/500, real avg travel time:247.55524368461343
Test step:460/500, travel time :279.163140311804, rewards:-5.2602858543396, queue:1.574338674545288, delay:0.11905571818351746, throughput:3592
step:3600/3600, q_loss:1.5303877363395359e-06, rewards:-2.91082763671875, queue:0.9505290985107422, delay:0.1134018823504448, throughput:3931
episode:461/500, real avg travel time:253.23047570592723
step:3600/3600, q_loss:1.6397930772250725e-06, rewards:-2.673292398452759, queue:0.9149470925331116, delay:0.11436468362808228, throughput:3911
episode:462/500, real avg travel time:253.02096650473024
step:3600/3600, q_loss:6.14368946925323e-05, rewards:-4.109088897705078, queue:1.1936508417129517, delay:0.12238668650388718, throughput:3924
episode:463/500, real avg travel time:271.99643221202854
step:3600/3600, q_loss:5.1609362546716715e-05, rewards:-2.9321444034576416, queue:0.9421957731246948, delay:0.11209290474653244, throughput:3911
episode:464/500, real avg travel time:247.6768090002557
step:3600/3600, q_loss:-1.1372370257352789e-06, rewards:-2.5069596767425537, queue:0.8865079283714294, delay:0.11417332291603088, throughput:3952
episode:465/500, real avg travel time:242.77580971659918
Test step:465/500, travel time :359.6027314112291, rewards:-9.7349214553833, queue:2.4369046688079834, delay:0.15177324414253235, throughput:3295
step:3600/3600, q_loss:3.470789201350676e-05, rewards:-3.298539638519287, queue:1.0633597373962402, delay:0.1155804693698883, throughput:3913
episode:466/500, real avg travel time:263.38231535905953
step:3600/3600, q_loss:-6.444099401253172e-07, rewards:-2.7743613719940186, queue:0.932275116443634, delay:0.11438165605068207, throughput:3942
episode:467/500, real avg travel time:246.1834094368341
step:3600/3600, q_loss:-8.001311167996997e-06, rewards:-2.568136692047119, queue:0.8948412537574768, delay:0.11363262683153152, throughput:3933
episode:468/500, real avg travel time:249.57894736842104
step:3600/3600, q_loss:-1.6548121897762435e-06, rewards:-2.4713854789733887, queue:0.8997354507446289, delay:0.11395628750324249, throughput:3981
episode:469/500, real avg travel time:239.7430293896006
step:3600/3600, q_loss:1.823741129353746e-06, rewards:-2.488607168197632, queue:0.8916666507720947, delay:0.11292776465415955, throughput:3993
episode:470/500, real avg travel time:248.32882544452792
Test step:470/500, travel time :282.1312268716197, rewards:-5.803884506225586, queue:1.5212962627410889, delay:0.13378174602985382, throughput:3513
step:3600/3600, q_loss:-4.984626664534315e-06, rewards:-2.4748454093933105, queue:0.8931217193603516, delay:0.11603596806526184, throughput:3975
episode:471/500, real avg travel time:252.8296855345912
step:3600/3600, q_loss:-6.876883950705329e-06, rewards:-2.437523126602173, queue:0.8806878328323364, delay:0.11345283687114716, throughput:3965
episode:472/500, real avg travel time:245.91349306431275
step:3600/3600, q_loss:1.2097500277579659e-06, rewards:-2.7675750255584717, queue:0.9305555820465088, delay:0.11510041356086731, throughput:3933
episode:473/500, real avg travel time:252.69565217391303
step:3600/3600, q_loss:-4.4978570561700815e-06, rewards:-2.657179832458496, queue:0.9293650984764099, delay:0.11558336764574051, throughput:3922
episode:474/500, real avg travel time:248.90183579806222
step:3600/3600, q_loss:-6.206799662322738e-06, rewards:-2.89342999458313, queue:0.9503968358039856, delay:0.11800344288349152, throughput:3888
episode:475/500, real avg travel time:261.26183127572017
Test step:475/500, travel time :251.41536388140162, rewards:-2.768012762069702, queue:0.9097883701324463, delay:0.11591184884309769, throughput:3710
step:3600/3600, q_loss:3.028932680738055e-05, rewards:-3.163968801498413, queue:1.0400793552398682, delay:0.11881977319717407, throughput:3891
episode:476/500, real avg travel time:263.5093806219481
step:3600/3600, q_loss:2.575286190323014e-06, rewards:-2.4934141635894775, queue:0.8849206566810608, delay:0.11427171528339386, throughput:3947
episode:477/500, real avg travel time:241.20395236888777
step:3600/3600, q_loss:4.046695806512919e-05, rewards:-3.3489990234375, queue:1.1006613969802856, delay:0.1228257417678833, throughput:3933
episode:478/500, real avg travel time:251.47724383422323
step:3600/3600, q_loss:-1.2483569864545846e-06, rewards:-2.653270721435547, queue:0.9379629492759705, delay:0.11928058415651321, throughput:4042
episode:479/500, real avg travel time:247.04255319148936
step:3600/3600, q_loss:3.4179797189103234e-07, rewards:-2.439239263534546, queue:0.8626984357833862, delay:0.11161133646965027, throughput:3899
episode:480/500, real avg travel time:239.0364195947679
Test step:480/500, travel time :306.29029605263156, rewards:-4.39975118637085, queue:1.2402116060256958, delay:0.12071866542100906, throughput:3648
step:3600/3600, q_loss:-3.323133084146927e-06, rewards:-2.4971487522125244, queue:0.9079365134239197, delay:0.1176692321896553, throughput:3985
episode:481/500, real avg travel time:235.52446675031368
step:3600/3600, q_loss:8.978249582772454e-05, rewards:-3.526991844177246, queue:1.169179916381836, delay:0.12222474813461304, throughput:4012
episode:482/500, real avg travel time:256.7881355932203
step:3600/3600, q_loss:4.5988095209597504e-05, rewards:-3.319037437438965, queue:1.0900793075561523, delay:0.12071046978235245, throughput:3954
episode:483/500, real avg travel time:242.43803743045018
step:3600/3600, q_loss:8.65515095130023e-05, rewards:-3.6550753116607666, queue:1.1794973611831665, delay:0.11934331059455872, throughput:3869
episode:484/500, real avg travel time:246.2856035151202
step:3600/3600, q_loss:5.8823088895426025e-06, rewards:-2.7673494815826416, queue:0.9541005492210388, delay:0.1173187866806984, throughput:3993
episode:485/500, real avg travel time:243.5502128725269
Test step:485/500, travel time :270.9011546043368, rewards:-5.795763969421387, queue:1.7535713911056519, delay:0.12394212186336517, throughput:3551
step:3600/3600, q_loss:4.603096992165471e-06, rewards:-3.0104892253875732, queue:0.9814814925193787, delay:0.11831022053956985, throughput:3968
episode:486/500, real avg travel time:246.97832661290323
step:3600/3600, q_loss:-7.449451934209921e-06, rewards:-2.4702603816986084, queue:0.8752645254135132, delay:0.11346153169870377, throughput:3972
episode:487/500, real avg travel time:232.55110775427997
step:3600/3600, q_loss:-6.568282737538943e-06, rewards:-2.5766711235046387, queue:0.913095235824585, delay:0.11833374202251434, throughput:3954
episode:488/500, real avg travel time:250.92817400101163
step:3600/3600, q_loss:-9.426252735364769e-06, rewards:-2.4150731563568115, queue:0.8731481432914734, delay:0.11382367461919785, throughput:3943
episode:489/500, real avg travel time:227.2741567334517
step:3600/3600, q_loss:-5.541696979586656e-06, rewards:-2.5523452758789062, queue:0.916269838809967, delay:0.11743136495351791, throughput:3951
episode:490/500, real avg travel time:251.88433308023286
Test step:490/500, travel time :270.8959521094641, rewards:-5.372713565826416, queue:1.5292328596115112, delay:0.12293854355812073, throughput:3508
step:3600/3600, q_loss:2.6777478019034283e-05, rewards:-3.3879282474517822, queue:1.088624358177185, delay:0.11627890914678574, throughput:3903
episode:491/500, real avg travel time:262.9805277991289
step:3600/3600, q_loss:2.649263559659529e-06, rewards:-2.765620708465576, queue:0.926719605922699, delay:0.11330614984035492, throughput:3898
episode:492/500, real avg travel time:247.41123653155464
step:3600/3600, q_loss:0.00029793562522778907, rewards:-5.300021648406982, queue:1.4677249193191528, delay:0.12177634984254837, throughput:3739
episode:493/500, real avg travel time:265.22144958545067
step:3600/3600, q_loss:5.1233634763371405e-05, rewards:-3.1434028148651123, queue:1.053174614906311, delay:0.11547607183456421, throughput:3955
episode:494/500, real avg travel time:249.10063211125157
step:3600/3600, q_loss:-3.479838293666641e-07, rewards:-2.596153497695923, queue:0.9082010388374329, delay:0.11574069410562515, throughput:3984
episode:495/500, real avg travel time:246.77133534136547
Test step:495/500, travel time :261.13758943313155, rewards:-4.548542499542236, queue:1.3899470567703247, delay:0.114519402384758, throughput:3634
step:3600/3600, q_loss:-4.009758170771723e-06, rewards:-2.556589365005493, queue:0.901190459728241, delay:0.11312835663557053, throughput:3990
episode:496/500, real avg travel time:239.9764411027569
step:3600/3600, q_loss:6.348820574607493e-06, rewards:-2.647052764892578, queue:0.9415343999862671, delay:0.1154775619506836, throughput:4001
episode:497/500, real avg travel time:247.98250437390652
step:3600/3600, q_loss:-9.679529790042176e-08, rewards:-2.210653781890869, queue:0.8408730030059814, delay:0.1137465387582779, throughput:4007
episode:498/500, real avg travel time:228.52258547541803
step:3600/3600, q_loss:-8.277837170882978e-06, rewards:-2.629045009613037, queue:0.936904788017273, delay:0.11967968195676804, throughput:4014
episode:499/500, real avg travel time:248.4063278525162
Hyperparameters saved to: data/output_data/tsc/sumo_hyperlight_mappo/sumo1x21/learned500_sumo1x21_seed0/hyperparameters.json
Loaded best checkpoint for final evaluation
Final Travel Time is 211.1135, mean rewards: -2.4892, queue: 0.9205, delay: 0.1179, throughput: 3787
Total time taken: 21508.39664387703
