step:3600/3600, q_loss:0.0003619260335755017, rewards:-13.210790634155273, queue:3.872751235961914, delay:0.22829413414001465, throughput:3944
episode:0/500, real avg travel time:315.17799188640976
Test step:0/500, travel time :816.5110410094637, rewards:-41.87736892700195, queue:12.870105743408203, delay:0.4311576783657074, throughput:951
New best TEST travel time 816.5110 at episode 0, saved as best checkpoint
step:3600/3600, q_loss:0.00020766687262544615, rewards:-11.32664966583252, queue:3.482804298400879, delay:0.21544529497623444, throughput:3941
episode:1/500, real avg travel time:295.8985029180411
step:3600/3600, q_loss:0.0003032686525127954, rewards:-12.141046524047852, queue:3.723280429840088, delay:0.21177977323532104, throughput:3966
episode:2/500, real avg travel time:301.24886535552196
step:3600/3600, q_loss:6.51379020483647e-05, rewards:-9.533479690551758, queue:3.047619104385376, delay:0.20403587818145752, throughput:3966
episode:3/500, real avg travel time:281.3507312153303
step:3600/3600, q_loss:9.52251574037493e-05, rewards:-9.39480209350586, queue:3.0260581970214844, delay:0.20023003220558167, throughput:3629
episode:4/500, real avg travel time:292.7823091760816
step:3600/3600, q_loss:1.919008888459454e-05, rewards:-8.131178855895996, queue:2.657407522201538, delay:0.1914539635181427, throughput:3973
episode:5/500, real avg travel time:279.16209413541407
Test step:5/500, travel time :595.1996867658575, rewards:-38.68781280517578, queue:11.298412322998047, delay:0.37781256437301636, throughput:1277
New best TEST travel time 595.1997 at episode 5, saved as best checkpoint
step:3600/3600, q_loss:7.029541302472353e-05, rewards:-8.761815071105957, queue:2.757275104522705, delay:0.1949765980243683, throughput:3923
episode:6/500, real avg travel time:287.56742289064493
step:3600/3600, q_loss:-5.211466244266679e-06, rewards:-7.245414733886719, queue:2.3847882747650146, delay:0.18592041730880737, throughput:4013
episode:7/500, real avg travel time:269.37951657114377
step:3600/3600, q_loss:5.780883382410846e-05, rewards:-7.589848041534424, queue:2.4175925254821777, delay:0.18635599315166473, throughput:4021
episode:8/500, real avg travel time:289.09102213379754
step:3600/3600, q_loss:1.1144594868205281e-05, rewards:-6.982920169830322, queue:2.2294974327087402, delay:0.18041200935840607, throughput:4014
episode:9/500, real avg travel time:274.711509715994
step:3600/3600, q_loss:-1.686541800154373e-05, rewards:-6.27351188659668, queue:2.0349206924438477, delay:0.17254279553890228, throughput:4022
episode:10/500, real avg travel time:265.8470909995027
Test step:10/500, travel time :519.1974937343358, rewards:-27.70633316040039, queue:7.753703594207764, delay:0.3091179430484772, throughput:1995
New best TEST travel time 519.1975 at episode 10, saved as best checkpoint
step:3600/3600, q_loss:1.800694994421469e-05, rewards:-6.566719055175781, queue:2.119312286376953, delay:0.1750246286392212, throughput:4014
episode:11/500, real avg travel time:274.3161434977578
step:3600/3600, q_loss:2.7098261893519926e-05, rewards:-6.7426371574401855, queue:2.143254041671753, delay:0.17860452830791473, throughput:4009
episode:12/500, real avg travel time:305.58667997006734
step:3600/3600, q_loss:1.4707175271016442e-05, rewards:-6.287490367889404, queue:2.007275104522705, delay:0.17128296196460724, throughput:3991
episode:13/500, real avg travel time:294.73640691556
step:3600/3600, q_loss:0.0002441512711811811, rewards:-7.8493123054504395, queue:2.4342591762542725, delay:0.1741463989019394, throughput:3630
episode:14/500, real avg travel time:300.8330578512397
step:3600/3600, q_loss:-1.3811928187755662e-05, rewards:-5.612835884094238, queue:1.8047618865966797, delay:0.1678694188594818, throughput:4024
episode:15/500, real avg travel time:262.6279821073559
Test step:15/500, travel time :446.09212050984934, rewards:-28.67074203491211, queue:8.057671546936035, delay:0.29453080892562866, throughput:1726
New best TEST travel time 446.0921 at episode 15, saved as best checkpoint
step:3600/3600, q_loss:1.5785731051841545e-05, rewards:-6.521824836730957, queue:2.075529098510742, delay:0.17134428024291992, throughput:3984
episode:16/500, real avg travel time:312.6081827309237
step:3600/3600, q_loss:6.466062526063372e-05, rewards:-5.961202621459961, queue:1.770370364189148, delay:0.16222836077213287, throughput:3945
episode:17/500, real avg travel time:279.05551330798477
step:3600/3600, q_loss:-1.1490933522711405e-05, rewards:-4.906335353851318, queue:1.5597883462905884, delay:0.1541506052017212, throughput:4038
episode:18/500, real avg travel time:254.76349678058446
step:3600/3600, q_loss:-1.2344470613041064e-05, rewards:-4.771085739135742, queue:1.5126984119415283, delay:0.1505124568939209, throughput:3968
episode:19/500, real avg travel time:260.9634576612903
step:3600/3600, q_loss:8.200800099681753e-05, rewards:-5.85225772857666, queue:1.7937830686569214, delay:0.15586711466312408, throughput:3930
episode:20/500, real avg travel time:293.05012722646313
Test step:20/500, travel time :374.66025316455693, rewards:-20.903366088867188, queue:6.242063522338867, delay:0.24831771850585938, throughput:1975
New best TEST travel time 374.6603 at episode 20, saved as best checkpoint
step:3600/3600, q_loss:1.5428537800390686e-05, rewards:-5.411208152770996, queue:1.6174603700637817, delay:0.15343183279037476, throughput:3952
episode:21/500, real avg travel time:272.4230769230769
step:3600/3600, q_loss:-1.2079039637076979e-05, rewards:-4.991207599639893, queue:1.582539677619934, delay:0.1574074625968933, throughput:3965
episode:22/500, real avg travel time:256.6640605296343
step:3600/3600, q_loss:-1.1167527797321478e-05, rewards:-4.552367687225342, queue:1.4277777671813965, delay:0.14653362333774567, throughput:3985
episode:23/500, real avg travel time:254.16612296110415
step:3600/3600, q_loss:3.6704458681116295e-05, rewards:-4.865085124969482, queue:1.5291005373001099, delay:0.14706800878047943, throughput:3959
episode:24/500, real avg travel time:264.2450113665067
step:3600/3600, q_loss:-9.527078105343713e-06, rewards:-4.124048709869385, queue:1.3702380657196045, delay:0.1435067504644394, throughput:4034
episode:25/500, real avg travel time:259.43529995042144
Test step:25/500, travel time :402.46673142302086, rewards:-19.244033813476562, queue:5.689153671264648, delay:0.24182021617889404, throughput:2059
step:3600/3600, q_loss:-1.5007120762473076e-05, rewards:-4.000027179718018, queue:1.3469576835632324, delay:0.13986559212207794, throughput:4012
episode:26/500, real avg travel time:252.1453140578265
step:3600/3600, q_loss:5.823059068966864e-06, rewards:-4.340178966522217, queue:1.4314814805984497, delay:0.14130087196826935, throughput:3954
episode:27/500, real avg travel time:260.74178047546786
step:3600/3600, q_loss:-1.640287316857009e-05, rewards:-3.894415855407715, queue:1.289814829826355, delay:0.1413242369890213, throughput:3925
episode:28/500, real avg travel time:251.16535031847133
step:3600/3600, q_loss:-1.087991363925135e-05, rewards:-3.7413289546966553, queue:1.2794973850250244, delay:0.1369478404521942, throughput:3936
episode:29/500, real avg travel time:245.6430386178862
step:3600/3600, q_loss:-1.7117375318775884e-05, rewards:-3.651702880859375, queue:1.2596560716629028, delay:0.13570910692214966, throughput:4010
episode:30/500, real avg travel time:251.9488778054863
Test step:30/500, travel time :468.4551867219917, rewards:-18.978939056396484, queue:5.659656047821045, delay:0.23635020852088928, throughput:2410
step:3600/3600, q_loss:7.175787371428062e-05, rewards:-4.78196907043457, queue:1.5146825313568115, delay:0.14048412442207336, throughput:3915
episode:31/500, real avg travel time:262.11443167305237
step:3600/3600, q_loss:2.0351619039300002e-06, rewards:-4.337094306945801, queue:1.3931217193603516, delay:0.14412358403205872, throughput:3944
episode:32/500, real avg travel time:271.90796146044624
step:3600/3600, q_loss:8.359349182380053e-05, rewards:-4.7764811515808105, queue:1.5289682149887085, delay:0.14329293370246887, throughput:3904
episode:33/500, real avg travel time:281.2469262295082
step:3600/3600, q_loss:9.24933208605378e-05, rewards:-4.798889636993408, queue:1.5562169551849365, delay:0.14299088716506958, throughput:3990
episode:34/500, real avg travel time:264.1671679197995
step:3600/3600, q_loss:-5.544547295560025e-07, rewards:-4.168080806732178, queue:1.4051587581634521, delay:0.1423952579498291, throughput:3930
episode:35/500, real avg travel time:250.3178117048346
Test step:35/500, travel time :270.2806531967894, rewards:-8.537191390991211, queue:3.0314815044403076, delay:0.16366347670555115, throughput:3613
New best TEST travel time 270.2807 at episode 35, saved as best checkpoint
step:3600/3600, q_loss:0.000135374487662274, rewards:-5.372349262237549, queue:1.6644179821014404, delay:0.14577923715114594, throughput:3947
episode:36/500, real avg travel time:272.7375221687357
step:3600/3600, q_loss:-1.6553294295186385e-06, rewards:-3.7335925102233887, queue:1.2765872478485107, delay:0.13687334954738617, throughput:3959
episode:37/500, real avg travel time:239.504167719121
step:3600/3600, q_loss:3.84886758790041e-06, rewards:-3.8953800201416016, queue:1.3173280954360962, delay:0.13890354335308075, throughput:3953
episode:38/500, real avg travel time:245.42119908929928
step:3600/3600, q_loss:0.000214310192839346, rewards:-5.590816020965576, queue:1.727116346359253, delay:0.14608700573444366, throughput:3874
episode:39/500, real avg travel time:275.4403717088281
step:3600/3600, q_loss:5.429270095191896e-06, rewards:-3.462259292602539, queue:1.2287037372589111, delay:0.13461869955062866, throughput:3922
episode:40/500, real avg travel time:239.12952575216727
Test step:40/500, travel time :375.180316091954, rewards:-16.283411026000977, queue:5.0497355461120605, delay:0.22385960817337036, throughput:2784
step:3600/3600, q_loss:3.3366676103065e-05, rewards:-4.408107757568359, queue:1.4326719045639038, delay:0.13957974314689636, throughput:4010
episode:41/500, real avg travel time:260.24463840399005
step:3600/3600, q_loss:-3.103159380973213e-06, rewards:-3.211757183074951, queue:1.170899510383606, delay:0.13276931643486023, throughput:3988
episode:42/500, real avg travel time:238.01479438314945
step:3600/3600, q_loss:2.767644845233816e-05, rewards:-3.9676153659820557, queue:1.3445767164230347, delay:0.14117710292339325, throughput:3992
episode:43/500, real avg travel time:253.61422845691382
step:3600/3600, q_loss:-8.037261836256625e-06, rewards:-3.5982346534729004, queue:1.2796295881271362, delay:0.13648483157157898, throughput:3949
episode:44/500, real avg travel time:248.11344644213725
step:3600/3600, q_loss:-6.560127480447085e-06, rewards:-3.5035550594329834, queue:1.2579364776611328, delay:0.13446356356143951, throughput:3944
episode:45/500, real avg travel time:245.76597363083164
Test step:45/500, travel time :348.9374333451831, rewards:-14.298712730407715, queue:4.8035712242126465, delay:0.21096299588680267, throughput:2813
step:3600/3600, q_loss:7.581946257333685e-05, rewards:-3.889071226119995, queue:1.3223545551300049, delay:0.13443151116371155, throughput:3885
episode:46/500, real avg travel time:247.3001287001287
step:3600/3600, q_loss:1.1623726297532105e-05, rewards:-3.795275926589966, queue:1.2855820655822754, delay:0.13727141916751862, throughput:3906
episode:47/500, real avg travel time:259.921146953405
step:3600/3600, q_loss:8.587991437202113e-07, rewards:-3.6238770484924316, queue:1.2693121433258057, delay:0.1383986473083496, throughput:3928
episode:48/500, real avg travel time:256.89383910386965
step:3600/3600, q_loss:0.00036426136632346446, rewards:-8.823022842407227, queue:2.4794974327087402, delay:0.1654742807149887, throughput:3511
episode:49/500, real avg travel time:305.24522927940757
step:3600/3600, q_loss:0.0006596395435432593, rewards:-10.651190757751465, queue:2.844973564147949, delay:0.16805864870548248, throughput:3742
episode:50/500, real avg travel time:362.1496525921967
Test step:50/500, travel time :333.2031066822978, rewards:-10.490058898925781, queue:3.521296262741089, delay:0.19123604893684387, throughput:3412
step:3600/3600, q_loss:0.0001548886599872882, rewards:-5.577929496765137, queue:1.6943122148513794, delay:0.14377933740615845, throughput:3784
episode:51/500, real avg travel time:271.2201374207188
step:3600/3600, q_loss:-4.613550400891755e-06, rewards:-3.5937933921813965, queue:1.2183862924575806, delay:0.13650506734848022, throughput:3919
episode:52/500, real avg travel time:248.50497575912223
step:3600/3600, q_loss:0.0001659825903415266, rewards:-6.508962154388428, queue:1.9150793552398682, delay:0.15470243990421295, throughput:3966
episode:53/500, real avg travel time:331.5330307614725
step:3600/3600, q_loss:2.0472034682623215e-05, rewards:-4.734959602355957, queue:1.4829365015029907, delay:0.1458045095205307, throughput:3852
episode:54/500, real avg travel time:269.5963136033229
step:3600/3600, q_loss:0.00022692047124211158, rewards:-6.101578712463379, queue:1.8124338388442993, delay:0.14361417293548584, throughput:3896
episode:55/500, real avg travel time:295.11498973305953
Test step:55/500, travel time :500.91389009086976, rewards:-19.49100112915039, queue:5.768386363983154, delay:0.25157785415649414, throughput:2311
step:3600/3600, q_loss:0.00014651422008884967, rewards:-5.767687797546387, queue:1.7818783521652222, delay:0.14950363337993622, throughput:3962
episode:56/500, real avg travel time:288.62872286723876
step:3600/3600, q_loss:3.527640850127985e-06, rewards:-4.3231425285339355, queue:1.3620370626449585, delay:0.141637921333313, throughput:3963
episode:57/500, real avg travel time:266.38808983093617
step:3600/3600, q_loss:4.7434523730771615e-05, rewards:-5.069067478179932, queue:1.5678571462631226, delay:0.15197230875492096, throughput:3974
episode:58/500, real avg travel time:287.51887267237043
step:3600/3600, q_loss:3.1036179279908538e-06, rewards:-4.603541374206543, queue:1.4455026388168335, delay:0.14538581669330597, throughput:3902
episode:59/500, real avg travel time:265.2160430548437
step:3600/3600, q_loss:0.00028847280838009383, rewards:-7.771219730377197, queue:2.1399471759796143, delay:0.15999090671539307, throughput:3893
episode:60/500, real avg travel time:322.6624711019779
Test step:60/500, travel time :361.4360926102125, rewards:-15.20585823059082, queue:4.573809623718262, delay:0.2147684246301651, throughput:3153
step:3600/3600, q_loss:6.799230840341706e-05, rewards:-4.767706394195557, queue:1.4787037372589111, delay:0.14054261147975922, throughput:3937
episode:61/500, real avg travel time:288.35280670561343
step:3600/3600, q_loss:2.2926188992439873e-05, rewards:-4.664517402648926, queue:1.4339946508407593, delay:0.14487864077091217, throughput:3923
episode:62/500, real avg travel time:269.8141728269182
step:3600/3600, q_loss:2.6663336272273833e-05, rewards:-4.513230323791504, queue:1.4124338626861572, delay:0.14173032343387604, throughput:3926
episode:63/500, real avg travel time:274.36933265410084
step:3600/3600, q_loss:1.3310665397309801e-05, rewards:-4.755119323730469, queue:1.4526455402374268, delay:0.14079317450523376, throughput:3858
episode:64/500, real avg travel time:267.15914981855883
step:3600/3600, q_loss:0.00018468328028878507, rewards:-6.110984802246094, queue:1.8510582447052002, delay:0.14664185047149658, throughput:3891
episode:65/500, real avg travel time:278.49010537136985
Test step:65/500, travel time :339.67356029271394, rewards:-13.425264358520508, queue:3.8021163940429688, delay:0.21181736886501312, throughput:3143
step:3600/3600, q_loss:6.748134676147149e-05, rewards:-5.132073879241943, queue:1.592989444732666, delay:0.14458459615707397, throughput:3955
episode:66/500, real avg travel time:282.4983565107459
step:3600/3600, q_loss:4.479745031049889e-05, rewards:-5.170934200286865, queue:1.5900793075561523, delay:0.14980317652225494, throughput:3953
episode:67/500, real avg travel time:277.9587654945611
step:3600/3600, q_loss:0.00010481705095217977, rewards:-6.019235610961914, queue:1.8205026388168335, delay:0.14928846061229706, throughput:3917
episode:68/500, real avg travel time:298.0375287209599
step:3600/3600, q_loss:0.00014093474156753573, rewards:-6.922913074493408, queue:1.9461640119552612, delay:0.16246406733989716, throughput:3934
episode:69/500, real avg travel time:339.75597356380274
step:3600/3600, q_loss:0.00011396528926626262, rewards:-5.886996746063232, queue:1.7788360118865967, delay:0.15348780155181885, throughput:3934
episode:70/500, real avg travel time:274.9351804778851
Test step:70/500, travel time :320.21092335546166, rewards:-11.321500778198242, queue:3.4822752475738525, delay:0.19667215645313263, throughput:3314
step:3600/3600, q_loss:3.5595753514725303e-06, rewards:-4.859807014465332, queue:1.4869047403335571, delay:0.14653953909873962, throughput:3986
episode:71/500, real avg travel time:269.87606623181136
step:3600/3600, q_loss:1.0858524102433067e-05, rewards:-4.793863773345947, queue:1.4933862686157227, delay:0.14790067076683044, throughput:3963
episode:72/500, real avg travel time:279.2245773403987
step:3600/3600, q_loss:-2.0372940909712473e-05, rewards:-4.554707050323486, queue:1.4318783283233643, delay:0.14441008865833282, throughput:3993
episode:73/500, real avg travel time:272.2436764337591
step:3600/3600, q_loss:-6.987337110331282e-06, rewards:-4.270101547241211, queue:1.3427249193191528, delay:0.14100143313407898, throughput:3919
episode:74/500, real avg travel time:272.15105894360806
step:3600/3600, q_loss:1.5852231768399682e-05, rewards:-4.978657245635986, queue:1.5130952596664429, delay:0.14242132008075714, throughput:3873
episode:75/500, real avg travel time:283.3356571133488
Test step:75/500, travel time :357.97782874617735, rewards:-11.89214038848877, queue:3.3398149013519287, delay:0.21080546081066132, throughput:2616
step:3600/3600, q_loss:0.0001221523688097174, rewards:-5.593983173370361, queue:1.67037034034729, delay:0.14676201343536377, throughput:3784
episode:76/500, real avg travel time:268.85967230443975
step:3600/3600, q_loss:-9.264589769170724e-06, rewards:-4.634969234466553, queue:1.4267195463180542, delay:0.14285124838352203, throughput:3951
episode:77/500, real avg travel time:277.6578081498355
step:3600/3600, q_loss:1.3790970034379926e-05, rewards:-4.973500728607178, queue:1.527645468711853, delay:0.14876390993595123, throughput:3913
episode:78/500, real avg travel time:287.797342192691
step:3600/3600, q_loss:-9.096668185924904e-06, rewards:-4.447111129760742, queue:1.3638888597488403, delay:0.14230982959270477, throughput:3895
episode:79/500, real avg travel time:278.06546854942235
step:3600/3600, q_loss:1.5104436008389005e-05, rewards:-4.787078380584717, queue:1.46746027469635, delay:0.1422528773546219, throughput:3852
episode:80/500, real avg travel time:270.351246105919
Test step:80/500, travel time :513.6946004319655, rewards:-21.236045837402344, queue:5.8321428298950195, delay:0.2543559968471527, throughput:2315
step:3600/3600, q_loss:-6.411637231293652e-06, rewards:-4.535337448120117, queue:1.397089958190918, delay:0.14524032175540924, throughput:3793
episode:81/500, real avg travel time:295.7882942262062
step:3600/3600, q_loss:4.867256728984002e-05, rewards:-4.629058837890625, queue:1.4158730506896973, delay:0.13708333671092987, throughput:3888
episode:82/500, real avg travel time:262.3888888888889
step:3600/3600, q_loss:0.0002377521123788837, rewards:-7.355684280395508, queue:1.985185146331787, delay:0.1518414169549942, throughput:3747
episode:83/500, real avg travel time:305.48198558847076
step:3600/3600, q_loss:7.546976865139894e-05, rewards:-5.653799057006836, queue:1.5888888835906982, delay:0.14651872217655182, throughput:3855
episode:84/500, real avg travel time:293.8894941634241
step:3600/3600, q_loss:2.6075034111272543e-05, rewards:-4.958008289337158, queue:1.4816137552261353, delay:0.14373762905597687, throughput:3872
episode:85/500, real avg travel time:274.0702479338843
Test step:85/500, travel time :421.3730092204526, rewards:-18.83946990966797, queue:4.893121719360352, delay:0.24167828261852264, throughput:2386
step:3600/3600, q_loss:0.0005203434628330999, rewards:-9.695910453796387, queue:2.381481409072876, delay:0.16806380450725555, throughput:3672
episode:86/500, real avg travel time:326.4730392156863
step:3600/3600, q_loss:1.279890259158694e-06, rewards:-4.602181911468506, queue:1.3458994626998901, delay:0.14592352509498596, throughput:3865
episode:87/500, real avg travel time:288.74023285899096
step:3600/3600, q_loss:0.00032896106131374836, rewards:-8.522615432739258, queue:2.0858466625213623, delay:0.16537213325500488, throughput:3731
episode:88/500, real avg travel time:315.14419726614847
step:3600/3600, q_loss:9.794915078802863e-06, rewards:-4.934210300445557, queue:1.4006613492965698, delay:0.14276553690433502, throughput:3830
episode:89/500, real avg travel time:300.5994778067885
step:3600/3600, q_loss:-9.554692870652717e-06, rewards:-4.4511332511901855, queue:1.3300265073776245, delay:0.1417878419160843, throughput:3921
episode:90/500, real avg travel time:278.0109665901556
Test step:90/500, travel time :320.3663183773817, rewards:-12.94477653503418, queue:3.175661325454712, delay:0.2015741616487503, throughput:3254
step:3600/3600, q_loss:3.599340068629115e-05, rewards:-4.726043224334717, queue:1.3695766925811768, delay:0.14349916577339172, throughput:3847
episode:91/500, real avg travel time:277.92409669872626
step:3600/3600, q_loss:-3.1322193131523413e-06, rewards:-4.673989295959473, queue:1.358465552330017, delay:0.14282509684562683, throughput:3861
episode:92/500, real avg travel time:276.026936026936
step:3600/3600, q_loss:7.620643534917488e-05, rewards:-5.286565780639648, queue:1.560185194015503, delay:0.1484050154685974, throughput:3865
episode:93/500, real avg travel time:284.8703751617076
step:3600/3600, q_loss:-8.884156866568244e-07, rewards:-4.363789081573486, queue:1.3231481313705444, delay:0.1455671191215515, throughput:3958
episode:94/500, real avg travel time:281.7324406265791
step:3600/3600, q_loss:1.1396619407201393e-07, rewards:-4.454277038574219, queue:1.3079365491867065, delay:0.14123372733592987, throughput:3915
episode:95/500, real avg travel time:271.15121328224774
Test step:95/500, travel time :314.93273691186215, rewards:-13.64319133758545, queue:3.3305554389953613, delay:0.19674547016620636, throughput:3018
step:3600/3600, q_loss:6.463981400075782e-05, rewards:-4.852020263671875, queue:1.4478836059570312, delay:0.13920164108276367, throughput:3829
episode:96/500, real avg travel time:279.2162444502481
step:3600/3600, q_loss:1.4875428557085495e-06, rewards:-4.061943054199219, queue:1.2373015880584717, delay:0.13504792749881744, throughput:3939
episode:97/500, real avg travel time:266.020817466362
step:3600/3600, q_loss:0.00015574493930519868, rewards:-6.207573890686035, queue:1.6839946508407593, delay:0.1449432075023651, throughput:3802
episode:98/500, real avg travel time:304.64992109416096
step:3600/3600, q_loss:0.00022967074328335003, rewards:-6.404232501983643, queue:1.8039683103561401, delay:0.14881490170955658, throughput:3821
episode:99/500, real avg travel time:302.5098141847684
step:3600/3600, q_loss:4.816375310636229e-05, rewards:-4.755251407623291, queue:1.4379630088806152, delay:0.13992831110954285, throughput:3851
episode:100/500, real avg travel time:296.69774084653335
Test step:100/500, travel time :361.07127969987494, rewards:-17.0648250579834, queue:4.3226189613342285, delay:0.22677838802337646, throughput:2399
step:3600/3600, q_loss:7.143281699326407e-05, rewards:-5.185932159423828, queue:1.5128307342529297, delay:0.1474747359752655, throughput:3807
episode:101/500, real avg travel time:280.5043341213554
step:3600/3600, q_loss:0.0005116817683705853, rewards:-9.7322359085083, queue:2.51111102104187, delay:0.16497084498405457, throughput:3648
episode:102/500, real avg travel time:331.655975877193
step:3600/3600, q_loss:6.17757614236325e-06, rewards:-4.968541622161865, queue:1.4853174686431885, delay:0.14994998276233673, throughput:3884
episode:103/500, real avg travel time:296.7317198764161
step:3600/3600, q_loss:0.00040902999656585354, rewards:-9.3267822265625, queue:2.283597946166992, delay:0.1660853773355484, throughput:3623
episode:104/500, real avg travel time:334.4924096052995
step:3600/3600, q_loss:3.224569971078179e-06, rewards:-5.010782241821289, queue:1.4361110925674438, delay:0.14812691509723663, throughput:3786
episode:105/500, real avg travel time:287.783148441627
Test step:105/500, travel time :380.43221393034827, rewards:-14.81045913696289, queue:3.629232883453369, delay:0.20116275548934937, throughput:3216
step:3600/3600, q_loss:0.00016907533410833115, rewards:-6.967881202697754, queue:1.7403439283370972, delay:0.1554737538099289, throughput:3737
episode:106/500, real avg travel time:311.0508429221301
step:3600/3600, q_loss:0.00010209446021084053, rewards:-5.495297431945801, queue:1.5062168836593628, delay:0.14185762405395508, throughput:3793
episode:107/500, real avg travel time:295.49406802003693
step:3600/3600, q_loss:2.6044394568695377e-06, rewards:-4.884912967681885, queue:1.3857142925262451, delay:0.1428888589143753, throughput:3856
episode:108/500, real avg travel time:286.1755705394191
step:3600/3600, q_loss:2.7774042488696676e-05, rewards:-5.030263900756836, queue:1.399999976158142, delay:0.14316067099571228, throughput:3925
episode:109/500, real avg travel time:298.19974522292995
step:3600/3600, q_loss:-4.432310621875028e-06, rewards:-5.051105976104736, queue:1.4406085014343262, delay:0.14578646421432495, throughput:3914
episode:110/500, real avg travel time:265.78129790495655
Test step:110/500, travel time :307.3578792341679, rewards:-10.50162124633789, queue:2.568253993988037, delay:0.18373635411262512, throughput:3395
step:3600/3600, q_loss:1.6717024280094644e-05, rewards:-5.162243366241455, queue:1.4248677492141724, delay:0.14585921168327332, throughput:3906
episode:111/500, real avg travel time:286.1374807987711
step:3600/3600, q_loss:5.69942742812499e-05, rewards:-4.753629684448242, queue:1.3666666746139526, delay:0.14130674302577972, throughput:3925
episode:112/500, real avg travel time:282.6807643312102
step:3600/3600, q_loss:1.5048415338646414e-05, rewards:-4.509535789489746, queue:1.3025132417678833, delay:0.13988910615444183, throughput:3949
episode:113/500, real avg travel time:267.1881488984553
step:3600/3600, q_loss:1.5000908105220232e-06, rewards:-4.176112174987793, queue:1.273280382156372, delay:0.137260302901268, throughput:3943
episode:114/500, real avg travel time:264.61907177276186
step:3600/3600, q_loss:8.54581558087375e-05, rewards:-5.299955368041992, queue:1.50343918800354, delay:0.14359517395496368, throughput:3958
episode:115/500, real avg travel time:296.599797877716
Test step:115/500, travel time :290.1785290628707, rewards:-9.526554107666016, queue:2.3199734687805176, delay:0.17624014616012573, throughput:3372
step:3600/3600, q_loss:0.00020128167129264006, rewards:-6.133224010467529, queue:1.67380952835083, delay:0.1445213109254837, throughput:3978
episode:116/500, real avg travel time:322.25741578682755
step:3600/3600, q_loss:5.412951011546991e-06, rewards:-3.815432071685791, queue:1.2220900058746338, delay:0.1364593654870987, throughput:4007
episode:117/500, real avg travel time:249.81307711504866
step:3600/3600, q_loss:6.20598654980616e-05, rewards:-4.468102931976318, queue:1.362433910369873, delay:0.13401252031326294, throughput:3954
episode:118/500, real avg travel time:268.8138593829034
step:3600/3600, q_loss:5.37316572768355e-05, rewards:-4.5387864112854, queue:1.3449735641479492, delay:0.13758330047130585, throughput:3964
episode:119/500, real avg travel time:265.64581231079717
step:3600/3600, q_loss:4.361806915969484e-06, rewards:-3.682659149169922, queue:1.1867724657058716, delay:0.13369376957416534, throughput:3977
episode:120/500, real avg travel time:247.9492079456877
Test step:120/500, travel time :289.41593406593404, rewards:-5.729612350463867, queue:1.6603174209594727, delay:0.15097935497760773, throughput:3640
step:3600/3600, q_loss:1.780762177077122e-05, rewards:-4.089487075805664, queue:1.2736772298812866, delay:0.13707880675792694, throughput:3938
episode:121/500, real avg travel time:249.3717623158964
step:3600/3600, q_loss:2.774745411847511e-05, rewards:-4.201468467712402, queue:1.3171957731246948, delay:0.13766688108444214, throughput:3967
episode:122/500, real avg travel time:255.22737585076885
step:3600/3600, q_loss:5.169852293976066e-06, rewards:-3.431507110595703, queue:1.1412698030471802, delay:0.1335221827030182, throughput:3966
episode:123/500, real avg travel time:244.82652546646494
step:3600/3600, q_loss:8.318533251036165e-05, rewards:-4.322107315063477, queue:1.36984121799469, delay:0.13616152107715607, throughput:3958
episode:124/500, real avg travel time:269.6124305204649
step:3600/3600, q_loss:2.5506184708016615e-07, rewards:-3.3437612056732178, queue:1.137169361114502, delay:0.13317294418811798, throughput:4007
episode:125/500, real avg travel time:246.12078861991515
Test step:125/500, travel time :261.1705722070845, rewards:-4.485185623168945, queue:1.4970899820327759, delay:0.14714549481868744, throughput:3670
New best TEST travel time 261.1706 at episode 125, saved as best checkpoint
step:3600/3600, q_loss:3.6544025836822887e-06, rewards:-3.287010669708252, queue:1.125, delay:0.13266077637672424, throughput:3918
episode:126/500, real avg travel time:241.47473200612558
step:3600/3600, q_loss:4.5281786555683035e-05, rewards:-4.38133430480957, queue:1.4105820655822754, delay:0.1398133635520935, throughput:3927
episode:127/500, real avg travel time:272.1161191749427
step:3600/3600, q_loss:7.872062592974139e-06, rewards:-2.9942169189453125, queue:1.0809524059295654, delay:0.12904591858386993, throughput:3944
episode:128/500, real avg travel time:229.60091277890467
step:3600/3600, q_loss:-3.165931735161899e-06, rewards:-3.1273105144500732, queue:1.1042327880859375, delay:0.1299632042646408, throughput:4048
episode:129/500, real avg travel time:234.44787549407116
step:3600/3600, q_loss:-2.92591090934972e-06, rewards:-2.8913729190826416, queue:1.059259295463562, delay:0.12614627182483673, throughput:3982
episode:130/500, real avg travel time:241.6320944249121
Test step:130/500, travel time :239.6322634200332, rewards:-4.523143768310547, queue:1.3300265073776245, delay:0.13251329958438873, throughput:3614
New best TEST travel time 239.6323 at episode 130, saved as best checkpoint
step:3600/3600, q_loss:-3.3032182222490923e-06, rewards:-2.876718759536743, queue:1.0464285612106323, delay:0.12718400359153748, throughput:3959
episode:131/500, real avg travel time:236.49128567820156
step:3600/3600, q_loss:-6.330192667923661e-07, rewards:-3.1529977321624756, queue:1.1001322269439697, delay:0.129257932305336, throughput:4000
episode:132/500, real avg travel time:239.7255
step:3600/3600, q_loss:6.0234352470918866e-05, rewards:-3.685030221939087, queue:1.2371692657470703, delay:0.12907364964485168, throughput:3926
episode:133/500, real avg travel time:247.79750382068264
step:3600/3600, q_loss:-4.464618177735246e-06, rewards:-2.8329262733459473, queue:1.069179892539978, delay:0.12666647136211395, throughput:3914
episode:134/500, real avg travel time:230.11624936126725
step:3600/3600, q_loss:4.195427884244256e-05, rewards:-3.6236572265625, queue:1.1763226985931396, delay:0.13155750930309296, throughput:3943
episode:135/500, real avg travel time:262.22850621354297
Test step:135/500, travel time :234.0855106888361, rewards:-3.2903857231140137, queue:1.1693121194839478, delay:0.13582541048526764, throughput:3789
New best TEST travel time 234.0855 at episode 135, saved as best checkpoint
step:3600/3600, q_loss:1.3159339545786174e-05, rewards:-3.39289927482605, queue:1.184259295463562, delay:0.13289521634578705, throughput:3937
episode:136/500, real avg travel time:246.26670053340106
step:3600/3600, q_loss:-6.2517061855437025e-06, rewards:-2.7581419944763184, queue:1.0472222566604614, delay:0.12842796742916107, throughput:4027
episode:137/500, real avg travel time:235.7839582815992
step:3600/3600, q_loss:-5.372044041804555e-07, rewards:-3.4644525051116943, queue:1.1690475940704346, delay:0.13332673907279968, throughput:3940
episode:138/500, real avg travel time:254.86370558375634
step:3600/3600, q_loss:-2.0318569214497176e-06, rewards:-2.9909353256225586, queue:1.0835978984832764, delay:0.127724751830101, throughput:3950
episode:139/500, real avg travel time:240.02810126582278
step:3600/3600, q_loss:3.5920966992206456e-06, rewards:-3.1680996417999268, queue:1.1390211582183838, delay:0.13027411699295044, throughput:3882
episode:140/500, real avg travel time:261.4688304997424
Test step:140/500, travel time :255.1256, rewards:-3.649386167526245, queue:1.2227513790130615, delay:0.1378791630268097, throughput:3750
step:3600/3600, q_loss:9.233279730930614e-05, rewards:-3.5827202796936035, queue:1.2335978746414185, delay:0.12530747056007385, throughput:3911
episode:141/500, real avg travel time:240.86116082843262
step:3600/3600, q_loss:-2.1359723177738487e-06, rewards:-2.829787492752075, queue:1.0277777910232544, delay:0.12769940495491028, throughput:3981
episode:142/500, real avg travel time:229.3803064556644
step:3600/3600, q_loss:7.833989770410376e-05, rewards:-3.663609743118286, queue:1.2359788417816162, delay:0.1290583461523056, throughput:3910
episode:143/500, real avg travel time:257.3762148337596
step:3600/3600, q_loss:8.557785153647677e-05, rewards:-3.630333423614502, queue:1.2571429014205933, delay:0.12864871323108673, throughput:3978
episode:144/500, real avg travel time:249.92860734037205
step:3600/3600, q_loss:7.121298290763257e-05, rewards:-3.591745376586914, queue:1.2318782806396484, delay:0.1283540427684784, throughput:3984
episode:145/500, real avg travel time:259.6721887550201
Test step:145/500, travel time :235.5792666842522, rewards:-2.5759358406066895, queue:0.9644179940223694, delay:0.12247014045715332, throughput:3791
step:3600/3600, q_loss:9.351990787157169e-05, rewards:-3.788933038711548, queue:1.2822750806808472, delay:0.13443873822689056, throughput:3958
episode:146/500, real avg travel time:258.1212733703891
step:3600/3600, q_loss:-2.848713847924955e-06, rewards:-2.815013885498047, queue:1.044179916381836, delay:0.12930206954479218, throughput:3940
episode:147/500, real avg travel time:237.7989847715736
step:3600/3600, q_loss:-6.740998651366681e-06, rewards:-2.8711304664611816, queue:1.0338624715805054, delay:0.125494584441185, throughput:3965
episode:148/500, real avg travel time:249.32232030264817
step:3600/3600, q_loss:7.419518636500774e-05, rewards:-3.5645968914031982, queue:1.2187830209732056, delay:0.1289808601140976, throughput:3933
episode:149/500, real avg travel time:250.2743452834986
step:3600/3600, q_loss:9.706748500725048e-05, rewards:-3.983574151992798, queue:1.286375641822815, delay:0.13347092270851135, throughput:3883
episode:150/500, real avg travel time:250.69688385269123
Test step:150/500, travel time :246.37656458055926, rewards:-3.123487949371338, queue:1.0707671642303467, delay:0.12439590692520142, throughput:3755
step:3600/3600, q_loss:-1.1348430254858815e-05, rewards:-2.5794405937194824, queue:0.9917989373207092, delay:0.12654951214790344, throughput:3983
episode:151/500, real avg travel time:236.69043434597037
step:3600/3600, q_loss:0.0002575071573826588, rewards:-5.473519325256348, queue:1.6563491821289062, delay:0.13720591366291046, throughput:3759
episode:152/500, real avg travel time:289.853152434158
step:3600/3600, q_loss:-6.672391060015394e-07, rewards:-2.886610269546509, queue:1.057010531425476, delay:0.125199094414711, throughput:3931
episode:153/500, real avg travel time:246.2749936402951
step:3600/3600, q_loss:3.0190396905204073e-06, rewards:-2.9156157970428467, queue:1.055820107460022, delay:0.12678326666355133, throughput:3933
episode:154/500, real avg travel time:243.98881261123825
step:3600/3600, q_loss:0.00020024708016232277, rewards:-4.939544200897217, queue:1.504365086555481, delay:0.13616976141929626, throughput:3896
episode:155/500, real avg travel time:288.1180698151951
Test step:155/500, travel time :305.09034686743746, rewards:-5.755813121795654, queue:1.7158730030059814, delay:0.13932563364505768, throughput:3719
step:3600/3600, q_loss:5.9524380129813736e-05, rewards:-3.5909440517425537, queue:1.2113757133483887, delay:0.12764941155910492, throughput:3936
episode:156/500, real avg travel time:253.9804369918699
step:3600/3600, q_loss:8.302085787161356e-05, rewards:-3.692258596420288, queue:1.244444489479065, delay:0.13132163882255554, throughput:3941
episode:157/500, real avg travel time:254.5787871098706
step:3600/3600, q_loss:-6.262702097754098e-06, rewards:-2.8758721351623535, queue:1.0367724895477295, delay:0.12663081288337708, throughput:3989
episode:158/500, real avg travel time:245.07896715968914
step:3600/3600, q_loss:5.536548350290912e-06, rewards:-2.9325602054595947, queue:1.0313491821289062, delay:0.12502308189868927, throughput:3894
episode:159/500, real avg travel time:247.57062146892656
step:3600/3600, q_loss:1.6892153265265127e-05, rewards:-3.327552556991577, queue:1.1515872478485107, delay:0.1298932284116745, throughput:3850
episode:160/500, real avg travel time:258.5657142857143
Test step:160/500, travel time :241.45611015490533, rewards:-5.954024314880371, queue:1.7328041791915894, delay:0.13714684545993805, throughput:3486
step:3600/3600, q_loss:-4.802457179822442e-06, rewards:-2.7194132804870605, queue:0.9953703880310059, delay:0.12196896225214005, throughput:3873
episode:161/500, real avg travel time:236.00206558223599
step:3600/3600, q_loss:5.583646998275071e-06, rewards:-3.1805572509765625, queue:1.102910041809082, delay:0.12793876230716705, throughput:3896
episode:162/500, real avg travel time:252.65195071868584
step:3600/3600, q_loss:-4.387959294642011e-06, rewards:-2.872934341430664, queue:1.034656047821045, delay:0.1262560933828354, throughput:3966
episode:163/500, real avg travel time:245.19162884518406
step:3600/3600, q_loss:-4.616678698867973e-06, rewards:-2.9905354976654053, queue:1.0468254089355469, delay:0.12612082064151764, throughput:3940
episode:164/500, real avg travel time:252.71243654822334
step:3600/3600, q_loss:-9.111203123918838e-07, rewards:-3.15545916557312, queue:1.0742063522338867, delay:0.12545298039913177, throughput:3959
episode:165/500, real avg travel time:257.97751957565043
Test step:165/500, travel time :286.9166666666667, rewards:-4.615703582763672, queue:1.4013227224349976, delay:0.13503533601760864, throughput:3732
step:3600/3600, q_loss:2.4250088770511663e-05, rewards:-3.4695017337799072, queue:1.1658730506896973, delay:0.12688376009464264, throughput:3834
episode:166/500, real avg travel time:258.97470005216485
step:3600/3600, q_loss:7.897203548863116e-05, rewards:-4.084618091583252, queue:1.2875661849975586, delay:0.12706467509269714, throughput:3798
episode:167/500, real avg travel time:276.1216429699842
step:3600/3600, q_loss:2.202448579030008e-06, rewards:-3.0404067039489746, queue:1.0560846328735352, delay:0.12547194957733154, throughput:3863
episode:168/500, real avg travel time:258.43929588402796
step:3600/3600, q_loss:-3.8790983833476075e-06, rewards:-3.2403104305267334, queue:1.096825361251831, delay:0.1289903074502945, throughput:3949
episode:169/500, real avg travel time:263.2248670549506
step:3600/3600, q_loss:-2.9271256708953943e-06, rewards:-3.2178800106048584, queue:1.0802910327911377, delay:0.12717297673225403, throughput:3956
episode:170/500, real avg travel time:264.1205763397371
Test step:170/500, travel time :277.51459251101323, rewards:-5.597243785858154, queue:1.6186507940292358, delay:0.14444883167743683, throughput:3632
step:3600/3600, q_loss:9.851507557969954e-07, rewards:-2.9928433895111084, queue:1.0373015403747559, delay:0.12392566353082657, throughput:3854
episode:171/500, real avg travel time:245.93642968344577
step:3600/3600, q_loss:3.528436759047003e-06, rewards:-3.5979974269866943, queue:1.148280382156372, delay:0.1293826401233673, throughput:3929
episode:172/500, real avg travel time:275.97327564265714
step:3600/3600, q_loss:0.00010170239782180741, rewards:-4.54565954208374, queue:1.358465552330017, delay:0.1297878921031952, throughput:3790
episode:173/500, real avg travel time:270.7707124010554
step:3600/3600, q_loss:5.252571483854101e-05, rewards:-4.170134544372559, queue:1.3211640119552612, delay:0.13371294736862183, throughput:3917
episode:174/500, real avg travel time:287.6581567526168
step:3600/3600, q_loss:0.00036074771649307675, rewards:-8.334322929382324, queue:2.1171958446502686, delay:0.1599566787481308, throughput:3639
episode:175/500, real avg travel time:329.48859576806814
Test step:175/500, travel time :389.55446584938704, rewards:-14.309304237365723, queue:3.765211582183838, delay:0.19589723646640778, throughput:2855
step:3600/3600, q_loss:0.00019499847063949953, rewards:-5.28854513168335, queue:1.5649471282958984, delay:0.137796089053154, throughput:3857
episode:176/500, real avg travel time:295.69847031371535
step:3600/3600, q_loss:6.477314002242766e-05, rewards:-4.3613409996032715, queue:1.3408730030059814, delay:0.13362060487270355, throughput:3828
episode:177/500, real avg travel time:263.7797805642633
step:3600/3600, q_loss:0.000129650183468281, rewards:-5.334333419799805, queue:1.5216931104660034, delay:0.1417514681816101, throughput:3881
episode:178/500, real avg travel time:296.7969595465086
step:3600/3600, q_loss:5.08927302790754e-05, rewards:-4.345523357391357, queue:1.3224867582321167, delay:0.1355762779712677, throughput:3957
episode:179/500, real avg travel time:303.1693201920647
step:3600/3600, q_loss:0.0003103413405672958, rewards:-6.29144811630249, queue:1.7940475940704346, delay:0.14164291322231293, throughput:3716
episode:180/500, real avg travel time:273.7626480086114
Test step:180/500, travel time :261.17857142857144, rewards:-3.2220780849456787, queue:1.1616401672363281, delay:0.13551940023899078, throughput:3752
step:3600/3600, q_loss:7.075107229563098e-07, rewards:-3.304697036743164, queue:1.123809576034546, delay:0.12918899953365326, throughput:3979
episode:181/500, real avg travel time:269.66725307866295
step:3600/3600, q_loss:4.5752734877169136e-06, rewards:-3.1233408451080322, queue:1.0977513790130615, delay:0.13127170503139496, throughput:3991
episode:182/500, real avg travel time:254.17213730894514
step:3600/3600, q_loss:0.00012232784623241363, rewards:-4.580306529998779, queue:1.4587301015853882, delay:0.13480089604854584, throughput:3802
episode:183/500, real avg travel time:265.78011572856394
step:3600/3600, q_loss:7.76866606126229e-07, rewards:-2.9635493755340576, queue:1.036375641822815, delay:0.1271684318780899, throughput:3951
episode:184/500, real avg travel time:249.69273601619844
step:3600/3600, q_loss:0.0001207497927276159, rewards:-5.280813217163086, queue:1.5406084060668945, delay:0.14022672176361084, throughput:3831
episode:185/500, real avg travel time:295.193422083007
Test step:185/500, travel time :244.56093666844066, rewards:-2.9114582538604736, queue:1.0013227462768555, delay:0.12881678342819214, throughput:3758
step:3600/3600, q_loss:7.5891916316726966e-06, rewards:-3.363302230834961, queue:1.1321429014205933, delay:0.13189299404621124, throughput:3931
episode:186/500, real avg travel time:265.8491477995421
step:3600/3600, q_loss:0.00010354177769234714, rewards:-3.974156379699707, queue:1.2883597612380981, delay:0.13075482845306396, throughput:3962
episode:187/500, real avg travel time:295.2708228167592
step:3600/3600, q_loss:8.820528374700289e-06, rewards:-2.9150195121765137, queue:1.0304232835769653, delay:0.12722404301166534, throughput:3904
episode:188/500, real avg travel time:248.55276639344262
step:3600/3600, q_loss:-7.323944171528435e-07, rewards:-2.815767526626587, queue:0.9957671761512756, delay:0.12461928278207779, throughput:3948
episode:189/500, real avg travel time:260.26089159067885
step:3600/3600, q_loss:0.00011499036093785738, rewards:-4.6150078773498535, queue:1.4082010984420776, delay:0.13543985784053802, throughput:3823
episode:190/500, real avg travel time:288.41276484436304
Test step:190/500, travel time :284.5718701700155, rewards:-8.118133544921875, queue:2.129232883453369, delay:0.1513744741678238, throughput:3235
step:3600/3600, q_loss:-1.318970559320102e-06, rewards:-3.037349224090576, queue:1.0511904954910278, delay:0.12921251356601715, throughput:3914
episode:191/500, real avg travel time:256.1356668369954
step:3600/3600, q_loss:-8.193453444012751e-07, rewards:-2.97817325592041, queue:1.0138888359069824, delay:0.12209013849496841, throughput:3877
episode:192/500, real avg travel time:257.21201960278563
step:3600/3600, q_loss:0.00013080959122615038, rewards:-4.822865009307861, queue:1.4419312477111816, delay:0.1341656595468521, throughput:3885
episode:193/500, real avg travel time:299.1621621621622
step:3600/3600, q_loss:-9.530251716367072e-06, rewards:-3.2878801822662354, queue:1.0865079164505005, delay:0.1310179978609085, throughput:3896
episode:194/500, real avg travel time:276.3372689938398
step:3600/3600, q_loss:0.00016744420152261025, rewards:-4.713934421539307, queue:1.4673280715942383, delay:0.12788128852844238, throughput:3863
episode:195/500, real avg travel time:286.49883510225214
Test step:195/500, travel time :310.87995437696037, rewards:-7.819714546203613, queue:2.147486686706543, delay:0.14995495975017548, throughput:3507
step:3600/3600, q_loss:-5.2058172716190005e-06, rewards:-3.1397321224212646, queue:1.0677248239517212, delay:0.1265481412410736, throughput:3893
episode:196/500, real avg travel time:260.84587721551503
step:3600/3600, q_loss:3.358943544703329e-05, rewards:-3.8712613582611084, queue:1.1882275342941284, delay:0.1302025467157364, throughput:3866
episode:197/500, real avg travel time:267.7454733574754
step:3600/3600, q_loss:7.793983321688656e-05, rewards:-4.0886759757995605, queue:1.2822750806808472, delay:0.13142183423042297, throughput:3965
episode:198/500, real avg travel time:280.1858764186633
step:3600/3600, q_loss:0.00014800368759703512, rewards:-4.758398532867432, queue:1.4436508417129517, delay:0.1372452974319458, throughput:3896
episode:199/500, real avg travel time:284.4627823408624
step:3600/3600, q_loss:8.065991569310427e-05, rewards:-4.147457599639893, queue:1.3030422925949097, delay:0.13221286237239838, throughput:3992
episode:200/500, real avg travel time:262.47069138276555
Test step:200/500, travel time :308.47667638483966, rewards:-8.870850563049316, queue:2.2101852893829346, delay:0.1636294275522232, throughput:3430
step:3600/3600, q_loss:-8.362526892192869e-06, rewards:-3.188127279281616, queue:1.0734126567840576, delay:0.12834498286247253, throughput:4011
episode:201/500, real avg travel time:262.758663674894
step:3600/3600, q_loss:1.263990432360313e-05, rewards:-3.7990355491638184, queue:1.235185146331787, delay:0.1350090205669403, throughput:3899
episode:202/500, real avg travel time:263.60246216978715
step:3600/3600, q_loss:0.00012945243733055475, rewards:-4.987375259399414, queue:1.395370364189148, delay:0.1408543735742569, throughput:3872
episode:203/500, real avg travel time:298.1931818181818
step:3600/3600, q_loss:2.7626087507491727e-07, rewards:-3.2264482975006104, queue:1.0830687284469604, delay:0.128844752907753, throughput:3939
episode:204/500, real avg travel time:253.47727849708048
step:3600/3600, q_loss:-7.923292206315737e-06, rewards:-3.2530863285064697, queue:1.0966931581497192, delay:0.13100393116474152, throughput:3922
episode:205/500, real avg travel time:259.9117797042325
Test step:205/500, travel time :362.6805455850682, rewards:-13.917061805725098, queue:3.5797619819641113, delay:0.17912557721138, throughput:2786
step:3600/3600, q_loss:-9.963214445936804e-06, rewards:-3.261946678161621, queue:1.0932539701461792, delay:0.13079670071601868, throughput:3946
episode:206/500, real avg travel time:258.50810947795236
step:3600/3600, q_loss:7.617279471661378e-05, rewards:-4.173442840576172, queue:1.2862434387207031, delay:0.131367027759552, throughput:3866
episode:207/500, real avg travel time:294.8181583031557
step:3600/3600, q_loss:-2.8047579689882696e-06, rewards:-3.095266103744507, queue:1.0439153909683228, delay:0.12862500548362732, throughput:3951
episode:208/500, real avg travel time:259.6370539104024
step:3600/3600, q_loss:6.907666425427629e-05, rewards:-4.0687127113342285, queue:1.2687830924987793, delay:0.13039545714855194, throughput:3890
episode:209/500, real avg travel time:276.4961439588689
step:3600/3600, q_loss:-1.8415346453871784e-06, rewards:-3.3878064155578613, queue:1.0953704118728638, delay:0.12887847423553467, throughput:3886
episode:210/500, real avg travel time:264.6273803396809
Test step:210/500, travel time :326.02791366906473, rewards:-8.805452346801758, queue:2.202380895614624, delay:0.1695665419101715, throughput:3475
step:3600/3600, q_loss:0.00010993362666340545, rewards:-4.438481330871582, queue:1.3728835582733154, delay:0.1326196789741516, throughput:3827
episode:211/500, real avg travel time:262.5492552913509
step:3600/3600, q_loss:-7.3533346342931814e-06, rewards:-3.2730681896209717, queue:1.0656085014343262, delay:0.12683744728565216, throughput:3932
episode:212/500, real avg travel time:259.49186164801625
step:3600/3600, q_loss:0.00014188913240407904, rewards:-5.012894630432129, queue:1.4486773014068604, delay:0.134309321641922, throughput:3804
episode:213/500, real avg travel time:276.5239221871714
step:3600/3600, q_loss:0.00012777887079412013, rewards:-4.9276862144470215, queue:1.4112434387207031, delay:0.13374754786491394, throughput:3861
episode:214/500, real avg travel time:298.0613830613831
step:3600/3600, q_loss:-6.794509924172114e-06, rewards:-3.47666072845459, queue:1.0961639881134033, delay:0.1293364018201828, throughput:3911
episode:215/500, real avg travel time:260.3812324213756
Test step:215/500, travel time :322.3595603124096, rewards:-6.5732340812683105, queue:1.9699735641479492, delay:0.1519087553024292, throughput:3457
step:3600/3600, q_loss:-3.221829602908757e-07, rewards:-3.596742868423462, queue:1.140211582183838, delay:0.1301514357328415, throughput:3951
episode:216/500, real avg travel time:271.0787142495571
step:3600/3600, q_loss:0.00010256116260683888, rewards:-4.895795822143555, queue:1.4474867582321167, delay:0.139004647731781, throughput:3832
episode:217/500, real avg travel time:271.54749478079333
step:3600/3600, q_loss:0.00010752423525749085, rewards:-4.676839351654053, queue:1.4227513074874878, delay:0.13661959767341614, throughput:3908
episode:218/500, real avg travel time:283.8103889457523
step:3600/3600, q_loss:0.0001070752090729204, rewards:-4.956113815307617, queue:1.4394179582595825, delay:0.13765849173069, throughput:3907
episode:219/500, real avg travel time:285.0166368057333
step:3600/3600, q_loss:2.6943627179005287e-05, rewards:-4.1812520027160645, queue:1.2502645254135132, delay:0.13623754680156708, throughput:3935
episode:220/500, real avg travel time:305.2800508259212
Test step:220/500, travel time :328.7427385892116, rewards:-5.658450603485107, queue:1.7105820178985596, delay:0.14825940132141113, throughput:3615
step:3600/3600, q_loss:-1.1795718617375112e-06, rewards:-3.6008524894714355, queue:1.163095235824585, delay:0.13044026494026184, throughput:3958
episode:221/500, real avg travel time:288.2566953006569
step:3600/3600, q_loss:0.00012602416253584023, rewards:-5.68292760848999, queue:1.6272486448287964, delay:0.14263476431369781, throughput:3866
episode:222/500, real avg travel time:312.1678737713399
step:3600/3600, q_loss:0.00012513548798678028, rewards:-5.6036295890808105, queue:1.4710317850112915, delay:0.14067578315734863, throughput:3851
episode:223/500, real avg travel time:317.04855881589197
step:3600/3600, q_loss:1.7989922424830083e-07, rewards:-3.585273504257202, queue:1.1473544836044312, delay:0.1322823315858841, throughput:3931
episode:224/500, real avg travel time:278.18926481811246
step:3600/3600, q_loss:0.0001312430639195049, rewards:-4.666650295257568, queue:1.4452381134033203, delay:0.13523244857788086, throughput:3951
episode:225/500, real avg travel time:294.72690458111873
Test step:225/500, travel time :330.5956169318523, rewards:-8.11410903930664, queue:2.251455068588257, delay:0.15481536090373993, throughput:3331
step:3600/3600, q_loss:0.00020750131580926892, rewards:-5.737339973449707, queue:1.6235449314117432, delay:0.14000192284584045, throughput:3908
episode:226/500, real avg travel time:289.07088024564996
step:3600/3600, q_loss:0.00012960516461235885, rewards:-4.526097774505615, queue:1.3321428298950195, delay:0.13111616671085358, throughput:3856
episode:227/500, real avg travel time:258.4839211618257
step:3600/3600, q_loss:4.216315121286445e-05, rewards:-3.758915424346924, queue:1.1743385791778564, delay:0.13092634081840515, throughput:3932
episode:228/500, real avg travel time:265.18413021363176
step:3600/3600, q_loss:6.153390940097679e-05, rewards:-3.712855339050293, queue:1.2091269493103027, delay:0.12912757694721222, throughput:3944
episode:229/500, real avg travel time:266.97464503042596
step:3600/3600, q_loss:0.0002082629323316117, rewards:-5.357893943786621, queue:1.488359808921814, delay:0.13843978941440582, throughput:3742
episode:230/500, real avg travel time:256.61197220737574
Test step:230/500, travel time :291.0409987669544, rewards:-9.802359580993652, queue:2.559391498565674, delay:0.15841294825077057, throughput:3244
step:3600/3600, q_loss:3.8167798063821265e-06, rewards:-2.861053466796875, queue:1.0235450267791748, delay:0.12746720016002655, throughput:3951
episode:231/500, real avg travel time:247.51607188053657
step:3600/3600, q_loss:4.8569462443184524e-05, rewards:-3.2089104652404785, queue:1.1062169075012207, delay:0.12803970277309418, throughput:3887
episode:232/500, real avg travel time:249.38101363519425
step:3600/3600, q_loss:-5.214097149695994e-06, rewards:-2.869145393371582, queue:1.0199735164642334, delay:0.12608107924461365, throughput:3988
episode:233/500, real avg travel time:257.12036108324975
step:3600/3600, q_loss:7.892099286740025e-06, rewards:-3.152509927749634, queue:1.076454997062683, delay:0.1256313920021057, throughput:3896
episode:234/500, real avg travel time:253.94789527720738
step:3600/3600, q_loss:0.00010127473118094106, rewards:-4.166972637176514, queue:1.2362433671951294, delay:0.13263724744319916, throughput:3956
episode:235/500, real avg travel time:272.0346309403438
Test step:235/500, travel time :262.33166805439913, rewards:-3.9432759284973145, queue:1.2415343523025513, delay:0.1292230784893036, throughput:3603
step:3600/3600, q_loss:8.095754625780198e-05, rewards:-3.8047423362731934, queue:1.2256613969802856, delay:0.13003072142601013, throughput:3932
episode:236/500, real avg travel time:264.6302136317396
step:3600/3600, q_loss:-6.596282643537658e-06, rewards:-3.2365353107452393, queue:1.102116346359253, delay:0.13125191628932953, throughput:3973
episode:237/500, real avg travel time:250.50641832368487
step:3600/3600, q_loss:0.00014799360877886, rewards:-4.540989875793457, queue:1.383201003074646, delay:0.13263416290283203, throughput:3962
episode:238/500, real avg travel time:280.7892478546189
step:3600/3600, q_loss:-1.266684557776898e-06, rewards:-3.3503451347351074, queue:1.1173280477523804, delay:0.12846039235591888, throughput:3881
episode:239/500, real avg travel time:260.5575882504509
step:3600/3600, q_loss:-5.363696901541617e-06, rewards:-3.1440837383270264, queue:1.0489418506622314, delay:0.12567566335201263, throughput:3938
episode:240/500, real avg travel time:264.16835957338753
Test step:240/500, travel time :265.6305715066995, rewards:-3.117283344268799, queue:1.029365062713623, delay:0.1251705437898636, throughput:3657
step:3600/3600, q_loss:1.011601820613982e-05, rewards:-3.4799466133117676, queue:1.166534423828125, delay:0.12931202352046967, throughput:3972
episode:241/500, real avg travel time:275.5060422960725
step:3600/3600, q_loss:2.664076681766245e-06, rewards:-3.1293771266937256, queue:1.059259295463562, delay:0.12538985908031464, throughput:3923
episode:242/500, real avg travel time:260.5363242416518
step:3600/3600, q_loss:3.0766245294621008e-06, rewards:-3.4036126136779785, queue:1.1273809671401978, delay:0.12697064876556396, throughput:3837
episode:243/500, real avg travel time:262.2535835287985
step:3600/3600, q_loss:2.7222352703878037e-06, rewards:-2.8335773944854736, queue:0.9932539463043213, delay:0.12399116158485413, throughput:3939
episode:244/500, real avg travel time:248.32495557248032
step:3600/3600, q_loss:-5.752726833129095e-06, rewards:-2.961742401123047, queue:1.0092592239379883, delay:0.1234293133020401, throughput:3883
episode:245/500, real avg travel time:253.30079835178987
Test step:245/500, travel time :275.71531034482757, rewards:-5.472766399383545, queue:1.5382275581359863, delay:0.14735527336597443, throughput:3625
step:3600/3600, q_loss:0.00016386901293622536, rewards:-5.187338829040527, queue:1.5783069133758545, delay:0.13584427535533905, throughput:3875
episode:246/500, real avg travel time:317.20154838709675
step:3600/3600, q_loss:0.00010717598787677061, rewards:-4.519347190856934, queue:1.3428571224212646, delay:0.132743239402771, throughput:3781
episode:247/500, real avg travel time:274.890769637662
step:3600/3600, q_loss:-3.2979652233835724e-08, rewards:-3.169473171234131, queue:1.0382275581359863, delay:0.1255674660205841, throughput:3877
episode:248/500, real avg travel time:256.85272117616717
step:3600/3600, q_loss:0.0003585147774881787, rewards:-6.392982482910156, queue:1.8281745910644531, delay:0.138111874461174, throughput:3749
episode:249/500, real avg travel time:290.71165644171776
step:3600/3600, q_loss:3.5106747721632322e-06, rewards:-3.8645012378692627, queue:1.2314814329147339, delay:0.13139000535011292, throughput:3914
episode:250/500, real avg travel time:290.430761369443
Test step:250/500, travel time :299.0320916905444, rewards:-8.021196365356445, queue:2.080820083618164, delay:0.15953972935676575, throughput:3490
step:3600/3600, q_loss:0.00010909570361642788, rewards:-4.51615047454834, queue:1.340343952178955, delay:0.13166560232639313, throughput:3815
episode:251/500, real avg travel time:259.9300131061599
step:3600/3600, q_loss:0.00037492065457627176, rewards:-7.2739996910095215, queue:1.8653439283370972, delay:0.14223836362361908, throughput:3663
episode:252/500, real avg travel time:281.12558012558014
step:3600/3600, q_loss:6.774557631514552e-07, rewards:-2.755357265472412, queue:0.9730158448219299, delay:0.12088575959205627, throughput:3937
episode:253/500, real avg travel time:248.41478282956567
step:3600/3600, q_loss:2.4536607573584963e-06, rewards:-2.6332061290740967, queue:0.9513227343559265, delay:0.12046322971582413, throughput:3929
episode:254/500, real avg travel time:246.2606261135149
step:3600/3600, q_loss:0.00013282617575087997, rewards:-4.451941013336182, queue:1.3710317611694336, delay:0.13093794882297516, throughput:3926
episode:255/500, real avg travel time:263.1242995415181
Test step:255/500, travel time :356.04969461410326, rewards:-7.801844596862793, queue:2.110185146331787, delay:0.15640181303024292, throughput:3602
step:3600/3600, q_loss:0.00021034365539283802, rewards:-5.543644905090332, queue:1.4787037372589111, delay:0.13618329167366028, throughput:3956
episode:256/500, real avg travel time:322.0030333670374
step:3600/3600, q_loss:5.562830952435939e-05, rewards:-3.661210060119629, queue:1.200264573097229, delay:0.12893690168857574, throughput:3935
episode:257/500, real avg travel time:277.897331639136
step:3600/3600, q_loss:0.0002704083906590111, rewards:-5.633385181427002, queue:1.6062169075012207, delay:0.1365034133195877, throughput:3804
episode:258/500, real avg travel time:293.5541535226078
step:3600/3600, q_loss:8.755554986742533e-05, rewards:-4.413429260253906, queue:1.3530423641204834, delay:0.13667774200439453, throughput:4006
episode:259/500, real avg travel time:279.07538691962054
step:3600/3600, q_loss:0.0002553474190386219, rewards:-5.395397186279297, queue:1.568386197090149, delay:0.13684706389904022, throughput:3996
episode:260/500, real avg travel time:290.52527527527525
Test step:260/500, travel time :255.11957985456505, rewards:-3.5905632972717285, queue:1.163888931274414, delay:0.12543341517448425, throughput:3713
step:3600/3600, q_loss:1.5009910081668446e-06, rewards:-2.953728675842285, queue:1.0444444417953491, delay:0.12827937304973602, throughput:4052
episode:261/500, real avg travel time:251.8010858835143
step:3600/3600, q_loss:-1.1711495365792266e-06, rewards:-2.5067901611328125, queue:0.9330688118934631, delay:0.12171170860528946, throughput:4011
episode:262/500, real avg travel time:247.70506108202443
step:3600/3600, q_loss:1.7324699001619593e-06, rewards:-2.5461435317993164, queue:0.9661375880241394, delay:0.12077724188566208, throughput:3988
episode:263/500, real avg travel time:245.68480441323973
step:3600/3600, q_loss:-5.983605458621039e-06, rewards:-2.8947856426239014, queue:1.0158730745315552, delay:0.12759822607040405, throughput:3998
episode:264/500, real avg travel time:253.71460730365183
step:3600/3600, q_loss:0.000442964077875432, rewards:-6.512094497680664, queue:1.817989468574524, delay:0.13823147118091583, throughput:3687
episode:265/500, real avg travel time:272.391103878492
Test step:265/500, travel time :235.85476956055734, rewards:-2.517693042755127, queue:0.9146825671195984, delay:0.12547792494297028, throughput:3732
step:3600/3600, q_loss:-3.324621906762736e-07, rewards:-2.558522939682007, queue:0.9551587104797363, delay:0.12118656933307648, throughput:3939
episode:266/500, real avg travel time:249.78547854785478
step:3600/3600, q_loss:-1.4053617228960825e-06, rewards:-2.8392536640167236, queue:1.0005290508270264, delay:0.12440355122089386, throughput:3942
episode:267/500, real avg travel time:250.8140537798072
step:3600/3600, q_loss:-3.7163413556603093e-06, rewards:-2.5671021938323975, queue:0.9597883820533752, delay:0.12027173489332199, throughput:3998
episode:268/500, real avg travel time:244.92046023011505
step:3600/3600, q_loss:-5.073120781970727e-06, rewards:-2.6218247413635254, queue:0.9511904716491699, delay:0.12026355415582657, throughput:3896
episode:269/500, real avg travel time:259.0544147843942
step:3600/3600, q_loss:-1.4387959607928578e-06, rewards:-2.7353336811065674, queue:0.9658730030059814, delay:0.12120115756988525, throughput:3934
episode:270/500, real avg travel time:248.49694966954755
Test step:270/500, travel time :259.71543624161075, rewards:-3.1809136867523193, queue:1.0477513074874878, delay:0.12647134065628052, throughput:3725
step:3600/3600, q_loss:-8.817005962353302e-06, rewards:-2.7377007007598877, queue:0.9649471044540405, delay:0.1218540221452713, throughput:3923
episode:271/500, real avg travel time:249.9770583736936
step:3600/3600, q_loss:-8.1254800736335e-06, rewards:-2.544969081878662, queue:0.9310846328735352, delay:0.12027384340763092, throughput:3887
episode:272/500, real avg travel time:254.63442243375354
step:3600/3600, q_loss:-9.888100693286914e-06, rewards:-2.8737518787384033, queue:1.0201058387756348, delay:0.12429499626159668, throughput:3932
episode:273/500, real avg travel time:260.8415564598169
step:3600/3600, q_loss:1.7379596101818607e-06, rewards:-2.7355763912200928, queue:0.976190447807312, delay:0.12262539565563202, throughput:3976
episode:274/500, real avg travel time:245.3390342052314
step:3600/3600, q_loss:-6.240203179509586e-06, rewards:-2.456294536590576, queue:0.9240740537643433, delay:0.11825881153345108, throughput:3916
episode:275/500, real avg travel time:246.42466802860062
Test step:275/500, travel time :256.15821771611525, rewards:-3.053572177886963, queue:1.0271164178848267, delay:0.12509848177433014, throughput:3748
step:3600/3600, q_loss:-1.1357033104609906e-05, rewards:-2.604961395263672, queue:0.9515873193740845, delay:0.11872872710227966, throughput:3960
episode:276/500, real avg travel time:249.7030303030303
step:3600/3600, q_loss:0.00011180937581229955, rewards:-3.835501194000244, queue:1.225264549255371, delay:0.12425463646650314, throughput:3896
episode:277/500, real avg travel time:268.847022587269
step:3600/3600, q_loss:2.940683043561876e-06, rewards:-2.7271928787231445, queue:0.9592592716217041, delay:0.11872301250696182, throughput:3920
episode:278/500, real avg travel time:252.43341836734695
step:3600/3600, q_loss:-2.9561981338904134e-07, rewards:-2.7718656063079834, queue:0.9722222089767456, delay:0.12115351110696793, throughput:3937
episode:279/500, real avg travel time:252.55702311404622
step:3600/3600, q_loss:2.189767999678022e-06, rewards:-2.7426364421844482, queue:0.9665343761444092, delay:0.12338990718126297, throughput:3941
episode:280/500, real avg travel time:256.17102258310075
Test step:280/500, travel time :291.03806896551725, rewards:-4.96827507019043, queue:1.4801586866378784, delay:0.13510733842849731, throughput:3625
step:3600/3600, q_loss:9.70228679458766e-05, rewards:-3.446164846420288, queue:1.088624358177185, delay:0.12164582312107086, throughput:3827
episode:281/500, real avg travel time:261.82336033446563
step:3600/3600, q_loss:-8.602011722460803e-06, rewards:-2.4358294010162354, queue:0.895370364189148, delay:0.11868440359830856, throughput:3895
episode:282/500, real avg travel time:246.65725288831837
step:3600/3600, q_loss:4.045446985401213e-07, rewards:-2.7604010105133057, queue:0.966005265712738, delay:0.11997964233160019, throughput:3882
episode:283/500, real avg travel time:243.8974755280783
step:3600/3600, q_loss:-3.185640970413159e-06, rewards:-2.72723388671875, queue:0.9546296000480652, delay:0.11704109609127045, throughput:3951
episode:284/500, real avg travel time:254.75626423690204
step:3600/3600, q_loss:1.6165818184769402e-05, rewards:-3.6788346767425537, queue:1.2173280715942383, delay:0.13184614479541779, throughput:3849
episode:285/500, real avg travel time:277.33047544816833
Test step:285/500, travel time :292.0163984208928, rewards:-8.631022453308105, queue:2.2261905670166016, delay:0.15073829889297485, throughput:3293
step:3600/3600, q_loss:5.7943277756243736e-05, rewards:-3.910435676574707, queue:1.2181216478347778, delay:0.1278570294380188, throughput:3860
episode:286/500, real avg travel time:281.3673575129534
step:3600/3600, q_loss:-3.8196792754913784e-07, rewards:-2.69008731842041, queue:0.9568783044815063, delay:0.11806347221136093, throughput:3875
episode:287/500, real avg travel time:254.95122580645162
step:3600/3600, q_loss:-1.0331698043349509e-05, rewards:-2.724735736846924, queue:0.9517195820808411, delay:0.12006822228431702, throughput:3913
episode:288/500, real avg travel time:248.20623562484028
step:3600/3600, q_loss:0.00011632562058770822, rewards:-3.76523494720459, queue:1.1698412895202637, delay:0.1263042539358139, throughput:3931
episode:289/500, real avg travel time:277.396336809972
step:3600/3600, q_loss:7.284895651133007e-05, rewards:-3.5616047382354736, queue:1.1628307104110718, delay:0.12569311261177063, throughput:3951
episode:290/500, real avg travel time:275.2870159453303
Test step:290/500, travel time :263.22504785343176, rewards:-3.9529011249542236, queue:1.2309523820877075, delay:0.12936198711395264, throughput:3657
step:3600/3600, q_loss:0.00026922634311227336, rewards:-5.522200584411621, queue:1.583465576171875, delay:0.1290196180343628, throughput:3733
episode:291/500, real avg travel time:286.62603803911065
step:3600/3600, q_loss:4.757751270921694e-06, rewards:-2.6162657737731934, queue:0.9357143044471741, delay:0.11885293573141098, throughput:3915
episode:292/500, real avg travel time:247.72515964240102
step:3600/3600, q_loss:-3.7010557813725124e-06, rewards:-2.4982872009277344, queue:0.9169312119483948, delay:0.12024294584989548, throughput:3931
episode:293/500, real avg travel time:243.14601882472653
step:3600/3600, q_loss:9.92425471647746e-05, rewards:-3.799527406692505, queue:1.2571429014205933, delay:0.12725774943828583, throughput:3928
episode:294/500, real avg travel time:286.54633401222
step:3600/3600, q_loss:-9.779043143175336e-06, rewards:-2.396559000015259, queue:0.9026455283164978, delay:0.1176965981721878, throughput:3961
episode:295/500, real avg travel time:245.0757384498864
Test step:295/500, travel time :238.26093916755602, rewards:-2.6992669105529785, queue:0.9474867582321167, delay:0.12285688519477844, throughput:3748
step:3600/3600, q_loss:-5.400380258732993e-06, rewards:-2.666841745376587, queue:0.9388889074325562, delay:0.12240481376647949, throughput:3935
episode:296/500, real avg travel time:255.2043202033037
step:3600/3600, q_loss:7.27525014048701e-05, rewards:-3.268199920654297, queue:1.1031745672225952, delay:0.12106941640377045, throughput:3977
episode:297/500, real avg travel time:260.00301734976114
step:3600/3600, q_loss:-3.011838271049783e-06, rewards:-2.5906286239624023, queue:0.9403439164161682, delay:0.11778680980205536, throughput:3948
episode:298/500, real avg travel time:252.73480243161094
step:3600/3600, q_loss:2.9377620295336882e-06, rewards:-2.6363003253936768, queue:0.9415343999862671, delay:0.1196858286857605, throughput:3989
episode:299/500, real avg travel time:253.05414890950112
step:3600/3600, q_loss:1.0153425521113807e-05, rewards:-3.061218500137329, queue:1.0358465909957886, delay:0.12009178847074509, throughput:3904
episode:300/500, real avg travel time:250.23847336065575
Test step:300/500, travel time :268.8551630434783, rewards:-4.343395709991455, queue:1.2552909851074219, delay:0.13358040153980255, throughput:3680
step:3600/3600, q_loss:0.000114508696909373, rewards:-4.255874156951904, queue:1.2928571701049805, delay:0.12643562257289886, throughput:3913
episode:301/500, real avg travel time:292.1063122923588
step:3600/3600, q_loss:-2.1880833729584184e-07, rewards:-2.8179664611816406, queue:0.9674603343009949, delay:0.11983869969844818, throughput:3884
episode:302/500, real avg travel time:262.220648815654
step:3600/3600, q_loss:3.073329248258637e-06, rewards:-2.987133502960205, queue:0.9912698268890381, delay:0.12103951722383499, throughput:3897
episode:303/500, real avg travel time:251.0492686682063
step:3600/3600, q_loss:5.591166134561515e-06, rewards:-2.7093520164489746, queue:0.9343915581703186, delay:0.11917230486869812, throughput:3968
episode:304/500, real avg travel time:254.14742943548387
step:3600/3600, q_loss:6.985378309359981e-05, rewards:-3.567413568496704, queue:1.1761904954910278, delay:0.12335769087076187, throughput:3884
episode:305/500, real avg travel time:274.1503604531411
Test step:305/500, travel time :254.9803974952355, rewards:-3.735929250717163, queue:1.1903438568115234, delay:0.12510327994823456, throughput:3673
step:3600/3600, q_loss:3.31417969492678e-07, rewards:-2.783643960952759, queue:0.952645480632782, delay:0.11969903111457825, throughput:3946
episode:306/500, real avg travel time:257.59630005068425
step:3600/3600, q_loss:-6.652637158468779e-06, rewards:-3.0832905769348145, queue:1.0113756656646729, delay:0.12034275382757187, throughput:3928
episode:307/500, real avg travel time:268.5040733197556
step:3600/3600, q_loss:0.00012570226050835723, rewards:-4.346004009246826, queue:1.3608465194702148, delay:0.12409495562314987, throughput:3927
episode:308/500, real avg travel time:273.44003055767763
step:3600/3600, q_loss:5.058611916158245e-05, rewards:-3.4517829418182373, queue:1.1260582208633423, delay:0.12505239248275757, throughput:3990
episode:309/500, real avg travel time:267.0152882205514
step:3600/3600, q_loss:-6.772958982360756e-06, rewards:-3.024259090423584, queue:1.0205026865005493, delay:0.12214206904172897, throughput:3980
episode:310/500, real avg travel time:255.22638190954774
Test step:310/500, travel time :251.41666666666666, rewards:-3.381265640258789, queue:1.0644179582595825, delay:0.12596368789672852, throughput:3720
step:3600/3600, q_loss:7.056579811938314e-06, rewards:-3.2199339866638184, queue:1.0828042030334473, delay:0.12263444066047668, throughput:3990
episode:311/500, real avg travel time:265.70200501253134
step:3600/3600, q_loss:0.00014558436507488496, rewards:-4.824193000793457, queue:1.354629635810852, delay:0.13471956551074982, throughput:3984
episode:312/500, real avg travel time:301.41892570281124
step:3600/3600, q_loss:0.00011315862413741545, rewards:-4.604604721069336, queue:1.3818782567977905, delay:0.12786999344825745, throughput:3979
episode:313/500, real avg travel time:303.11460165870824
step:3600/3600, q_loss:3.4246795015254366e-06, rewards:-3.0658955574035645, queue:1.045899510383606, delay:0.12567296624183655, throughput:4007
episode:314/500, real avg travel time:259.69628150736213
step:3600/3600, q_loss:-2.3984825626636546e-06, rewards:-3.1670312881469727, queue:1.0324074029922485, delay:0.12471701204776764, throughput:3951
episode:315/500, real avg travel time:256.99367248797773
Test step:315/500, travel time :251.1543909348442, rewards:-5.373141288757324, queue:1.6376984119415283, delay:0.12886418402194977, throughput:3530
step:3600/3600, q_loss:0.00012974989254467396, rewards:-4.4767584800720215, queue:1.3705025911331177, delay:0.1281275898218155, throughput:3941
episode:316/500, real avg travel time:280.8350672418168
step:3600/3600, q_loss:-3.357365009530137e-06, rewards:-2.8425559997558594, queue:0.9829365015029907, delay:0.12296434491872787, throughput:3987
episode:317/500, real avg travel time:263.92024078254326
step:3600/3600, q_loss:3.2677941554639904e-05, rewards:-3.13101863861084, queue:1.0828042030334473, delay:0.12382876127958298, throughput:3907
episode:318/500, real avg travel time:250.26593294087536
step:3600/3600, q_loss:4.501212970353663e-06, rewards:-3.0484399795532227, queue:1.0235450267791748, delay:0.12350872904062271, throughput:3981
episode:319/500, real avg travel time:252.52524491333835
step:3600/3600, q_loss:-6.022141759684827e-06, rewards:-2.953167676925659, queue:1.008730173110962, delay:0.12606848776340485, throughput:4013
episode:320/500, real avg travel time:251.13954647395963
Test step:320/500, travel time :301.0347773032337, rewards:-8.398894309997559, queue:2.4429893493652344, delay:0.13995319604873657, throughput:3278
step:3600/3600, q_loss:0.00024709484585198676, rewards:-5.288895130157471, queue:1.5555555820465088, delay:0.12989726662635803, throughput:3819
episode:321/500, real avg travel time:278.74836344592825
step:3600/3600, q_loss:2.5302351423306392e-05, rewards:-3.4322502613067627, queue:1.1070106029510498, delay:0.12514792382717133, throughput:3984
episode:322/500, real avg travel time:272.0363955823293
step:3600/3600, q_loss:0.00011015485199297674, rewards:-6.292725086212158, queue:1.7726190090179443, delay:0.15686273574829102, throughput:3811
episode:323/500, real avg travel time:386.86434006822356
step:3600/3600, q_loss:7.591502839608843e-05, rewards:-3.8420257568359375, queue:1.217989444732666, delay:0.12553173303604126, throughput:3941
episode:324/500, real avg travel time:285.49961938594265
step:3600/3600, q_loss:4.447131019939358e-06, rewards:-3.3140523433685303, queue:1.080820083618164, delay:0.12639932334423065, throughput:3960
episode:325/500, real avg travel time:260.04949494949494
Test step:325/500, travel time :273.25475285171103, rewards:-4.322321891784668, queue:1.2731481790542603, delay:0.1309930384159088, throughput:3682
step:3600/3600, q_loss:4.959534109932267e-05, rewards:-4.145416736602783, queue:1.3009259700775146, delay:0.13048119843006134, throughput:3913
episode:326/500, real avg travel time:280.93227702530027
step:3600/3600, q_loss:6.395888421037752e-06, rewards:-3.3436999320983887, queue:1.0740740299224854, delay:0.12628038227558136, throughput:3952
episode:327/500, real avg travel time:271.09235829959516
step:3600/3600, q_loss:0.000155848825428014, rewards:-4.5666184425354, queue:1.3681217432022095, delay:0.13078613579273224, throughput:3984
episode:328/500, real avg travel time:289.44703815261045
step:3600/3600, q_loss:5.700461285111184e-06, rewards:-3.819258689880371, queue:1.1732804775238037, delay:0.13472582399845123, throughput:3962
episode:329/500, real avg travel time:286.0590610802625
step:3600/3600, q_loss:-1.8927194307454759e-06, rewards:-2.9442708492279053, queue:0.9921957850456238, delay:0.12189491093158722, throughput:3936
episode:330/500, real avg travel time:255.90345528455285
Test step:330/500, travel time :263.0991509175568, rewards:-3.119215250015259, queue:0.9997354745864868, delay:0.12684689462184906, throughput:3651
step:3600/3600, q_loss:8.453224937612604e-07, rewards:-2.9889469146728516, queue:1.010449767112732, delay:0.1234329491853714, throughput:3989
episode:331/500, real avg travel time:264.15542742541993
step:3600/3600, q_loss:-7.012765450377224e-06, rewards:-3.1561784744262695, queue:1.0294973850250244, delay:0.12615303695201874, throughput:4016
episode:332/500, real avg travel time:259.1675796812749
step:3600/3600, q_loss:0.00012048987280448071, rewards:-4.500214099884033, queue:1.3710317611694336, delay:0.13188321888446808, throughput:3939
episode:333/500, real avg travel time:285.07514597613607
step:3600/3600, q_loss:6.187547357209648e-06, rewards:-3.644188165664673, queue:1.141005277633667, delay:0.12779875099658966, throughput:3903
episode:334/500, real avg travel time:272.3779144248014
step:3600/3600, q_loss:6.205298583760547e-05, rewards:-4.318970203399658, queue:1.2843915224075317, delay:0.12958869338035583, throughput:3865
episode:335/500, real avg travel time:277.09366106080205
Test step:335/500, travel time :258.5932825289303, rewards:-4.198914051055908, queue:1.2928571701049805, delay:0.13328991830348969, throughput:3543
step:3600/3600, q_loss:9.903091752979283e-06, rewards:-3.432189702987671, queue:1.0784391164779663, delay:0.12409458309412003, throughput:3864
episode:336/500, real avg travel time:267.48809523809524
step:3600/3600, q_loss:6.423529840604816e-05, rewards:-4.068186283111572, queue:1.1956349611282349, delay:0.12673935294151306, throughput:3920
episode:337/500, real avg travel time:282.36352040816325
step:3600/3600, q_loss:0.000559939050840007, rewards:-10.042717933654785, queue:2.5189154148101807, delay:0.1610473096370697, throughput:3498
episode:338/500, real avg travel time:345.43939393939394
step:3600/3600, q_loss:3.0254107049485255e-05, rewards:-3.406633138656616, queue:1.0511904954910278, delay:0.12267503142356873, throughput:3913
episode:339/500, real avg travel time:270.32277025300283
step:3600/3600, q_loss:-3.3142239570022666e-06, rewards:-2.904066324234009, queue:0.9728835821151733, delay:0.1223130151629448, throughput:3947
episode:340/500, real avg travel time:254.87230808208767
Test step:340/500, travel time :259.4132186996239, rewards:-3.4848287105560303, queue:1.103439211845398, delay:0.1267872303724289, throughput:3722
step:3600/3600, q_loss:-3.506159474555817e-07, rewards:-2.8503661155700684, queue:0.9722222089767456, delay:0.12158267199993134, throughput:3930
episode:341/500, real avg travel time:252.80127226463105
step:3600/3600, q_loss:0.00010483283363606056, rewards:-4.342447280883789, queue:1.2533068656921387, delay:0.12579445540905, throughput:3839
episode:342/500, real avg travel time:297.46105756707476
step:3600/3600, q_loss:5.801992018758837e-06, rewards:-3.0975077152252197, queue:1.0113756656646729, delay:0.1239609569311142, throughput:3889
episode:343/500, real avg travel time:262.36641810233994
step:3600/3600, q_loss:-1.9013778203063542e-06, rewards:-2.821359634399414, queue:0.9605820178985596, delay:0.12110386043787003, throughput:3896
episode:344/500, real avg travel time:261.88937371663246
step:3600/3600, q_loss:1.967580060914366e-06, rewards:-2.8755710124969482, queue:0.9731481671333313, delay:0.11922971904277802, throughput:3927
episode:345/500, real avg travel time:260.6674306086071
Test step:345/500, travel time :252.8939909297052, rewards:-4.842988967895508, queue:1.4842592477798462, delay:0.12237707525491714, throughput:3528
step:3600/3600, q_loss:1.464139172134714e-06, rewards:-2.659627676010132, queue:0.9436507821083069, delay:0.117546945810318, throughput:3938
episode:346/500, real avg travel time:247.2425088877603
step:3600/3600, q_loss:-1.6481592158217811e-06, rewards:-2.870377540588379, queue:0.9723544716835022, delay:0.11992892622947693, throughput:3962
episode:347/500, real avg travel time:262.65850580514893
step:3600/3600, q_loss:3.260199713016239e-05, rewards:-3.3707313537597656, queue:1.1141533851623535, delay:0.12415939569473267, throughput:3931
episode:348/500, real avg travel time:260.54235563469854
step:3600/3600, q_loss:0.00026524353630116414, rewards:-5.737728595733643, queue:1.5714285373687744, delay:0.13335146009922028, throughput:4017
episode:349/500, real avg travel time:336.3497635051033
step:3600/3600, q_loss:-1.56171477606727e-07, rewards:-2.9076015949249268, queue:0.9996031522750854, delay:0.1235194280743599, throughput:3992
episode:350/500, real avg travel time:254.48396793587173
Test step:350/500, travel time :267.6379357672248, rewards:-4.255232810974121, queue:1.2556878328323364, delay:0.12335697561502457, throughput:3643
step:3600/3600, q_loss:4.126580760283913e-05, rewards:-3.5252089500427246, queue:1.060978889465332, delay:0.1237046867609024, throughput:3918
episode:351/500, real avg travel time:266.18044920878
step:3600/3600, q_loss:7.627129525644704e-06, rewards:-2.736377000808716, queue:0.9916666746139526, delay:0.12116208672523499, throughput:3965
episode:352/500, real avg travel time:259.7651954602774
step:3600/3600, q_loss:-3.3521488350945423e-06, rewards:-2.4416842460632324, queue:0.8920634984970093, delay:0.11713331937789917, throughput:4003
episode:353/500, real avg travel time:248.33424931301525
step:3600/3600, q_loss:1.493266932407601e-06, rewards:-2.3915605545043945, queue:0.8966931104660034, delay:0.11613086611032486, throughput:3961
episode:354/500, real avg travel time:236.51805099722293
step:3600/3600, q_loss:8.178022528429412e-05, rewards:-3.856569766998291, queue:1.192989468574524, delay:0.1248132586479187, throughput:3871
episode:355/500, real avg travel time:260.5954533712219
Test step:355/500, travel time :238.77280358142139, rewards:-4.077577590942383, queue:1.251190423965454, delay:0.1254032701253891, throughput:3574
step:3600/3600, q_loss:0.0001243799451913219, rewards:-3.92090106010437, queue:1.2186508178710938, delay:0.12566886842250824, throughput:3897
episode:356/500, real avg travel time:262.52270977675136
step:3600/3600, q_loss:4.1337164778572815e-06, rewards:-2.7483255863189697, queue:0.9576719403266907, delay:0.1220623254776001, throughput:3939
episode:357/500, real avg travel time:253.56130997715155
step:3600/3600, q_loss:4.428387239588321e-05, rewards:-3.206902027130127, queue:1.051455020904541, delay:0.11913157999515533, throughput:3954
episode:358/500, real avg travel time:258.32903388973193
step:3600/3600, q_loss:-4.8888071533939285e-06, rewards:-2.676301956176758, queue:0.9347883462905884, delay:0.11773228645324707, throughput:3907
episode:359/500, real avg travel time:241.8292807780906
step:3600/3600, q_loss:6.372399285383936e-07, rewards:-2.3754935264587402, queue:0.8847883343696594, delay:0.1148839145898819, throughput:3918
episode:360/500, real avg travel time:244.99234303215925
Test step:360/500, travel time :251.95945945945945, rewards:-2.5126593112945557, queue:0.9097883701324463, delay:0.11823955178260803, throughput:3774
step:3600/3600, q_loss:1.5893067433757501e-06, rewards:-2.4090161323547363, queue:0.8813492059707642, delay:0.11534786224365234, throughput:3904
episode:361/500, real avg travel time:250.796875
step:3600/3600, q_loss:9.740724231556266e-07, rewards:-2.548435688018799, queue:0.9392856955528259, delay:0.11803226172924042, throughput:3944
episode:362/500, real avg travel time:248.73275862068965
step:3600/3600, q_loss:-1.8070486678172731e-06, rewards:-2.345597743988037, queue:0.8892857432365417, delay:0.11934661120176315, throughput:4000
episode:363/500, real avg travel time:236.85975
step:3600/3600, q_loss:1.2036435550221035e-05, rewards:-2.6728098392486572, queue:0.9638888835906982, delay:0.1192295104265213, throughput:3929
episode:364/500, real avg travel time:247.99592771697633
step:3600/3600, q_loss:0.00011390224592307479, rewards:-3.7306151390075684, queue:1.1722222566604614, delay:0.12157396227121353, throughput:3878
episode:365/500, real avg travel time:266.94455905105724
Test step:365/500, travel time :248.03052208835342, rewards:-2.8521389961242676, queue:0.967989444732666, delay:0.1226426362991333, throughput:3735
step:3600/3600, q_loss:-3.921692485972825e-06, rewards:-2.435206890106201, queue:0.8842592835426331, delay:0.11712411791086197, throughput:3931
episode:366/500, real avg travel time:247.408801831595
step:3600/3600, q_loss:3.9750389664226935e-05, rewards:-3.169915199279785, queue:1.0349206924438477, delay:0.12212680280208588, throughput:3980
episode:367/500, real avg travel time:247.7643216080402
step:3600/3600, q_loss:1.0257732355967165e-06, rewards:-2.354135751724243, queue:0.8984127044677734, delay:0.11599724739789963, throughput:3926
episode:368/500, real avg travel time:235.54686704024454
step:3600/3600, q_loss:2.604366382001899e-05, rewards:-3.109916925430298, queue:1.012169361114502, delay:0.12080342322587967, throughput:3968
episode:369/500, real avg travel time:262.03074596774195
step:3600/3600, q_loss:-7.713431235364018e-06, rewards:-2.4168131351470947, queue:0.9018518328666687, delay:0.11844674497842789, throughput:3924
episode:370/500, real avg travel time:232.42686034658513
Test step:370/500, travel time :253.56978338360295, rewards:-3.364546060562134, queue:1.1064814329147339, delay:0.1211148351430893, throughput:3647
step:3600/3600, q_loss:0.0003197321836422715, rewards:-6.526049613952637, queue:1.634523868560791, delay:0.14074358344078064, throughput:3812
episode:371/500, real avg travel time:262.75655823714584
step:3600/3600, q_loss:-8.032006129117993e-06, rewards:-2.3335821628570557, queue:0.8775132298469543, delay:0.11325778067111969, throughput:3946
episode:372/500, real avg travel time:237.74125696908263
step:3600/3600, q_loss:-2.8536899561812687e-06, rewards:-2.3671679496765137, queue:0.8855820298194885, delay:0.11610154807567596, throughput:3933
episode:373/500, real avg travel time:226.83320620391558
step:3600/3600, q_loss:3.848435104979823e-05, rewards:-2.9817864894866943, queue:1.0193121433258057, delay:0.12052392959594727, throughput:3877
episode:374/500, real avg travel time:234.96337374258448
step:3600/3600, q_loss:2.1151724892357984e-05, rewards:-2.8936455249786377, queue:0.962830662727356, delay:0.12121140211820602, throughput:3942
episode:375/500, real avg travel time:238.61745306950786
Test step:375/500, travel time :241.79504627109418, rewards:-3.912384033203125, queue:1.2120370864868164, delay:0.12289173901081085, throughput:3674
step:3600/3600, q_loss:2.1246404180096255e-06, rewards:-2.4017975330352783, queue:0.9023809432983398, delay:0.11756034940481186, throughput:3925
episode:376/500, real avg travel time:231.0667515923567
step:3600/3600, q_loss:5.704625558185702e-06, rewards:-2.7528932094573975, queue:0.9933862686157227, delay:0.12083395570516586, throughput:3916
episode:377/500, real avg travel time:241.88891726251276
step:3600/3600, q_loss:-9.247334431468819e-06, rewards:-2.52988338470459, queue:0.9193121790885925, delay:0.11843079328536987, throughput:3937
episode:378/500, real avg travel time:240.58496316992634
step:3600/3600, q_loss:-9.42102083677633e-06, rewards:-2.6164968013763428, queue:0.9161375761032104, delay:0.11811321973800659, throughput:3877
episode:379/500, real avg travel time:243.89837503224143
step:3600/3600, q_loss:4.772223716524119e-06, rewards:-2.8365871906280518, queue:0.960185170173645, delay:0.11748667806386948, throughput:3845
episode:380/500, real avg travel time:259.3042912873862
Test step:380/500, travel time :266.66073834545944, rewards:-4.0818610191345215, queue:1.2310847043991089, delay:0.12569834291934967, throughput:3711
step:3600/3600, q_loss:0.00012221076693903242, rewards:-4.464812755584717, queue:1.333994746208191, delay:0.12663504481315613, throughput:3866
episode:381/500, real avg travel time:285.6867563372995
step:3600/3600, q_loss:8.837512650643476e-05, rewards:-3.655620574951172, queue:1.1861110925674438, delay:0.12533478438854218, throughput:3924
episode:382/500, real avg travel time:259.1847604485219
step:3600/3600, q_loss:-5.003864377310189e-06, rewards:-2.560218334197998, queue:0.9075396656990051, delay:0.11865068972110748, throughput:3888
episode:383/500, real avg travel time:236.22788065843622
step:3600/3600, q_loss:4.938423646510475e-07, rewards:-2.630636215209961, queue:0.9388889074325562, delay:0.12066337466239929, throughput:3998
episode:384/500, real avg travel time:245.22911455727865
step:3600/3600, q_loss:-8.851445575904412e-06, rewards:-2.761112689971924, queue:0.9568783044815063, delay:0.12007482349872589, throughput:3975
episode:385/500, real avg travel time:249.6508176100629
Test step:385/500, travel time :251.59924892703862, rewards:-3.091289520263672, queue:1.0035713911056519, delay:0.12076819688081741, throughput:3728
step:3600/3600, q_loss:2.9654996938511935e-05, rewards:-3.2306673526763916, queue:1.0632275342941284, delay:0.12226961553096771, throughput:3919
episode:386/500, real avg travel time:259.0831844858382
step:3600/3600, q_loss:-3.904183783258001e-06, rewards:-2.716841697692871, queue:0.9574074149131775, delay:0.12182014435529709, throughput:3978
episode:387/500, real avg travel time:245.82252388134742
step:3600/3600, q_loss:5.8882266684021386e-05, rewards:-3.7506489753723145, queue:1.1739418506622314, delay:0.12542790174484253, throughput:3842
episode:388/500, real avg travel time:267.82821447162934
step:3600/3600, q_loss:4.490073479246348e-05, rewards:-3.4091992378234863, queue:1.1113756895065308, delay:0.12018904089927673, throughput:3914
episode:389/500, real avg travel time:269.26111394992336
step:3600/3600, q_loss:-1.69892753345064e-06, rewards:-2.8305671215057373, queue:0.9657407402992249, delay:0.11899092048406601, throughput:3939
episode:390/500, real avg travel time:259.2063975628332
Test step:390/500, travel time :279.7408709764674, rewards:-3.9059505462646484, queue:1.2050265073776245, delay:0.1250630021095276, throughput:3697
step:3600/3600, q_loss:0.00010793914471934032, rewards:-4.1558732986450195, queue:1.2309523820877075, delay:0.12396968901157379, throughput:3911
episode:391/500, real avg travel time:277.90948606494504
step:3600/3600, q_loss:2.291382608948172e-06, rewards:-2.918196678161621, queue:0.983730137348175, delay:0.12124796956777573, throughput:3948
episode:392/500, real avg travel time:258.77988855116513
step:3600/3600, q_loss:0.00010056697598580892, rewards:-4.293607711791992, queue:1.233068823814392, delay:0.12660907208919525, throughput:3844
episode:393/500, real avg travel time:293.08142559833504
step:3600/3600, q_loss:5.5827382311690595e-06, rewards:-2.746849298477173, queue:0.956084668636322, delay:0.11911571770906448, throughput:3917
episode:394/500, real avg travel time:251.7812101097779
step:3600/3600, q_loss:0.00020260764479947588, rewards:-5.335066795349121, queue:1.5313491821289062, delay:0.13690410554409027, throughput:3888
episode:395/500, real avg travel time:308.3937757201646
Test step:395/500, travel time :262.17483660130716, rewards:-3.44756817817688, queue:1.12328040599823, delay:0.12319976836442947, throughput:3672
step:3600/3600, q_loss:3.1126537780639613e-06, rewards:-2.779107093811035, queue:0.9435185194015503, delay:0.11642572283744812, throughput:3911
episode:396/500, real avg travel time:243.83533623114292
step:3600/3600, q_loss:-3.292911545334694e-06, rewards:-2.696394443511963, queue:0.9387565851211548, delay:0.11966492235660553, throughput:3961
episode:397/500, real avg travel time:254.63140621055288
step:3600/3600, q_loss:7.810598577230444e-05, rewards:-4.013625144958496, queue:1.2144179344177246, delay:0.1270505040884018, throughput:3780
episode:398/500, real avg travel time:295.3886243386243
step:3600/3600, q_loss:6.832545962727939e-05, rewards:-3.1476335525512695, queue:1.0644179582595825, delay:0.11730609834194183, throughput:3943
episode:399/500, real avg travel time:269.211006847578
step:3600/3600, q_loss:-4.64230433863122e-06, rewards:-2.497889995574951, queue:0.8784391283988953, delay:0.11420531570911407, throughput:3940
episode:400/500, real avg travel time:266.356345177665
Test step:400/500, travel time :241.0808431163287, rewards:-2.727686882019043, queue:0.9452381134033203, delay:0.11920922994613647, throughput:3748
step:3600/3600, q_loss:9.536084285678548e-08, rewards:-2.4073801040649414, queue:0.8797619342803955, delay:0.11518234014511108, throughput:3971
episode:401/500, real avg travel time:247.67313019390582
step:3600/3600, q_loss:-1.4040509187099007e-06, rewards:-2.4375040531158447, queue:0.902910053730011, delay:0.11597753316164017, throughput:3972
episode:402/500, real avg travel time:241.47230614300102
step:3600/3600, q_loss:-4.7788390171869345e-06, rewards:-2.755889415740967, queue:0.949999988079071, delay:0.1193980798125267, throughput:3964
episode:403/500, real avg travel time:255.46543895055498
step:3600/3600, q_loss:0.0002276222214277368, rewards:-5.221441268920898, queue:1.5076719522476196, delay:0.12925013899803162, throughput:3954
episode:404/500, real avg travel time:312.7167425392008
step:3600/3600, q_loss:0.00010263865737619603, rewards:-3.6412506103515625, queue:1.167724847793579, delay:0.12327799946069717, throughput:3993
episode:405/500, real avg travel time:274.1555221637866
Test step:405/500, travel time :246.8899057873486, rewards:-3.256361246109009, queue:1.0316137075424194, delay:0.1212865486741066, throughput:3715
step:3600/3600, q_loss:-1.9536470871470454e-06, rewards:-2.4828362464904785, queue:0.9100528955459595, delay:0.11714423447847366, throughput:3952
episode:406/500, real avg travel time:250.26442307692307
step:3600/3600, q_loss:-1.8852224457077682e-06, rewards:-2.7920331954956055, queue:0.9861111044883728, delay:0.12107577919960022, throughput:4042
episode:407/500, real avg travel time:258.3515586343394
step:3600/3600, q_loss:-2.5008347519259487e-06, rewards:-2.4491045475006104, queue:0.8977513313293457, delay:0.11551094055175781, throughput:4024
episode:408/500, real avg travel time:242.88866799204771
step:3600/3600, q_loss:-6.523508555902582e-06, rewards:-2.4279167652130127, queue:0.9083333611488342, delay:0.1165984496474266, throughput:4003
episode:409/500, real avg travel time:247.51236572570573
step:3600/3600, q_loss:-2.9165507132549667e-06, rewards:-2.508740186691284, queue:0.8947089910507202, delay:0.11648189276456833, throughput:4025
episode:410/500, real avg travel time:241.8454658385093
Test step:410/500, travel time :274.946418499718, rewards:-5.4794230461120605, queue:1.54708993434906, delay:0.1339852213859558, throughput:3546
step:3600/3600, q_loss:5.016246690906377e-05, rewards:-3.5556318759918213, queue:1.159656047821045, delay:0.1254909336566925, throughput:3954
episode:411/500, real avg travel time:266.37582195245324
step:3600/3600, q_loss:3.1075467025705924e-06, rewards:-2.711782217025757, queue:0.9257936477661133, delay:0.11849630624055862, throughput:3953
episode:412/500, real avg travel time:247.32051606374904
step:3600/3600, q_loss:-1.5462094678595248e-06, rewards:-2.519301414489746, queue:0.9120370149612427, delay:0.11797960102558136, throughput:3978
episode:413/500, real avg travel time:245.27249874308697
step:3600/3600, q_loss:1.0204126899932615e-05, rewards:-2.9805474281311035, queue:1.0212962627410889, delay:0.12018933147192001, throughput:3877
episode:414/500, real avg travel time:244.01805519731752
step:3600/3600, q_loss:2.0257800901567355e-05, rewards:-3.0731496810913086, queue:1.0219576358795166, delay:0.11707402765750885, throughput:3946
episode:415/500, real avg travel time:246.72807906741002
Test step:415/500, travel time :265.96415094339625, rewards:-4.038857460021973, queue:1.1867724657058716, delay:0.1231265589594841, throughput:3710
step:3600/3600, q_loss:6.701507930605052e-05, rewards:-3.589365243911743, queue:1.1555556058883667, delay:0.12120738625526428, throughput:3979
episode:416/500, real avg travel time:270.89821563206834
step:3600/3600, q_loss:6.555155382051858e-05, rewards:-3.6583611965179443, queue:1.1125661134719849, delay:0.12090861052274704, throughput:3897
episode:417/500, real avg travel time:271.3802925327175
step:3600/3600, q_loss:-1.1035737002708225e-05, rewards:-2.442532777786255, queue:0.8779100775718689, delay:0.11549082398414612, throughput:3936
episode:418/500, real avg travel time:233.0721544715447
step:3600/3600, q_loss:-1.4632457653836658e-06, rewards:-2.354548215866089, queue:0.8792328238487244, delay:0.11699889600276947, throughput:3992
episode:419/500, real avg travel time:231.1117234468938
step:3600/3600, q_loss:6.449129303089446e-05, rewards:-3.2629780769348145, queue:1.1035714149475098, delay:0.12016743421554565, throughput:3898
episode:420/500, real avg travel time:245.14443304258594
Test step:420/500, travel time :249.31614654002715, rewards:-3.694868326187134, queue:1.148280382156372, delay:0.11939284205436707, throughput:3685
step:3600/3600, q_loss:-3.619883460083252e-06, rewards:-2.2571818828582764, queue:0.8264549970626831, delay:0.11178173124790192, throughput:3949
episode:421/500, real avg travel time:236.48341352241073
step:3600/3600, q_loss:-3.491738364876558e-06, rewards:-2.397712230682373, queue:0.8826719522476196, delay:0.11609590798616409, throughput:3917
episode:422/500, real avg travel time:235.75670155731427
step:3600/3600, q_loss:-4.86326239802616e-06, rewards:-2.2275638580322266, queue:0.8345237970352173, delay:0.11130896955728531, throughput:3965
episode:423/500, real avg travel time:235.37099621689785
step:3600/3600, q_loss:0.00018069355169750956, rewards:-4.012476921081543, queue:1.2869048118591309, delay:0.12084195762872696, throughput:3915
episode:424/500, real avg travel time:282.51136653895276
step:3600/3600, q_loss:-4.882127460506227e-06, rewards:-2.4010069370269775, queue:0.8841269612312317, delay:0.11583224684000015, throughput:3955
episode:425/500, real avg travel time:236.93577749683945
Test step:425/500, travel time :273.37359550561797, rewards:-4.7913384437561035, queue:1.3063491582870483, delay:0.13139952719211578, throughput:3560
step:3600/3600, q_loss:-8.329739971991836e-06, rewards:-2.2683184146881104, queue:0.8455026745796204, delay:0.11574393510818481, throughput:3911
episode:426/500, real avg travel time:228.66249041165943
step:3600/3600, q_loss:-5.174746345599285e-07, rewards:-2.5678889751434326, queue:0.9084656238555908, delay:0.11830707639455795, throughput:3911
episode:427/500, real avg travel time:234.3566862694963
step:3600/3600, q_loss:-7.149542741697385e-06, rewards:-2.822711944580078, queue:0.9673280715942383, delay:0.12038177251815796, throughput:3936
episode:428/500, real avg travel time:259.2134146341463
step:3600/3600, q_loss:1.2256774223513074e-06, rewards:-2.4128470420837402, queue:0.8723545074462891, delay:0.11479666829109192, throughput:3934
episode:429/500, real avg travel time:231.1423487544484
step:3600/3600, q_loss:5.224075034170205e-05, rewards:-3.1328492164611816, queue:1.0650793313980103, delay:0.11828094720840454, throughput:3897
episode:430/500, real avg travel time:260.01154734411085
Test step:430/500, travel time :337.27126146063864, rewards:-9.904074668884277, queue:2.6096560955047607, delay:0.16487933695316315, throughput:3163
step:3600/3600, q_loss:-1.336543128773984e-06, rewards:-2.4298489093780518, queue:0.8773809671401978, delay:0.11478599160909653, throughput:3950
episode:431/500, real avg travel time:247.44101265822786
step:3600/3600, q_loss:6.407058002272e-05, rewards:-3.184422731399536, queue:1.0724867582321167, delay:0.11870945245027542, throughput:3921
episode:432/500, real avg travel time:259.8854883958174
step:3600/3600, q_loss:-3.840585365348185e-06, rewards:-2.189662218093872, queue:0.8424603343009949, delay:0.11287716031074524, throughput:3968
episode:433/500, real avg travel time:241.61844758064515
step:3600/3600, q_loss:-8.285393252865308e-07, rewards:-2.4859139919281006, queue:0.902910053730011, delay:0.11578954011201859, throughput:3936
episode:434/500, real avg travel time:243.7273882113821
step:3600/3600, q_loss:-1.059431653831982e-06, rewards:-2.5354864597320557, queue:0.9055555462837219, delay:0.1164955124258995, throughput:3909
episode:435/500, real avg travel time:238.7741110258378
Test step:435/500, travel time :268.80345394736844, rewards:-3.615192413330078, queue:1.1723544597625732, delay:0.1222207099199295, throughput:3648
step:3600/3600, q_loss:-3.377585623335714e-06, rewards:-2.1393439769744873, queue:0.827645480632782, delay:0.11248163133859634, throughput:3958
episode:436/500, real avg travel time:229.16245578575038
step:3600/3600, q_loss:0.0001110507514871036, rewards:-3.661747455596924, queue:1.1369047164916992, delay:0.12098071724176407, throughput:3923
episode:437/500, real avg travel time:262.02523578893704
step:3600/3600, q_loss:-5.3941342533410834e-06, rewards:-2.494795799255371, queue:0.8832010626792908, delay:0.1148177906870842, throughput:3934
episode:438/500, real avg travel time:240.03050330452464
step:3600/3600, q_loss:-1.4062312645061563e-05, rewards:-2.293476104736328, queue:0.8576719760894775, delay:0.11433713138103485, throughput:3932
episode:439/500, real avg travel time:241.95701932858597
step:3600/3600, q_loss:-3.899304041018089e-06, rewards:-2.1570487022399902, queue:0.8244708776473999, delay:0.1108120009303093, throughput:3950
episode:440/500, real avg travel time:240.40911392405064
Test step:440/500, travel time :274.6162663755459, rewards:-3.679443359375, queue:1.1321429014205933, delay:0.11941775679588318, throughput:3664
step:3600/3600, q_loss:-1.3693665904510352e-06, rewards:-2.3294966220855713, queue:0.85317462682724, delay:0.11320940405130386, throughput:3922
episode:441/500, real avg travel time:230.18765935747066
step:3600/3600, q_loss:8.203168294534812e-05, rewards:-3.0289201736450195, queue:1.0421957969665527, delay:0.11356931924819946, throughput:3893
episode:442/500, real avg travel time:243.41304906241973
step:3600/3600, q_loss:-5.353870074031875e-06, rewards:-2.126861572265625, queue:0.8111110925674438, delay:0.10870091617107391, throughput:3906
episode:443/500, real avg travel time:228.06605222734254
step:3600/3600, q_loss:4.7153145149220816e-05, rewards:-2.9163169860839844, queue:0.9554232954978943, delay:0.11483326554298401, throughput:3816
episode:444/500, real avg travel time:236.63574423480082
step:3600/3600, q_loss:-8.710461730111598e-06, rewards:-2.1062850952148438, queue:0.7969576716423035, delay:0.1078406572341919, throughput:3879
episode:445/500, real avg travel time:243.47357566383087
Test step:445/500, travel time :281.48620309050773, rewards:-5.17731237411499, queue:1.4478836059570312, delay:0.12217287719249725, throughput:3624
step:3600/3600, q_loss:5.550487039727159e-05, rewards:-3.140097141265869, queue:1.0085978507995605, delay:0.11707571893930435, throughput:3949
episode:446/500, real avg travel time:254.6267409470752
step:3600/3600, q_loss:1.872579256693522e-07, rewards:-2.163727045059204, queue:0.8134920597076416, delay:0.11100168526172638, throughput:3937
episode:447/500, real avg travel time:241.33197866395733
step:3600/3600, q_loss:6.038660002458427e-06, rewards:-2.1208643913269043, queue:0.8030423521995544, delay:0.10852716118097305, throughput:3890
episode:448/500, real avg travel time:234.98611825192802
step:3600/3600, q_loss:6.813687060558651e-05, rewards:-3.3539960384368896, queue:1.1251323223114014, delay:0.11921829730272293, throughput:3963
episode:449/500, real avg travel time:271.1801665404996
step:3600/3600, q_loss:8.767092771854044e-06, rewards:-2.7362935543060303, queue:0.9769841432571411, delay:0.11765579879283905, throughput:3958
episode:450/500, real avg travel time:252.33501768569985
Test step:450/500, travel time :272.4663226507333, rewards:-4.103187561035156, queue:1.2525131702423096, delay:0.11715615540742874, throughput:3682
step:3600/3600, q_loss:-1.952253822107903e-06, rewards:-2.287525177001953, queue:0.8437830805778503, delay:0.1136859655380249, throughput:3929
episode:451/500, real avg travel time:247.98421990328328
step:3600/3600, q_loss:1.1662955027228841e-06, rewards:-2.127739429473877, queue:0.8107143044471741, delay:0.10849347710609436, throughput:3974
episode:452/500, real avg travel time:235.65198792148968
step:3600/3600, q_loss:-1.4451349367542814e-06, rewards:-2.3125827312469482, queue:0.8427248597145081, delay:0.11265146732330322, throughput:3948
episode:453/500, real avg travel time:234.71352583586625
step:3600/3600, q_loss:0.00025623334715621444, rewards:-4.60307502746582, queue:1.3977513313293457, delay:0.12786699831485748, throughput:3736
episode:454/500, real avg travel time:267.72510706638116
step:3600/3600, q_loss:5.970301968368909e-05, rewards:-3.3456308841705322, queue:1.0866402387619019, delay:0.11923449486494064, throughput:3890
episode:455/500, real avg travel time:282.8313624678663
Test step:455/500, travel time :291.73025210084035, rewards:-4.567238807678223, queue:1.3169312477111816, delay:0.12016039341688156, throughput:3570
step:3600/3600, q_loss:3.537014110608854e-05, rewards:-2.8942925930023193, queue:0.9511904716491699, delay:0.11885789036750793, throughput:3969
episode:456/500, real avg travel time:250.73343411438648
step:3600/3600, q_loss:-7.920668496000064e-06, rewards:-2.5117783546447754, queue:0.891005277633667, delay:0.11367449909448624, throughput:3965
episode:457/500, real avg travel time:261.13240857503155
step:3600/3600, q_loss:-5.609526286005146e-06, rewards:-2.3421640396118164, queue:0.8736772537231445, delay:0.11401595920324326, throughput:3976
episode:458/500, real avg travel time:253.20573440643864
step:3600/3600, q_loss:8.728459134646173e-05, rewards:-3.295368194580078, queue:1.1087301969528198, delay:0.11846169829368591, throughput:3861
episode:459/500, real avg travel time:275.75343175343176
step:3600/3600, q_loss:2.9919534831100867e-05, rewards:-3.267367124557495, queue:1.0068782567977905, delay:0.11614000797271729, throughput:3881
episode:460/500, real avg travel time:273.7642360216439
Test step:460/500, travel time :304.86729857819904, rewards:-6.513498306274414, queue:1.8992063999176025, delay:0.13053904473781586, throughput:3376
step:3600/3600, q_loss:6.36957918080346e-05, rewards:-3.1114702224731445, queue:1.038888931274414, delay:0.11278443038463593, throughput:3879
episode:461/500, real avg travel time:263.04949729311676
step:3600/3600, q_loss:0.00010883652090948696, rewards:-3.7859041690826416, queue:1.1498677730560303, delay:0.11800948530435562, throughput:3922
episode:462/500, real avg travel time:271.15629780724123
step:3600/3600, q_loss:7.454673541360535e-05, rewards:-3.0785977840423584, queue:1.0383597612380981, delay:0.11619867384433746, throughput:3939
episode:463/500, real avg travel time:254.3894389438944
step:3600/3600, q_loss:-1.3297458483268404e-06, rewards:-2.3120038509368896, queue:0.8526455163955688, delay:0.11392533034086227, throughput:3999
episode:464/500, real avg travel time:243.90172543135785
step:3600/3600, q_loss:-8.255955011312229e-06, rewards:-2.2100231647491455, queue:0.8408730030059814, delay:0.1122739389538765, throughput:3963
episode:465/500, real avg travel time:231.92329043653797
Test step:465/500, travel time :235.20931463350092, rewards:-2.104949712753296, queue:0.8011904954910278, delay:0.10804677754640579, throughput:3779
step:3600/3600, q_loss:-8.628696701230688e-06, rewards:-2.4032769203186035, queue:0.8894180059432983, delay:0.11606184393167496, throughput:3988
episode:466/500, real avg travel time:236.1950852557673
step:3600/3600, q_loss:-5.525938710585857e-06, rewards:-2.2908480167388916, queue:0.858730137348175, delay:0.11159569025039673, throughput:3953
episode:467/500, real avg travel time:238.3544143688338
step:3600/3600, q_loss:-8.148695875812943e-06, rewards:-2.3233914375305176, queue:0.8649470806121826, delay:0.11235876381397247, throughput:3957
episode:468/500, real avg travel time:237.55547131665404
step:3600/3600, q_loss:-3.1830346819737717e-06, rewards:-2.3629839420318604, queue:0.8437830805778503, delay:0.11252471804618835, throughput:3940
episode:469/500, real avg travel time:243.26928934010152
step:3600/3600, q_loss:-4.6622290230718334e-06, rewards:-2.224475383758545, queue:0.8296296000480652, delay:0.11153450608253479, throughput:3913
episode:470/500, real avg travel time:238.53820598006644
Test step:470/500, travel time :278.8324338909876, rewards:-3.832446336746216, queue:1.1486772298812866, delay:0.11972562968730927, throughput:3706
step:3600/3600, q_loss:-7.747098667702327e-06, rewards:-2.520751714706421, queue:0.9066137671470642, delay:0.11609861999750137, throughput:3965
episode:471/500, real avg travel time:253.66052963430013
step:3600/3600, q_loss:-7.443990600424715e-06, rewards:-2.306103229522705, queue:0.8608465790748596, delay:0.11366839706897736, throughput:3989
episode:472/500, real avg travel time:244.17046878917023
step:3600/3600, q_loss:1.9462913365310265e-05, rewards:-2.6957061290740967, queue:0.9025132060050964, delay:0.11614948511123657, throughput:3953
episode:473/500, real avg travel time:245.73766759423222
step:3600/3600, q_loss:6.666636472800747e-05, rewards:-3.0096333026885986, queue:1.0130952596664429, delay:0.11307109147310257, throughput:3895
episode:474/500, real avg travel time:256.3920410783055
step:3600/3600, q_loss:1.6635224003241292e-08, rewards:-2.219137668609619, queue:0.8341270089149475, delay:0.11267565935850143, throughput:3970
episode:475/500, real avg travel time:239.8823677581864
Test step:475/500, travel time :255.65625, rewards:-5.559838771820068, queue:1.4773809909820557, delay:0.12895320355892181, throughput:3552
step:3600/3600, q_loss:-1.0435944245222748e-05, rewards:-2.3243441581726074, queue:0.8478835821151733, delay:0.1126943826675415, throughput:3989
episode:476/500, real avg travel time:239.3361744798195
step:3600/3600, q_loss:-4.8685318486402845e-06, rewards:-2.266043186187744, queue:0.8367725014686584, delay:0.11014199256896973, throughput:3998
episode:477/500, real avg travel time:233.22536268134067
step:3600/3600, q_loss:-4.911707542810796e-07, rewards:-2.270503520965576, queue:0.8474867939949036, delay:0.11124351620674133, throughput:3956
episode:478/500, real avg travel time:247.8586956521739
step:3600/3600, q_loss:-1.0190274002121037e-05, rewards:-2.558866262435913, queue:0.8838624358177185, delay:0.11115243285894394, throughput:3857
episode:479/500, real avg travel time:245.73632356753953
step:3600/3600, q_loss:-7.2479558891953074e-06, rewards:-2.416006565093994, queue:0.8533068895339966, delay:0.111138254404068, throughput:3937
episode:480/500, real avg travel time:247.1483362966726
Test step:480/500, travel time :300.92335766423355, rewards:-12.61037826538086, queue:3.466799020767212, delay:0.1642066091299057, throughput:3014
step:3600/3600, q_loss:6.157603412349191e-05, rewards:-3.106559991836548, queue:1.025529146194458, delay:0.1125205010175705, throughput:3868
episode:481/500, real avg travel time:260.70062047569803
step:3600/3600, q_loss:-7.3796649909733485e-06, rewards:-2.3292224407196045, queue:0.845370352268219, delay:0.11306945979595184, throughput:3886
episode:482/500, real avg travel time:239.53371075656202
step:3600/3600, q_loss:0.0003163033591893812, rewards:-5.966729164123535, queue:1.5820106267929077, delay:0.13148199021816254, throughput:3482
episode:483/500, real avg travel time:261.8989086731763
step:3600/3600, q_loss:9.068343836891776e-05, rewards:-3.346186637878418, queue:1.079100489616394, delay:0.1158866435289383, throughput:3928
episode:484/500, real avg travel time:261.94119144602854
step:3600/3600, q_loss:0.00012695886317588804, rewards:-3.506505012512207, queue:1.0755290985107422, delay:0.11297791451215744, throughput:3906
episode:485/500, real avg travel time:264.9820788530466
Test step:485/500, travel time :283.2315186246418, rewards:-7.012589454650879, queue:1.865079402923584, delay:0.13796395063400269, throughput:3490
step:3600/3600, q_loss:-3.3147023107934123e-06, rewards:-2.6604013442993164, queue:0.9092592597007751, delay:0.11582956463098526, throughput:3894
episode:486/500, real avg travel time:267.3923985618901
step:3600/3600, q_loss:-7.204782499078041e-06, rewards:-2.339637517929077, queue:0.8482804298400879, delay:0.11180461943149567, throughput:3977
episode:487/500, real avg travel time:240.02539602715615
step:3600/3600, q_loss:4.594523488776758e-06, rewards:-2.283607244491577, queue:0.8388888835906982, delay:0.11282733082771301, throughput:3991
episode:488/500, real avg travel time:244.9579052868955
step:3600/3600, q_loss:0.00029851027817737, rewards:-5.282258987426758, queue:1.4787037372589111, delay:0.12435140460729599, throughput:3804
episode:489/500, real avg travel time:280.8009989484753
step:3600/3600, q_loss:1.0094345877102266e-06, rewards:-2.4154741764068604, queue:0.8638888597488403, delay:0.11457180231809616, throughput:3935
episode:490/500, real avg travel time:250.44294790343076
Test step:490/500, travel time :264.7869379014989, rewards:-3.825233221054077, queue:1.1291005611419678, delay:0.11772172898054123, throughput:3736
step:3600/3600, q_loss:-5.2662618044349885e-06, rewards:-2.1288583278656006, queue:0.8078042268753052, delay:0.11122584342956543, throughput:3953
episode:491/500, real avg travel time:236.32102200860106
step:3600/3600, q_loss:1.175808493927535e-06, rewards:-2.198981285095215, queue:0.8154761791229248, delay:0.10857586562633514, throughput:3974
episode:492/500, real avg travel time:244.11625566180172
step:3600/3600, q_loss:-4.053996639817746e-06, rewards:-2.212308645248413, queue:0.8309524059295654, delay:0.10824775695800781, throughput:3948
episode:493/500, real avg travel time:246.92831813576495
step:3600/3600, q_loss:0.00013068734947915397, rewards:-4.052552223205566, queue:1.193386197090149, delay:0.12075968086719513, throughput:3942
episode:494/500, real avg travel time:276.6747843734145
step:3600/3600, q_loss:6.171202063948537e-05, rewards:-3.040127992630005, queue:1.0362434387207031, delay:0.11428442597389221, throughput:3992
episode:495/500, real avg travel time:261.10445891783564
Test step:495/500, travel time :299.3210321032103, rewards:-6.944862365722656, queue:1.8989417552947998, delay:0.13522247970104218, throughput:3333
step:3600/3600, q_loss:7.43593972907143e-05, rewards:-3.1994433403015137, queue:1.059259295463562, delay:0.11434679478406906, throughput:3895
episode:496/500, real avg travel time:265.0785622593068
step:3600/3600, q_loss:-5.488472258245262e-06, rewards:-2.39406418800354, queue:0.8559523820877075, delay:0.1137462705373764, throughput:3985
episode:497/500, real avg travel time:257.03387703889587
step:3600/3600, q_loss:0.00014777532552317198, rewards:-4.352558612823486, queue:1.333994746208191, delay:0.12509439885616302, throughput:3751
episode:498/500, real avg travel time:284.4036256998134
step:3600/3600, q_loss:5.513319499894149e-05, rewards:-2.940873861312866, queue:1.0173280239105225, delay:0.11332636326551437, throughput:3944
episode:499/500, real avg travel time:265.41911764705884
Hyperparameters saved to: data/output_data/tsc/sumo_hyperlight_mappo/sumo1x21/learned500_sumo1x21_seed2/hyperparameters.json
Loaded best checkpoint for final evaluation
Final Travel Time is 234.0855, mean rewards: -3.2904, queue: 1.1693, delay: 0.1358, throughput: 3789
Total time taken: 22004.025232315063
