step:3600/3600, q_loss:0.000834945514280763, rewards:-16.562877655029297, queue:5.210846424102783, delay:0.24794608354568481, throughput:3510
episode:0/500, real avg travel time:364.4079772079772
Test step:0/500, travel time :564.9207360226469, rewards:-38.84721755981445, queue:12.003835678100586, delay:0.33694183826446533, throughput:1413
New best TEST travel time 564.9207 at episode 0, saved as best checkpoint
step:3600/3600, q_loss:0.0010070228638748328, rewards:-18.479631423950195, queue:5.673148155212402, delay:0.24776685237884521, throughput:3403
episode:1/500, real avg travel time:371.05994710549516
step:3600/3600, q_loss:0.0009313199332811766, rewards:-18.97088623046875, queue:5.990476131439209, delay:0.2508698105812073, throughput:3425
episode:2/500, real avg travel time:366.8213138686131
step:3600/3600, q_loss:0.0005177481242248581, rewards:-16.67681312561035, queue:5.293915271759033, delay:0.23737287521362305, throughput:3534
episode:3/500, real avg travel time:366.7184493491794
step:3600/3600, q_loss:0.0007363278263558944, rewards:-17.2768611907959, queue:5.1465606689453125, delay:0.23677659034729004, throughput:3479
episode:4/500, real avg travel time:384.5139407875826
step:3600/3600, q_loss:0.00027122301269426113, rewards:-12.731743812561035, queue:3.9140212535858154, delay:0.221714049577713, throughput:3720
episode:5/500, real avg travel time:347.5876344086021
Test step:5/500, travel time :413.2039877300613, rewards:-20.373594284057617, queue:5.512962818145752, delay:0.2779082953929901, throughput:1956
New best TEST travel time 413.2040 at episode 5, saved as best checkpoint
step:3600/3600, q_loss:0.00011147403484857124, rewards:-10.434874534606934, queue:3.2902116775512695, delay:0.2096766233444214, throughput:3627
episode:6/500, real avg travel time:346.76812792941826
step:3600/3600, q_loss:0.0005527812858215637, rewards:-15.272506713867188, queue:4.392063617706299, delay:0.22827908396720886, throughput:3521
episode:7/500, real avg travel time:385.934393638171
step:3600/3600, q_loss:7.009760188844261e-05, rewards:-9.148921012878418, queue:2.878835916519165, delay:0.19963161647319794, throughput:3825
episode:8/500, real avg travel time:333.8588235294118
step:3600/3600, q_loss:5.909675932748036e-05, rewards:-7.876780986785889, queue:2.4883596897125244, delay:0.19280660152435303, throughput:3871
episode:9/500, real avg travel time:309.2273314389047
step:3600/3600, q_loss:1.7269806671215015e-05, rewards:-5.5325093269348145, queue:1.8968254327774048, delay:0.17004454135894775, throughput:4018
episode:10/500, real avg travel time:262.39323046291685
Test step:10/500, travel time :405.3129801860089, rewards:-19.261173248291016, queue:5.4373016357421875, delay:0.24722060561180115, throughput:2473
New best TEST travel time 405.3130 at episode 10, saved as best checkpoint
step:3600/3600, q_loss:2.8810365054394222e-05, rewards:-5.73599910736084, queue:1.926455020904541, delay:0.1685733050107956, throughput:3992
episode:11/500, real avg travel time:265.64754509018036
step:3600/3600, q_loss:4.847106983005586e-06, rewards:-5.331934452056885, queue:1.8611111640930176, delay:0.16572721302509308, throughput:4008
episode:12/500, real avg travel time:261.3198602794411
step:3600/3600, q_loss:7.154797155332442e-05, rewards:-7.153671741485596, queue:2.273545026779175, delay:0.18043284118175507, throughput:3989
episode:13/500, real avg travel time:302.13336675858613
step:3600/3600, q_loss:4.220728765681593e-06, rewards:-4.667644023895264, queue:1.641005277633667, delay:0.15809687972068787, throughput:4026
episode:14/500, real avg travel time:242.44858420268255
step:3600/3600, q_loss:2.523416090601434e-07, rewards:-4.641934394836426, queue:1.6227513551712036, delay:0.1543760597705841, throughput:4041
episode:15/500, real avg travel time:228.92427616926503
Test step:15/500, travel time :301.03238636363636, rewards:-11.925610542297363, queue:3.714550256729126, delay:0.19657953083515167, throughput:3520
New best TEST travel time 301.0324 at episode 15, saved as best checkpoint
step:3600/3600, q_loss:-8.709382220533573e-06, rewards:-4.829490661621094, queue:1.6931216716766357, delay:0.16172181069850922, throughput:4048
episode:16/500, real avg travel time:238.37648221343875
step:3600/3600, q_loss:-1.4955431106500328e-05, rewards:-4.38178825378418, queue:1.5538359880447388, delay:0.15607216954231262, throughput:4054
episode:17/500, real avg travel time:224.9615194869265
step:3600/3600, q_loss:-7.028799154795707e-06, rewards:-4.253862380981445, queue:1.5357142686843872, delay:0.15313245356082916, throughput:4068
episode:18/500, real avg travel time:227.8114552605703
step:3600/3600, q_loss:-7.010744916947766e-06, rewards:-4.0411295890808105, queue:1.4443122148513794, delay:0.1493672877550125, throughput:4063
episode:19/500, real avg travel time:221.92788579867093
step:3600/3600, q_loss:3.645279769746897e-05, rewards:-5.014492034912109, queue:1.6673280000686646, delay:0.15556325018405914, throughput:4049
episode:20/500, real avg travel time:236.85749567794517
Test step:20/500, travel time :436.14570858283435, rewards:-17.67934799194336, queue:5.631349086761475, delay:0.22496065497398376, throughput:2505
step:3600/3600, q_loss:-4.294064435978524e-06, rewards:-4.056911945343018, queue:1.4396824836730957, delay:0.15185685455799103, throughput:4056
episode:21/500, real avg travel time:223.05226824457594
step:3600/3600, q_loss:-1.0429013895595239e-05, rewards:-4.33246374130249, queue:1.5179893970489502, delay:0.15272703766822815, throughput:4056
episode:22/500, real avg travel time:233.71055226824458
step:3600/3600, q_loss:1.812468294196555e-05, rewards:-4.734996318817139, queue:1.6318782567977905, delay:0.1513950675725937, throughput:4060
episode:23/500, real avg travel time:237.01576354679804
step:3600/3600, q_loss:4.618227426868139e-06, rewards:-4.507181167602539, queue:1.54365074634552, delay:0.1523818075656891, throughput:4064
episode:24/500, real avg travel time:228.7802657480315
step:3600/3600, q_loss:-5.260691978037357e-07, rewards:-3.6533796787261963, queue:1.3297618627548218, delay:0.14244259893894196, throughput:4021
episode:25/500, real avg travel time:221.1643869684158
Test step:25/500, travel time :386.3234641006662, rewards:-13.997580528259277, queue:4.396031856536865, delay:0.201264888048172, throughput:2702
step:3600/3600, q_loss:-1.2012084496543845e-05, rewards:-3.6464152336120605, queue:1.3294973373413086, delay:0.1424056887626648, throughput:4050
episode:26/500, real avg travel time:219.76024691358026
step:3600/3600, q_loss:-2.553244929812435e-06, rewards:-3.518738031387329, queue:1.273809552192688, delay:0.1422300487756729, throughput:4049
episode:27/500, real avg travel time:212.14324524573968
step:3600/3600, q_loss:-1.0172239813578523e-05, rewards:-3.3593075275421143, queue:1.2784391641616821, delay:0.13754840195178986, throughput:4067
episode:28/500, real avg travel time:216.1640029505778
step:3600/3600, q_loss:-5.50011423506981e-06, rewards:-3.2956905364990234, queue:1.2362433671951294, delay:0.13770656287670135, throughput:4063
episode:29/500, real avg travel time:212.15062761506277
step:3600/3600, q_loss:-6.000417892614173e-06, rewards:-3.517606019973755, queue:1.2727513313293457, delay:0.13919973373413086, throughput:4067
episode:30/500, real avg travel time:216.33611999016475
Test step:30/500, travel time :332.69507186858317, rewards:-11.889006614685059, queue:3.6720900535583496, delay:0.19597482681274414, throughput:2922
step:3600/3600, q_loss:-4.907490155245695e-06, rewards:-3.1904280185699463, queue:1.2105820178985596, delay:0.1361687332391739, throughput:4067
episode:31/500, real avg travel time:206.32480944184903
step:3600/3600, q_loss:-5.43829567808037e-06, rewards:-3.3406691551208496, queue:1.2419312000274658, delay:0.13924549520015717, throughput:4068
episode:32/500, real avg travel time:211.61553588987218
step:3600/3600, q_loss:-1.0270387752421407e-05, rewards:-3.2219791412353516, queue:1.2181216478347778, delay:0.13779501616954803, throughput:4059
episode:33/500, real avg travel time:211.740083764474
step:3600/3600, q_loss:-8.320023375239947e-06, rewards:-3.1039583683013916, queue:1.1765873432159424, delay:0.13365763425827026, throughput:3978
episode:34/500, real avg travel time:212.79889391654098
step:3600/3600, q_loss:-1.3625941129349586e-05, rewards:-3.081892967224121, queue:1.169179916381836, delay:0.1347418874502182, throughput:3956
episode:35/500, real avg travel time:210.2644084934277
Test step:35/500, travel time :351.72769450392576, rewards:-11.177254676818848, queue:3.6281745433807373, delay:0.2083737701177597, throughput:2802
step:3600/3600, q_loss:-4.288163715197394e-06, rewards:-2.9695193767547607, queue:1.1326719522476196, delay:0.13340237736701965, throughput:3933
episode:36/500, real avg travel time:209.4604627510806
step:3600/3600, q_loss:-9.176040960786242e-06, rewards:-2.983933448791504, queue:1.1153439283370972, delay:0.13058991730213165, throughput:3997
episode:37/500, real avg travel time:213.14060545409058
step:3600/3600, q_loss:-4.691063885628763e-06, rewards:-2.9459068775177, queue:1.104629635810852, delay:0.1343647986650467, throughput:4006
episode:38/500, real avg travel time:214.5134797803295
step:3600/3600, q_loss:7.489444081632731e-05, rewards:-3.9358410835266113, queue:1.3661376237869263, delay:0.13811464607715607, throughput:3971
episode:39/500, real avg travel time:227.37219843868044
step:3600/3600, q_loss:-8.389284024209095e-06, rewards:-3.080915927886963, queue:1.1355819702148438, delay:0.13347043097019196, throughput:3905
episode:40/500, real avg travel time:217.38284250960308
Test step:40/500, travel time :237.47755102040816, rewards:-5.626741886138916, queue:2.0600528717041016, delay:0.16133356094360352, throughput:3675
New best TEST travel time 237.4776 at episode 40, saved as best checkpoint
step:3600/3600, q_loss:-3.2490923735571818e-06, rewards:-2.914210796356201, queue:1.0902116298675537, delay:0.1295102834701538, throughput:3920
episode:41/500, real avg travel time:206.96147959183673
step:3600/3600, q_loss:-8.784560001610468e-06, rewards:-3.103522777557373, queue:1.1555556058883667, delay:0.13390322029590607, throughput:3959
episode:42/500, real avg travel time:214.3551401869159
step:3600/3600, q_loss:-8.96656654529377e-06, rewards:-2.838404417037964, queue:1.0871692895889282, delay:0.12993481755256653, throughput:3999
episode:43/500, real avg travel time:207.26431607901975
step:3600/3600, q_loss:-5.522999870461515e-06, rewards:-3.008221387863159, queue:1.1247354745864868, delay:0.1320495754480362, throughput:3975
episode:44/500, real avg travel time:210.80427672955975
step:3600/3600, q_loss:-8.164676789116735e-06, rewards:-2.740875720977783, queue:1.0571428537368774, delay:0.12951572239398956, throughput:4005
episode:45/500, real avg travel time:205.77353308364545
Test step:45/500, travel time :260.30145644407804, rewards:-5.774645805358887, queue:2.0966930389404297, delay:0.1562270224094391, throughput:3639
step:3600/3600, q_loss:-8.569680155940457e-06, rewards:-2.8335511684417725, queue:1.0801587104797363, delay:0.12920114398002625, throughput:3977
episode:46/500, real avg travel time:209.17299471963793
step:3600/3600, q_loss:-5.806086159686351e-06, rewards:-3.144378900527954, queue:1.150529146194458, delay:0.13363245129585266, throughput:3964
episode:47/500, real avg travel time:218.42759838546922
step:3600/3600, q_loss:-6.193137677554559e-06, rewards:-2.903742551803589, queue:1.081745982170105, delay:0.13051563501358032, throughput:3929
episode:48/500, real avg travel time:216.20819546958515
step:3600/3600, q_loss:-4.315248305728245e-06, rewards:-2.8569884300231934, queue:1.0750000476837158, delay:0.1307024210691452, throughput:3919
episode:49/500, real avg travel time:203.0558816024496
step:3600/3600, q_loss:-1.5579470426827256e-06, rewards:-2.9071102142333984, queue:1.073544979095459, delay:0.12933389842510223, throughput:3898
episode:50/500, real avg travel time:206.17213955874809
Test step:50/500, travel time :260.889970262233, rewards:-5.773914337158203, queue:2.0239417552948, delay:0.15606863796710968, throughput:3699
step:3600/3600, q_loss:-3.45048279592043e-06, rewards:-2.9640004634857178, queue:1.0867724418640137, delay:0.1285119652748108, throughput:3930
episode:51/500, real avg travel time:210.53180661577608
step:3600/3600, q_loss:-4.252726608279368e-06, rewards:-3.095329523086548, queue:1.136640191078186, delay:0.1327347457408905, throughput:3923
episode:52/500, real avg travel time:214.2031608462911
step:3600/3600, q_loss:-1.6327301434810377e-06, rewards:-2.7360031604766846, queue:1.03253972530365, delay:0.1253943145275116, throughput:3926
episode:53/500, real avg travel time:208.73331635252165
step:3600/3600, q_loss:-4.225534697373708e-06, rewards:-2.8121719360351562, queue:1.071825385093689, delay:0.12879976630210876, throughput:3955
episode:54/500, real avg travel time:206.009608091024
step:3600/3600, q_loss:-6.802771410245138e-06, rewards:-2.693080425262451, queue:1.034656047821045, delay:0.12670162320137024, throughput:3925
episode:55/500, real avg travel time:205.51847133757963
Test step:55/500, travel time :230.58033826638479, rewards:-3.559344530105591, queue:1.416005253791809, delay:0.13493750989437103, throughput:3784
New best TEST travel time 230.5803 at episode 55, saved as best checkpoint
step:3600/3600, q_loss:-2.797366929977822e-06, rewards:-2.7201449871063232, queue:1.0103174448013306, delay:0.12323757261037827, throughput:3924
episode:56/500, real avg travel time:209.9459734964322
step:3600/3600, q_loss:-6.78543514772577e-06, rewards:-2.597292184829712, queue:0.993915319442749, delay:0.12375044077634811, throughput:3923
episode:57/500, real avg travel time:204.94544991078257
step:3600/3600, q_loss:1.7302057434183856e-07, rewards:-2.7473247051239014, queue:1.0376983880996704, delay:0.12683925032615662, throughput:3934
episode:58/500, real avg travel time:208.37010676156584
step:3600/3600, q_loss:1.193105385431813e-06, rewards:-2.6768364906311035, queue:1.0144180059432983, delay:0.12356717884540558, throughput:3926
episode:59/500, real avg travel time:207.77636271013753
step:3600/3600, q_loss:-2.072570957049417e-06, rewards:-2.6172916889190674, queue:0.9998677372932434, delay:0.12389584630727768, throughput:3950
episode:60/500, real avg travel time:205.1187341772152
Test step:60/500, travel time :217.28526481384372, rewards:-3.046499013900757, queue:1.2193121910095215, delay:0.1315757930278778, throughput:3814
New best TEST travel time 217.2853 at episode 60, saved as best checkpoint
step:3600/3600, q_loss:-4.74936023238115e-06, rewards:-2.689915657043457, queue:1.010449767112732, delay:0.12219279259443283, throughput:3947
episode:61/500, real avg travel time:210.17760324296935
step:3600/3600, q_loss:-1.886506248006804e-08, rewards:-2.6540470123291016, queue:1.0085978507995605, delay:0.12276456505060196, throughput:3948
episode:62/500, real avg travel time:207.72619047619048
step:3600/3600, q_loss:-7.1782602592267925e-06, rewards:-2.7145180702209473, queue:1.0396825075149536, delay:0.123975470662117, throughput:3959
episode:63/500, real avg travel time:207.5049254862339
step:3600/3600, q_loss:4.1681746046783196e-07, rewards:-2.749014377593994, queue:1.033730149269104, delay:0.12455981969833374, throughput:3968
episode:64/500, real avg travel time:208.78099798387098
step:3600/3600, q_loss:1.7845248092069394e-06, rewards:-2.505073070526123, queue:0.9895502924919128, delay:0.12376158684492111, throughput:3906
episode:65/500, real avg travel time:204.7711213517665
Test step:65/500, travel time :202.57019832985387, rewards:-2.3010995388031006, queue:0.9448412656784058, delay:0.12482083588838577, throughput:3832
New best TEST travel time 202.5702 at episode 65, saved as best checkpoint
step:3600/3600, q_loss:-2.943004963324509e-06, rewards:-2.579845666885376, queue:0.9793650507926941, delay:0.12244143337011337, throughput:3907
episode:66/500, real avg travel time:205.61274635270027
step:3600/3600, q_loss:-1.4339462116671106e-06, rewards:-2.5169425010681152, queue:0.9751322865486145, delay:0.12278204411268234, throughput:3943
episode:67/500, real avg travel time:204.33933553132132
step:3600/3600, q_loss:5.9826975403767495e-06, rewards:-2.9663541316986084, queue:1.1010582447052002, delay:0.12639737129211426, throughput:3964
episode:68/500, real avg travel time:216.09258324924318
step:3600/3600, q_loss:-2.211119054764923e-06, rewards:-2.6466877460479736, queue:1.020370364189148, delay:0.12497996538877487, throughput:3991
episode:69/500, real avg travel time:212.46980706589827
step:3600/3600, q_loss:5.145164161351406e-06, rewards:-2.6392693519592285, queue:1.000925898551941, delay:0.1223723366856575, throughput:4009
episode:70/500, real avg travel time:208.90072337241207
Test step:70/500, travel time :224.73253925284246, rewards:-3.592876434326172, queue:1.2617725133895874, delay:0.12866708636283875, throughput:3694
step:3600/3600, q_loss:-5.250237841715312e-06, rewards:-2.4876928329467773, queue:1.0001323223114014, delay:0.12065314501523972, throughput:4012
episode:71/500, real avg travel time:213.5418743768694
step:3600/3600, q_loss:-7.202662042497347e-06, rewards:-2.4864158630371094, queue:0.9658730030059814, delay:0.12057959288358688, throughput:3937
episode:72/500, real avg travel time:206.06654813309626
step:3600/3600, q_loss:-5.243645783694875e-06, rewards:-2.5295989513397217, queue:0.9933862686157227, delay:0.12197363376617432, throughput:3980
episode:73/500, real avg travel time:206.8286432160804
step:3600/3600, q_loss:-1.2182620897268256e-07, rewards:-2.4611778259277344, queue:0.9657407402992249, delay:0.12128990888595581, throughput:3937
episode:74/500, real avg travel time:205.54533909067817
step:3600/3600, q_loss:-1.106032222095463e-06, rewards:-2.4282965660095215, queue:0.9813492298126221, delay:0.12248747795820236, throughput:4026
episode:75/500, real avg travel time:209.55166418281172
Test step:75/500, travel time :204.60609216349908, rewards:-2.489081859588623, queue:0.983730137348175, delay:0.12512952089309692, throughput:3841
step:3600/3600, q_loss:-5.543025326915085e-06, rewards:-2.337764263153076, queue:0.9501322507858276, delay:0.12205115705728531, throughput:3952
episode:76/500, real avg travel time:202.68572874493927
step:3600/3600, q_loss:-1.348937318349878e-06, rewards:-2.6835124492645264, queue:1.031084656715393, delay:0.1226709708571434, throughput:3972
episode:77/500, real avg travel time:213.47759315206446
step:3600/3600, q_loss:3.469778352559337e-06, rewards:-2.5128393173217773, queue:0.9718254208564758, delay:0.11956103891134262, throughput:3948
episode:78/500, real avg travel time:207.7679837892604
step:3600/3600, q_loss:-3.7808980980318867e-06, rewards:-2.318084478378296, queue:0.9273809790611267, delay:0.1181621253490448, throughput:3920
episode:79/500, real avg travel time:203.90459183673468
step:3600/3600, q_loss:8.332286597578786e-06, rewards:-2.691732406616211, queue:1.0149470567703247, delay:0.12308377772569656, throughput:3968
episode:80/500, real avg travel time:216.6547379032258
Test step:80/500, travel time :205.73025801407348, rewards:-2.286965847015381, queue:0.9234126806259155, delay:0.119399793446064, throughput:3837
step:3600/3600, q_loss:-5.953113820093373e-06, rewards:-2.537343740463257, queue:0.9981481432914734, delay:0.12257785350084305, throughput:3983
episode:81/500, real avg travel time:203.62013557619883
step:3600/3600, q_loss:7.279125485284668e-07, rewards:-2.512909173965454, queue:0.9646825194358826, delay:0.11837028712034225, throughput:3940
episode:82/500, real avg travel time:205.63324873096445
step:3600/3600, q_loss:-3.7999244038170826e-06, rewards:-2.410414695739746, queue:0.9593915343284607, delay:0.12308667600154877, throughput:3962
episode:83/500, real avg travel time:207.48864209994952
step:3600/3600, q_loss:8.629337874784444e-07, rewards:-2.529898166656494, queue:0.9789682626724243, delay:0.12244036793708801, throughput:3920
episode:84/500, real avg travel time:207.097193877551
step:3600/3600, q_loss:8.361620024920234e-06, rewards:-2.6858155727386475, queue:1.0382275581359863, delay:0.12344527244567871, throughput:3995
episode:85/500, real avg travel time:217.15018773466832
Test step:85/500, travel time :224.9605193428723, rewards:-3.3301172256469727, queue:1.1960316896438599, delay:0.1269550770521164, throughput:3774
step:3600/3600, q_loss:-8.220587106835511e-07, rewards:-2.3221991062164307, queue:0.9243386387825012, delay:0.1197727844119072, throughput:3929
episode:86/500, real avg travel time:206.4716212776788
step:3600/3600, q_loss:2.553557149238057e-06, rewards:-2.371793746948242, queue:0.925000011920929, delay:0.11830822378396988, throughput:3970
episode:87/500, real avg travel time:209.41385390428212
step:3600/3600, q_loss:1.6323448855675653e-05, rewards:-3.147484302520752, queue:1.07791006565094, delay:0.1244448572397232, throughput:3942
episode:88/500, real avg travel time:237.78792491121257
step:3600/3600, q_loss:-4.1966643847344025e-06, rewards:-2.7271554470062256, queue:0.9732804298400879, delay:0.12192025780677795, throughput:3906
episode:89/500, real avg travel time:234.73758320532514
step:3600/3600, q_loss:-6.201644444243154e-06, rewards:-2.5589351654052734, queue:0.9432539939880371, delay:0.11977268010377884, throughput:3939
episode:90/500, real avg travel time:230.72607260726073
Test step:90/500, travel time :254.3611258629846, rewards:-3.368680238723755, queue:1.120634913444519, delay:0.12513937056064606, throughput:3766
step:3600/3600, q_loss:4.900856260468976e-07, rewards:-2.589778423309326, queue:0.9769841432571411, delay:0.12008331716060638, throughput:3956
episode:91/500, real avg travel time:229.15546006066734
step:3600/3600, q_loss:7.040271262263155e-05, rewards:-3.6059179306030273, queue:1.1996031999588013, delay:0.12632036209106445, throughput:4011
episode:92/500, real avg travel time:258.2470705559711
step:3600/3600, q_loss:3.6658844085953508e-06, rewards:-2.711653232574463, queue:1.009523868560791, delay:0.12359818816184998, throughput:4053
episode:93/500, real avg travel time:237.35479891438442
step:3600/3600, q_loss:3.265790938813653e-05, rewards:-3.4727094173431396, queue:1.178174614906311, delay:0.12580569088459015, throughput:3962
episode:94/500, real avg travel time:266.18122160524985
step:3600/3600, q_loss:3.056730630406593e-05, rewards:-3.3545918464660645, queue:1.1768518686294556, delay:0.12693198025226593, throughput:3986
episode:95/500, real avg travel time:251.60311088810838
Test step:95/500, travel time :250.3593155893536, rewards:-4.422823905944824, queue:1.3785713911056519, delay:0.13219207525253296, throughput:3682
step:3600/3600, q_loss:2.0799180331070804e-05, rewards:-3.618121385574341, queue:1.2253968715667725, delay:0.1308843195438385, throughput:4002
episode:96/500, real avg travel time:246.7103948025987
step:3600/3600, q_loss:8.023165897207542e-05, rewards:-4.185426712036133, queue:1.3924603462219238, delay:0.1313435584306717, throughput:3982
episode:97/500, real avg travel time:268.4909593169262
step:3600/3600, q_loss:8.746268952866862e-05, rewards:-4.015764236450195, queue:1.3145502805709839, delay:0.1283946931362152, throughput:3967
episode:98/500, real avg travel time:252.3317368288379
step:3600/3600, q_loss:1.689713644736912e-05, rewards:-3.0849249362945557, queue:1.094709038734436, delay:0.12459556013345718, throughput:3945
episode:99/500, real avg travel time:245.03675538656526
step:3600/3600, q_loss:4.763551906863642e-06, rewards:-2.9141225814819336, queue:1.0335978269577026, delay:0.12228044867515564, throughput:3927
episode:100/500, real avg travel time:235.30863254392665
Test step:100/500, travel time :310.82152886115443, rewards:-12.034259796142578, queue:3.601454973220825, delay:0.1563132256269455, throughput:3205
step:3600/3600, q_loss:9.365868512153004e-05, rewards:-3.978590250015259, queue:1.2765872478485107, delay:0.12990625202655792, throughput:3979
episode:101/500, real avg travel time:241.13445589344056
step:3600/3600, q_loss:0.0007990063038758106, rewards:-8.68396282196045, queue:2.538095235824585, delay:0.13779519498348236, throughput:3524
episode:102/500, real avg travel time:318.4772985244041
step:3600/3600, q_loss:6.162011130881082e-06, rewards:-3.2701125144958496, queue:1.1235449314117432, delay:0.1276477426290512, throughput:3917
episode:103/500, real avg travel time:245.75159560888434
step:3600/3600, q_loss:0.00023527535959146916, rewards:-4.754798889160156, queue:1.4669312238693237, delay:0.1286986917257309, throughput:3854
episode:104/500, real avg travel time:261.50077841203944
step:3600/3600, q_loss:3.551160221427886e-06, rewards:-3.0405399799346924, queue:1.0661375522613525, delay:0.12551842629909515, throughput:4013
episode:105/500, real avg travel time:250.71069025666583
Test step:105/500, travel time :271.2030413967896, rewards:-6.660750389099121, queue:1.9333332777023315, delay:0.1398763805627823, throughput:3551
step:3600/3600, q_loss:8.440206107075533e-06, rewards:-3.0383212566375732, queue:1.0771163702011108, delay:0.12659193575382233, throughput:3995
episode:106/500, real avg travel time:234.48610763454317
step:3600/3600, q_loss:2.6279532499352677e-06, rewards:-3.0297322273254395, queue:1.048545002937317, delay:0.12416797876358032, throughput:3937
episode:107/500, real avg travel time:235.08686817373635
step:3600/3600, q_loss:2.5083225207506784e-06, rewards:-2.5396411418914795, queue:0.9829365015029907, delay:0.12241565436124802, throughput:4003
episode:108/500, real avg travel time:229.16787409442918
step:3600/3600, q_loss:-2.206051067332737e-06, rewards:-2.8102221488952637, queue:1.0455026626586914, delay:0.12447229027748108, throughput:3970
episode:109/500, real avg travel time:230.04508816120907
step:3600/3600, q_loss:5.331402078607223e-06, rewards:-2.7541048526763916, queue:1.0335978269577026, delay:0.12276790291070938, throughput:4023
episode:110/500, real avg travel time:231.03529704200844
Test step:110/500, travel time :260.2980443285528, rewards:-3.4116108417510986, queue:1.1567460298538208, delay:0.1260778158903122, throughput:3835
step:3600/3600, q_loss:2.3823191036677194e-06, rewards:-2.8929474353790283, queue:1.048015832901001, delay:0.12407075613737106, throughput:4007
episode:111/500, real avg travel time:241.69628150736213
step:3600/3600, q_loss:1.748327364718231e-06, rewards:-2.6650540828704834, queue:0.9965608716011047, delay:0.12253269553184509, throughput:4033
episode:112/500, real avg travel time:232.77163401934044
step:3600/3600, q_loss:1.4789043941871367e-06, rewards:-2.515258312225342, queue:0.9608465433120728, delay:0.12055286765098572, throughput:3964
episode:113/500, real avg travel time:228.74369323915238
step:3600/3600, q_loss:4.604851225546251e-06, rewards:-2.7309682369232178, queue:1.0108466148376465, delay:0.12160246074199677, throughput:3971
episode:114/500, real avg travel time:225.4016620498615
step:3600/3600, q_loss:3.6794873004611066e-05, rewards:-3.6593234539031982, queue:1.1978836059570312, delay:0.125911146402359, throughput:3874
episode:115/500, real avg travel time:229.10144553433145
Test step:115/500, travel time :275.6181616217717, rewards:-5.771812438964844, queue:1.6207672357559204, delay:0.13470971584320068, throughput:3601
step:3600/3600, q_loss:0.00010230391789163049, rewards:-4.194752216339111, queue:1.28253972530365, delay:0.12772881984710693, throughput:3891
episode:116/500, real avg travel time:256.1781033153431
step:3600/3600, q_loss:1.2303690770446944e-05, rewards:-3.359212875366211, queue:1.1120370626449585, delay:0.12422066926956177, throughput:3922
episode:117/500, real avg travel time:261.6529831718511
step:3600/3600, q_loss:7.807349094137963e-07, rewards:-2.9223108291625977, queue:1.0064815282821655, delay:0.12170564383268356, throughput:3896
episode:118/500, real avg travel time:240.34804928131416
step:3600/3600, q_loss:3.5131822692670136e-06, rewards:-2.7915215492248535, queue:1.0037037134170532, delay:0.11918285489082336, throughput:3887
episode:119/500, real avg travel time:231.21867764342682
step:3600/3600, q_loss:6.868002561127974e-05, rewards:-3.4085605144500732, queue:1.1787036657333374, delay:0.12528645992279053, throughput:3942
episode:120/500, real avg travel time:236.62430238457637
Test step:120/500, travel time :250.24960085151676, rewards:-3.610151529312134, queue:1.1835979223251343, delay:0.12679263949394226, throughput:3758
step:3600/3600, q_loss:2.1932002305725797e-06, rewards:-2.616645336151123, queue:0.9715608358383179, delay:0.12190359085798264, throughput:3968
episode:121/500, real avg travel time:219.09954637096774
step:3600/3600, q_loss:6.620400227903802e-05, rewards:-3.5933187007904053, queue:1.2222222089767456, delay:0.126454159617424, throughput:3996
episode:122/500, real avg travel time:247.3435935935936
step:3600/3600, q_loss:5.873835713524992e-07, rewards:-2.722090721130371, queue:0.9851852059364319, delay:0.12126285582780838, throughput:3901
episode:123/500, real avg travel time:229.68520892078953
step:3600/3600, q_loss:-3.8434438465628775e-06, rewards:-2.6624443531036377, queue:0.9849206209182739, delay:0.12019411474466324, throughput:3986
episode:124/500, real avg travel time:228.54867034621174
step:3600/3600, q_loss:1.189039830933325e-05, rewards:-2.6078665256500244, queue:0.9879629611968994, delay:0.12056565284729004, throughput:3975
episode:125/500, real avg travel time:223.79471698113207
Test step:125/500, travel time :241.8051538259269, rewards:-3.0608510971069336, queue:1.0404762029647827, delay:0.12416647374629974, throughput:3803
step:3600/3600, q_loss:2.448277559273669e-06, rewards:-2.733335494995117, queue:1.009523868560791, delay:0.12273627519607544, throughput:3964
episode:126/500, real avg travel time:228.65640766902118
step:3600/3600, q_loss:-4.592599321363701e-06, rewards:-2.5503878593444824, queue:0.9955026507377625, delay:0.12268628925085068, throughput:4031
episode:127/500, real avg travel time:228.03175390721904
step:3600/3600, q_loss:9.26707568901798e-05, rewards:-3.7383294105529785, queue:1.2644180059432983, delay:0.12781435251235962, throughput:3931
episode:128/500, real avg travel time:253.14779954210124
step:3600/3600, q_loss:-6.933004705287102e-06, rewards:-2.578655958175659, queue:1.0268518924713135, delay:0.12434989959001541, throughput:4051
episode:129/500, real avg travel time:227.468279437176
step:3600/3600, q_loss:2.6758353164445403e-06, rewards:-2.482991933822632, queue:0.9715608358383179, delay:0.12237390875816345, throughput:4028
episode:130/500, real avg travel time:228.08316782522343
Test step:130/500, travel time :251.2465152297367, rewards:-3.5196783542633057, queue:1.1498677730560303, delay:0.13133347034454346, throughput:3874
step:3600/3600, q_loss:-5.9869271758038345e-06, rewards:-2.432147264480591, queue:0.9768518805503845, delay:0.12029167264699936, throughput:4032
episode:131/500, real avg travel time:225.125248015873
step:3600/3600, q_loss:4.882024812913086e-05, rewards:-3.3571715354919434, queue:1.1814814805984497, delay:0.1265876442193985, throughput:4021
episode:132/500, real avg travel time:248.51032081571748
step:3600/3600, q_loss:1.4784562032825004e-05, rewards:-3.214092969894409, queue:1.1563491821289062, delay:0.12904030084609985, throughput:4026
episode:133/500, real avg travel time:239.48410332836562
step:3600/3600, q_loss:-2.1428359711232287e-06, rewards:-2.5553414821624756, queue:1.0108466148376465, delay:0.12639392912387848, throughput:4066
episode:134/500, real avg travel time:214.7560255779636
step:3600/3600, q_loss:-6.522540287632081e-07, rewards:-2.418651580810547, queue:0.9705026745796204, delay:0.12149928510189056, throughput:4053
episode:135/500, real avg travel time:217.0680977054034
Test step:135/500, travel time :238.02586882675726, rewards:-2.5383238792419434, queue:0.9599206447601318, delay:0.11856427788734436, throughput:3827
step:3600/3600, q_loss:-1.1772197790883688e-05, rewards:-2.3752760887145996, queue:0.9474867582321167, delay:0.11956661194562912, throughput:4031
episode:136/500, real avg travel time:212.426693128256
step:3600/3600, q_loss:-8.878858352545649e-07, rewards:-2.63983416557312, queue:1.0031746625900269, delay:0.12318935990333557, throughput:3961
episode:137/500, real avg travel time:226.24842211562736
step:3600/3600, q_loss:-6.2235687235240925e-06, rewards:-2.305358648300171, queue:0.9371693134307861, delay:0.11858806759119034, throughput:4029
episode:138/500, real avg travel time:217.16604616530157
step:3600/3600, q_loss:-8.825988738357814e-06, rewards:-2.319869041442871, queue:0.9390211701393127, delay:0.1198727935552597, throughput:4027
episode:139/500, real avg travel time:217.5808294015396
step:3600/3600, q_loss:3.5451664896552556e-06, rewards:-2.681051731109619, queue:0.9902116656303406, delay:0.12262607365846634, throughput:3981
episode:140/500, real avg travel time:229.5747299673449
Test step:140/500, travel time :297.92458345513006, rewards:-8.748261451721191, queue:2.405555486679077, delay:0.15280920267105103, throughput:3421
step:3600/3600, q_loss:4.198367071997685e-05, rewards:-3.2431254386901855, queue:1.133201003074646, delay:0.12758001685142517, throughput:3928
episode:141/500, real avg travel time:240.0364052953157
step:3600/3600, q_loss:7.615391182803756e-05, rewards:-3.3165719509124756, queue:1.1523809432983398, delay:0.12344996631145477, throughput:3935
episode:142/500, real avg travel time:242.38602287166455
step:3600/3600, q_loss:-7.576211929618795e-07, rewards:-2.3587169647216797, queue:0.9314814805984497, delay:0.11957944184541702, throughput:3967
episode:143/500, real avg travel time:233.5916309553819
step:3600/3600, q_loss:1.5707856315808993e-05, rewards:-2.836588144302368, queue:1.0419312715530396, delay:0.12319190800189972, throughput:3919
episode:144/500, real avg travel time:236.2370502679255
step:3600/3600, q_loss:0.00010869016712402097, rewards:-3.8290255069732666, queue:1.2371692657470703, delay:0.12464199960231781, throughput:3863
episode:145/500, real avg travel time:236.29847268961947
Test step:145/500, travel time :240.875856615709, rewards:-2.626946449279785, queue:0.9747354388237, delay:0.11922387778759003, throughput:3794
step:3600/3600, q_loss:2.1615266935744634e-06, rewards:-2.5028235912323, queue:0.956084668636322, delay:0.1180933341383934, throughput:3906
episode:146/500, real avg travel time:230.1036866359447
step:3600/3600, q_loss:2.391382016260953e-05, rewards:-3.085007667541504, queue:1.0715608596801758, delay:0.12126556038856506, throughput:3895
episode:147/500, real avg travel time:243.88908857509628
step:3600/3600, q_loss:6.796252475598724e-06, rewards:-2.9176652431488037, queue:1.064021110534668, delay:0.12437079101800919, throughput:3927
episode:148/500, real avg travel time:235.60988031576267
step:3600/3600, q_loss:1.7909529156491367e-06, rewards:-2.363246440887451, queue:0.9280423521995544, delay:0.11628153920173645, throughput:3887
episode:149/500, real avg travel time:215.81862618986364
step:3600/3600, q_loss:-4.257250111550093e-06, rewards:-2.569694757461548, queue:0.9656084775924683, delay:0.12136795371770859, throughput:3924
episode:150/500, real avg travel time:221.59327217125383
Test step:150/500, travel time :247.4659546061415, rewards:-3.4115633964538574, queue:1.1429893970489502, delay:0.12325624376535416, throughput:3745
step:3600/3600, q_loss:8.995274806188213e-05, rewards:-3.429572820663452, queue:1.1822751760482788, delay:0.12325280159711838, throughput:3950
episode:151/500, real avg travel time:254.84506329113924
step:3600/3600, q_loss:2.5883811758831145e-06, rewards:-2.461118459701538, queue:0.929894208908081, delay:0.11740104854106903, throughput:3926
episode:152/500, real avg travel time:221.43097300050943
step:3600/3600, q_loss:5.986322422460136e-07, rewards:-2.5689680576324463, queue:0.9452381134033203, delay:0.11899229884147644, throughput:3902
episode:153/500, real avg travel time:214.8869810353665
step:3600/3600, q_loss:5.923046369894615e-06, rewards:-2.739741802215576, queue:0.9809523820877075, delay:0.12004944682121277, throughput:3886
episode:154/500, real avg travel time:229.9269171384457
step:3600/3600, q_loss:4.419313457522852e-06, rewards:-2.4523980617523193, queue:0.9093915224075317, delay:0.11741027981042862, throughput:3930
episode:155/500, real avg travel time:234.3089058524173
Test step:155/500, travel time :244.07065931179406, rewards:-2.6137592792510986, queue:0.9716930985450745, delay:0.12254928052425385, throughput:3807
step:3600/3600, q_loss:-5.033823456162483e-06, rewards:-2.298933267593384, queue:0.8908730149269104, delay:0.11761374771595001, throughput:3936
episode:156/500, real avg travel time:224.2992886178862
step:3600/3600, q_loss:9.04693006305024e-05, rewards:-3.39245867729187, queue:1.1456348896026611, delay:0.11878618597984314, throughput:3897
episode:157/500, real avg travel time:236.48986399794714
step:3600/3600, q_loss:5.10545077203359e-06, rewards:-2.42082142829895, queue:0.9128307104110718, delay:0.11803321540355682, throughput:3930
episode:158/500, real avg travel time:224.42849872773536
step:3600/3600, q_loss:4.639535929729593e-05, rewards:-3.2219150066375732, queue:1.108201026916504, delay:0.11983229219913483, throughput:3919
episode:159/500, real avg travel time:237.68742026027047
step:3600/3600, q_loss:-1.0382322620393502e-06, rewards:-2.4617321491241455, queue:0.9220899343490601, delay:0.1179337128996849, throughput:3972
episode:160/500, real avg travel time:228.39073514602217
Test step:160/500, travel time :262.4157630256546, rewards:-3.155318260192871, queue:1.0416666269302368, delay:0.11935742944478989, throughput:3781
step:3600/3600, q_loss:-3.6515839181245407e-06, rewards:-2.494513511657715, queue:0.9316137433052063, delay:0.11676251143217087, throughput:3941
episode:161/500, real avg travel time:218.51129155036793
step:3600/3600, q_loss:9.577087746745545e-05, rewards:-3.6245083808898926, queue:1.1878306865692139, delay:0.12293986976146698, throughput:3905
episode:162/500, real avg travel time:255.11984635083226
step:3600/3600, q_loss:0.0001604125278794931, rewards:-3.924327850341797, queue:1.3166667222976685, delay:0.12289178371429443, throughput:3904
episode:163/500, real avg travel time:245.94390368852459
step:3600/3600, q_loss:1.209160675191217e-06, rewards:-2.524332284927368, queue:0.9376984238624573, delay:0.11972270905971527, throughput:3943
episode:164/500, real avg travel time:238.04615774790767
step:3600/3600, q_loss:2.4062908778432755e-06, rewards:-2.7120678424835205, queue:0.9933862686157227, delay:0.12158873677253723, throughput:4002
episode:165/500, real avg travel time:233.66716641679162
Test step:165/500, travel time :275.1211796246649, rewards:-4.25998067855835, queue:1.2501323223114014, delay:0.13080117106437683, throughput:3730
step:3600/3600, q_loss:-1.0952361561875377e-06, rewards:-2.960767984390259, queue:1.0174603462219238, delay:0.12145458161830902, throughput:4014
episode:166/500, real avg travel time:239.77304434479322
step:3600/3600, q_loss:2.5548886494814524e-06, rewards:-2.846064329147339, queue:1.032010555267334, delay:0.12134762853384018, throughput:4014
episode:167/500, real avg travel time:240.09417040358744
step:3600/3600, q_loss:0.0002357624830134834, rewards:-4.833121299743652, queue:1.4730159044265747, delay:0.1281369924545288, throughput:3811
episode:168/500, real avg travel time:255.81159800577277
step:3600/3600, q_loss:0.0004848202884507676, rewards:-7.228357791900635, queue:2.00687837600708, delay:0.1402549296617508, throughput:3654
episode:169/500, real avg travel time:283.87958401751507
step:3600/3600, q_loss:-7.432059646816924e-07, rewards:-2.7918596267700195, queue:0.9976190328598022, delay:0.12057341635227203, throughput:4024
episode:170/500, real avg travel time:237.5303180914513
Test step:170/500, travel time :297.4080096356519, rewards:-9.81080436706543, queue:2.7974867820739746, delay:0.13641197979450226, throughput:3321
step:3600/3600, q_loss:3.4171838099913052e-06, rewards:-2.551302433013916, queue:0.9398148059844971, delay:0.11874628812074661, throughput:3941
episode:171/500, real avg travel time:234.71352448617102
step:3600/3600, q_loss:8.05517467799493e-07, rewards:-2.4349496364593506, queue:0.9174603223800659, delay:0.11884379386901855, throughput:4001
episode:172/500, real avg travel time:226.4336415896026
step:3600/3600, q_loss:-4.4832606767562945e-06, rewards:-2.5379703044891357, queue:0.926719605922699, delay:0.1166326254606247, throughput:3877
episode:173/500, real avg travel time:230.90766056229043
step:3600/3600, q_loss:-2.3429772732520684e-06, rewards:-2.6719117164611816, queue:0.9806878566741943, delay:0.12260530143976212, throughput:4042
episode:174/500, real avg travel time:234.20682830282038
step:3600/3600, q_loss:8.687638134385149e-05, rewards:-3.8962924480438232, queue:1.2575396299362183, delay:0.12714040279388428, throughput:3959
episode:175/500, real avg travel time:262.6478908815357
Test step:175/500, travel time :253.8955770740644, rewards:-2.9233102798461914, queue:1.0025131702423096, delay:0.12006361037492752, throughput:3821
step:3600/3600, q_loss:1.0483544125842552e-06, rewards:-2.680002212524414, queue:0.994179904460907, delay:0.12148617208003998, throughput:4029
episode:176/500, real avg travel time:243.4782824522214
step:3600/3600, q_loss:-3.371165399180932e-07, rewards:-2.973522663116455, queue:1.023280382156372, delay:0.12269524484872818, throughput:3937
episode:177/500, real avg travel time:245.24511049022098
step:3600/3600, q_loss:1.2262037166187334e-06, rewards:-2.726205348968506, queue:0.9981481432914734, delay:0.12057375907897949, throughput:3930
episode:178/500, real avg travel time:243.3529262086514
step:3600/3600, q_loss:0.0003067640244909045, rewards:-4.800844192504883, queue:1.5312169790267944, delay:0.12347933650016785, throughput:3790
episode:179/500, real avg travel time:240.4372031662269
step:3600/3600, q_loss:-1.1241733672149065e-06, rewards:-2.456716299057007, queue:0.9156084656715393, delay:0.11552217602729797, throughput:3905
episode:180/500, real avg travel time:235.70729833546736
Test step:180/500, travel time :254.6056531284303, rewards:-4.8676300048828125, queue:1.45291006565094, delay:0.12214764952659607, throughput:3644
step:3600/3600, q_loss:4.822021421407246e-06, rewards:-2.839743137359619, queue:1.0313491821289062, delay:0.11986461281776428, throughput:3887
episode:181/500, real avg travel time:241.59068690506817
step:3600/3600, q_loss:0.00028218089719302954, rewards:-4.634777069091797, queue:1.4420634508132935, delay:0.12312106788158417, throughput:3771
episode:182/500, real avg travel time:248.85361972951472
step:3600/3600, q_loss:8.906591311743896e-05, rewards:-3.7661848068237305, queue:1.2048941850662231, delay:0.122861348092556, throughput:3788
episode:183/500, real avg travel time:261.9984160506864
step:3600/3600, q_loss:4.047585065968128e-06, rewards:-2.919938087463379, queue:1.020370364189148, delay:0.12257112562656403, throughput:3891
episode:184/500, real avg travel time:238.23798509380623
step:3600/3600, q_loss:2.391014762300377e-06, rewards:-2.804407835006714, queue:1.0068782567977905, delay:0.1224970743060112, throughput:3921
episode:185/500, real avg travel time:234.37031369548583
Test step:185/500, travel time :252.46093088857546, rewards:-5.19564151763916, queue:1.3697090148925781, delay:0.1327008754014969, throughput:3545
step:3600/3600, q_loss:3.647589134440447e-05, rewards:-3.546736717224121, queue:1.137566089630127, delay:0.12310082465410233, throughput:3882
episode:186/500, real avg travel time:253.91061308603813
step:3600/3600, q_loss:1.1099312622617516e-05, rewards:-3.1850295066833496, queue:1.0499999523162842, delay:0.12190689146518707, throughput:3901
episode:187/500, real avg travel time:253.3537554473212
step:3600/3600, q_loss:-4.588475025634074e-06, rewards:-3.1966450214385986, queue:1.0615079402923584, delay:0.12320265918970108, throughput:3856
episode:188/500, real avg travel time:254.08791493775934
step:3600/3600, q_loss:1.4333591227316195e-06, rewards:-2.6098532676696777, queue:0.9406084418296814, delay:0.11656810343265533, throughput:3854
episode:189/500, real avg travel time:237.66735858847952
step:3600/3600, q_loss:3.1450837721220322e-06, rewards:-3.2605807781219482, queue:1.0858465433120728, delay:0.12700924277305603, throughput:4002
episode:190/500, real avg travel time:257.6281859070465
Test step:190/500, travel time :248.01419389394752, rewards:-3.608182668685913, queue:1.1146825551986694, delay:0.12418000400066376, throughput:3734
step:3600/3600, q_loss:-6.325677127784325e-07, rewards:-3.008321523666382, queue:1.007010579109192, delay:0.11909857392311096, throughput:3935
episode:191/500, real avg travel time:257.6038119440915
step:3600/3600, q_loss:1.9860811557413804e-05, rewards:-3.525975227355957, queue:1.1634920835494995, delay:0.1258295625448227, throughput:4014
episode:192/500, real avg travel time:259.037120079721
step:3600/3600, q_loss:3.977558582038101e-06, rewards:-3.2671658992767334, queue:1.072619080543518, delay:0.12711358070373535, throughput:3965
episode:193/500, real avg travel time:253.78713745271122
step:3600/3600, q_loss:0.00010202870123773917, rewards:-4.5265936851501465, queue:1.40753972530365, delay:0.12941402196884155, throughput:3876
episode:194/500, real avg travel time:276.27605779153765
step:3600/3600, q_loss:-1.3773885762525928e-06, rewards:-2.922856569290161, queue:1.0048941373825073, delay:0.1224924698472023, throughput:3967
episode:195/500, real avg travel time:252.3176203680363
Test step:195/500, travel time :260.1344346340074, rewards:-5.652304649353027, queue:1.6515872478485107, delay:0.1351151466369629, throughput:3511
step:3600/3600, q_loss:0.00011777015679399483, rewards:-4.2098069190979, queue:1.3003968000411987, delay:0.1278340220451355, throughput:3930
episode:196/500, real avg travel time:262.95063613231554
step:3600/3600, q_loss:0.00017939806679755243, rewards:-5.315042495727539, queue:1.4641534090042114, delay:0.13534928858280182, throughput:3929
episode:197/500, real avg travel time:309.1542377195215
step:3600/3600, q_loss:7.881850154565958e-05, rewards:-3.811927556991577, queue:1.2394180297851562, delay:0.12960276007652283, throughput:3910
episode:198/500, real avg travel time:273.1537084398977
step:3600/3600, q_loss:0.0003059856593608856, rewards:-7.847702980041504, queue:1.9309524297714233, delay:0.15658921003341675, throughput:3768
episode:199/500, real avg travel time:337.43073248407643
step:3600/3600, q_loss:2.390691871470254e-06, rewards:-2.6668283939361572, queue:0.9568783044815063, delay:0.11727269738912582, throughput:3952
episode:200/500, real avg travel time:239.8496963562753
Test step:200/500, travel time :269.48466917697687, rewards:-3.5412845611572266, queue:1.125, delay:0.12472497671842575, throughput:3718
step:3600/3600, q_loss:7.532734889537096e-05, rewards:-4.163943767547607, queue:1.2742063999176025, delay:0.12703251838684082, throughput:3830
episode:201/500, real avg travel time:275.99895561357704
step:3600/3600, q_loss:9.508387964969087e-05, rewards:-4.144874572753906, queue:1.2493386268615723, delay:0.1292141228914261, throughput:3867
episode:202/500, real avg travel time:280.00362037755366
step:3600/3600, q_loss:7.643002851788575e-05, rewards:-3.9399404525756836, queue:1.2399470806121826, delay:0.1239699125289917, throughput:3869
episode:203/500, real avg travel time:283.28973895063325
step:3600/3600, q_loss:0.00024181241880998842, rewards:-6.549074172973633, queue:2.1427247524261475, delay:0.14079929888248444, throughput:3576
episode:204/500, real avg travel time:278.3652125279642
step:3600/3600, q_loss:1.879835658150518e-05, rewards:-2.8700385093688965, queue:1.0002645254135132, delay:0.12106890231370926, throughput:3894
episode:205/500, real avg travel time:241.8507960965588
Test step:205/500, travel time :304.9382083108473, rewards:-4.360021114349365, queue:1.3250000476837158, delay:0.13141655921936035, throughput:3706
step:3600/3600, q_loss:4.209392742874722e-06, rewards:-2.8315672874450684, queue:0.9998677372932434, delay:0.12242303788661957, throughput:3892
episode:206/500, real avg travel time:240.74306269270298
step:3600/3600, q_loss:-4.0949914061153927e-07, rewards:-2.6913814544677734, queue:0.9548941850662231, delay:0.12019854784011841, throughput:3895
episode:207/500, real avg travel time:250.46598202824134
step:3600/3600, q_loss:1.856676600356069e-06, rewards:-2.7932443618774414, queue:0.9797618985176086, delay:0.11879777908325195, throughput:3955
episode:208/500, real avg travel time:250.18128950695322
step:3600/3600, q_loss:-2.2917607970561623e-06, rewards:-2.949004888534546, queue:1.0193121433258057, delay:0.12377354502677917, throughput:3934
episode:209/500, real avg travel time:251.64844941535333
step:3600/3600, q_loss:2.7101923478767276e-06, rewards:-2.760319948196411, queue:0.9670634865760803, delay:0.12356880307197571, throughput:3902
episode:210/500, real avg travel time:250.21681189133778
Test step:210/500, travel time :320.09657513113234, rewards:-8.889971733093262, queue:2.49312162399292, delay:0.16878269612789154, throughput:3241
step:3600/3600, q_loss:7.15474943313489e-05, rewards:-3.586132764816284, queue:1.1813491582870483, delay:0.12542837858200073, throughput:3960
episode:211/500, real avg travel time:267.9588383838384
step:3600/3600, q_loss:2.4700160186815385e-05, rewards:-3.024712085723877, queue:1.0547618865966797, delay:0.12394849956035614, throughput:3976
episode:212/500, real avg travel time:263.2904929577465
step:3600/3600, q_loss:5.57776220375672e-06, rewards:-2.43198299407959, queue:0.9074074029922485, delay:0.11729788035154343, throughput:3912
episode:213/500, real avg travel time:239.47750511247443
step:3600/3600, q_loss:1.8138788517616276e-06, rewards:-2.6527798175811768, queue:0.9554232954978943, delay:0.12116312980651855, throughput:3942
episode:214/500, real avg travel time:245.36199898528665
step:3600/3600, q_loss:0.00010111511809453885, rewards:-4.223390579223633, queue:1.2849206924438477, delay:0.13233189284801483, throughput:3846
episode:215/500, real avg travel time:287.2025481019241
Test step:215/500, travel time :285.17655172413794, rewards:-4.608880043029785, queue:1.407010555267334, delay:0.1333257406949997, throughput:3625
step:3600/3600, q_loss:0.0001009546484662375, rewards:-3.9237406253814697, queue:1.2712962627410889, delay:0.12560604512691498, throughput:3890
episode:216/500, real avg travel time:285.1701799485861
step:3600/3600, q_loss:9.477615741262627e-06, rewards:-3.1674654483795166, queue:1.0596561431884766, delay:0.12482662498950958, throughput:3905
episode:217/500, real avg travel time:273.9469910371319
step:3600/3600, q_loss:7.66991082249054e-06, rewards:-2.720003843307495, queue:0.9609788656234741, delay:0.11991293728351593, throughput:3884
episode:218/500, real avg travel time:246.7152420185376
step:3600/3600, q_loss:0.0003087177976138062, rewards:-4.792510509490967, queue:1.5025131702423096, delay:0.12627868354320526, throughput:3701
episode:219/500, real avg travel time:240.9275871386112
step:3600/3600, q_loss:0.0007026845796240701, rewards:-10.15717887878418, queue:2.485846519470215, delay:0.16143068671226501, throughput:3599
episode:220/500, real avg travel time:370.2597943873298
Test step:220/500, travel time :273.9336706014615, rewards:-5.416619777679443, queue:1.6178570985794067, delay:0.13819733262062073, throughput:3558
step:3600/3600, q_loss:1.5314334531366412e-06, rewards:-3.0862717628479004, queue:1.0402116775512695, delay:0.12334655970335007, throughput:3937
episode:221/500, real avg travel time:256.4277368554737
step:3600/3600, q_loss:9.409728469715144e-06, rewards:-2.7223477363586426, queue:0.9638888835906982, delay:0.11981821060180664, throughput:3891
episode:222/500, real avg travel time:244.13621177075302
step:3600/3600, q_loss:4.877059513496028e-06, rewards:-2.986163377761841, queue:1.0429893732070923, delay:0.12098141759634018, throughput:3929
episode:223/500, real avg travel time:256.258844489692
step:3600/3600, q_loss:0.00019958612125871392, rewards:-5.1444549560546875, queue:1.4974868297576904, delay:0.130143404006958, throughput:3844
episode:224/500, real avg travel time:309.91155046826225
step:3600/3600, q_loss:0.00047104757589598497, rewards:-8.602044105529785, queue:2.184788465499878, delay:0.16078905761241913, throughput:3628
episode:225/500, real avg travel time:373.6722712238148
Test step:225/500, travel time :375.96992753623186, rewards:-10.713311195373535, queue:3.0027778148651123, delay:0.1838015615940094, throughput:2760
step:3600/3600, q_loss:2.0298987995677937e-05, rewards:-3.7438790798187256, queue:1.1891534328460693, delay:0.12544533610343933, throughput:3856
episode:226/500, real avg travel time:269.2707468879668
step:3600/3600, q_loss:1.1308958669865711e-05, rewards:-3.6431636810302734, queue:1.124206304550171, delay:0.12410058826208115, throughput:3895
episode:227/500, real avg travel time:281.2318356867779
step:3600/3600, q_loss:1.741189043968916e-05, rewards:-3.999877691268921, queue:1.2134920358657837, delay:0.1252819448709488, throughput:3835
episode:228/500, real avg travel time:268.03363754889176
step:3600/3600, q_loss:0.0002748721266268856, rewards:-6.046343803405762, queue:1.6462962627410889, delay:0.13223128020763397, throughput:3676
episode:229/500, real avg travel time:304.0492383025027
step:3600/3600, q_loss:2.6471960639658696e-05, rewards:-3.90002179145813, queue:1.1965608596801758, delay:0.1263379454612732, throughput:3799
episode:230/500, real avg travel time:276.16872861279285
Test step:230/500, travel time :288.65393518518516, rewards:-6.354786396026611, queue:1.8433862924575806, delay:0.14018987119197845, throughput:3456
step:3600/3600, q_loss:0.0006655301510666808, rewards:-9.2394437789917, queue:2.4616401195526123, delay:0.14450502395629883, throughput:3595
episode:231/500, real avg travel time:329.1229485396384
step:3600/3600, q_loss:0.0001093594227212533, rewards:-5.091281414031982, queue:1.5481481552124023, delay:0.12974274158477783, throughput:3681
episode:232/500, real avg travel time:296.5580005433306
step:3600/3600, q_loss:0.0004775221123256617, rewards:-9.047019958496094, queue:2.2075397968292236, delay:0.15364845097064972, throughput:3479
episode:233/500, real avg travel time:366.16039091693017
step:3600/3600, q_loss:2.7194653779992628e-05, rewards:-3.3718862533569336, queue:1.0955026149749756, delay:0.12374173849821091, throughput:3846
episode:234/500, real avg travel time:265.23634945397816
step:3600/3600, q_loss:8.661804038436255e-05, rewards:-4.439022064208984, queue:1.304100513458252, delay:0.13196851313114166, throughput:3716
episode:235/500, real avg travel time:275.2185145317546
Test step:235/500, travel time :274.71763708309777, rewards:-7.010050296783447, queue:1.859788417816162, delay:0.1428859978914261, throughput:3538
step:3600/3600, q_loss:0.00020381015581531553, rewards:-5.398045539855957, queue:1.567460298538208, delay:0.13053029775619507, throughput:3778
episode:236/500, real avg travel time:314.4182106934886
step:3600/3600, q_loss:1.6411241732486007e-07, rewards:-3.345487356185913, queue:1.073544979095459, delay:0.12319834530353546, throughput:3843
episode:237/500, real avg travel time:255.24512099921935
step:3600/3600, q_loss:0.00027308220612919993, rewards:-6.574916362762451, queue:1.8858466148376465, delay:0.1392918974161148, throughput:3551
episode:238/500, real avg travel time:342.3869332582371
step:3600/3600, q_loss:0.00013270681051330433, rewards:-5.0081868171691895, queue:1.3876984119415283, delay:0.1290823221206665, throughput:3655
episode:239/500, real avg travel time:289.70807113543094
step:3600/3600, q_loss:8.83574425339854e-05, rewards:-4.457305431365967, queue:1.3234126567840576, delay:0.12686201930046082, throughput:3836
episode:240/500, real avg travel time:287.38216892596455
Test step:240/500, travel time :280.17552742616033, rewards:-6.598323345184326, queue:1.7371692657470703, delay:0.14831499755382538, throughput:3555
step:3600/3600, q_loss:9.851441201236513e-05, rewards:-4.465597629547119, queue:1.307539701461792, delay:0.12688381969928741, throughput:3851
episode:241/500, real avg travel time:292.5977668138146
step:3600/3600, q_loss:4.9392797841897445e-06, rewards:-3.4191460609436035, queue:1.0900793075561523, delay:0.12480810284614563, throughput:3906
episode:242/500, real avg travel time:270.99334357398874
step:3600/3600, q_loss:1.4737711171619595e-05, rewards:-3.1868784427642822, queue:1.078703761100769, delay:0.12581464648246765, throughput:3994
episode:243/500, real avg travel time:260.84902353530293
step:3600/3600, q_loss:6.627187718145756e-05, rewards:-3.7140278816223145, queue:1.1357142925262451, delay:0.12485963851213455, throughput:3891
episode:244/500, real avg travel time:270.218966846569
step:3600/3600, q_loss:1.7686738687593285e-05, rewards:-3.273693799972534, queue:1.0845237970352173, delay:0.12371710687875748, throughput:3951
episode:245/500, real avg travel time:256.0174639331815
Test step:245/500, travel time :266.6108572964257, rewards:-3.7747223377227783, queue:1.1718254089355469, delay:0.11979946494102478, throughput:3721
step:3600/3600, q_loss:1.5462770776745552e-05, rewards:-3.226236581802368, queue:1.0544973611831665, delay:0.125538170337677, throughput:3964
episode:246/500, real avg travel time:264.1473259334006
step:3600/3600, q_loss:0.00014658395513025526, rewards:-5.021917343139648, queue:1.3735449314117432, delay:0.1372460126876831, throughput:3777
episode:247/500, real avg travel time:256.1482658194334
step:3600/3600, q_loss:0.00010418906903295364, rewards:-4.506335258483887, queue:1.2952381372451782, delay:0.12719714641571045, throughput:3763
episode:248/500, real avg travel time:263.9022056869519
step:3600/3600, q_loss:8.799654218213011e-06, rewards:-2.9288690090179443, queue:0.9928571581840515, delay:0.12281375378370285, throughput:3850
episode:249/500, real avg travel time:251.23844155844156
step:3600/3600, q_loss:9.88216674563268e-06, rewards:-2.660449266433716, queue:0.9261904954910278, delay:0.12002743780612946, throughput:3913
episode:250/500, real avg travel time:239.19396882187579
Test step:250/500, travel time :383.26023117775696, rewards:-9.364151000976562, queue:2.3927247524261475, delay:0.17157740890979767, throughput:3201
step:3600/3600, q_loss:5.095432400897456e-05, rewards:-3.45711612701416, queue:1.1521164178848267, delay:0.12389422208070755, throughput:3944
episode:251/500, real avg travel time:269.31617647058823
step:3600/3600, q_loss:4.4886532123200595e-05, rewards:-3.8313984870910645, queue:1.2096561193466187, delay:0.1257825791835785, throughput:3880
episode:252/500, real avg travel time:257.2747422680412
step:3600/3600, q_loss:8.302082456389649e-05, rewards:-3.8842790126800537, queue:1.25171959400177, delay:0.12964928150177002, throughput:3905
episode:253/500, real avg travel time:268.6524967989757
step:3600/3600, q_loss:0.00014133147552557702, rewards:-4.641457557678223, queue:1.3956348896026611, delay:0.13166192173957825, throughput:3771
episode:254/500, real avg travel time:248.10182975338105
step:3600/3600, q_loss:2.78425917106991e-05, rewards:-2.859910726547241, queue:1.0316137075424194, delay:0.12530279159545898, throughput:3954
episode:255/500, real avg travel time:244.53388973191704
Test step:255/500, travel time :261.08558091286307, rewards:-3.4854955673217773, queue:1.140211582183838, delay:0.12031080573797226, throughput:3856
step:3600/3600, q_loss:0.00014175689252119304, rewards:-4.4718756675720215, queue:1.3593915700912476, delay:0.13267022371292114, throughput:3916
episode:256/500, real avg travel time:264.64453524004085
step:3600/3600, q_loss:1.892362076129454e-05, rewards:-2.8584680557250977, queue:1.0056878328323364, delay:0.12564976513385773, throughput:3984
episode:257/500, real avg travel time:251.7906626506024
step:3600/3600, q_loss:9.460923643524035e-06, rewards:-3.066934585571289, queue:1.0395503044128418, delay:0.125705748796463, throughput:3966
episode:258/500, real avg travel time:255.36812909732728
step:3600/3600, q_loss:8.343513198067538e-06, rewards:-3.2923014163970947, queue:1.1207672357559204, delay:0.1328643411397934, throughput:4056
episode:259/500, real avg travel time:249.52095660749507
step:3600/3600, q_loss:1.1469038953590724e-05, rewards:-2.9740207195281982, queue:1.0551587343215942, delay:0.12654337286949158, throughput:4023
episode:260/500, real avg travel time:255.59557544121301
Test step:260/500, travel time :266.03311965811963, rewards:-3.463128089904785, queue:1.095634937286377, delay:0.12225358933210373, throughput:3744
step:3600/3600, q_loss:0.000181238374271844, rewards:-4.696547031402588, queue:1.4787037372589111, delay:0.13083769381046295, throughput:3945
episode:261/500, real avg travel time:288.62281368821294
step:3600/3600, q_loss:3.8062717067077756e-07, rewards:-3.077725648880005, queue:1.0404762029647827, delay:0.1254274994134903, throughput:3978
episode:262/500, real avg travel time:251.166918049271
step:3600/3600, q_loss:2.3834697236048264e-05, rewards:-3.7053465843200684, queue:1.1920634508132935, delay:0.12600915133953094, throughput:4009
episode:263/500, real avg travel time:293.11224744325267
step:3600/3600, q_loss:0.00016694472126093588, rewards:-4.779260635375977, queue:1.4484126567840576, delay:0.12578387558460236, throughput:3776
episode:264/500, real avg travel time:271.7118644067797
step:3600/3600, q_loss:5.336179019650444e-05, rewards:-3.843160629272461, queue:1.1506613492965698, delay:0.12693117558956146, throughput:3885
episode:265/500, real avg travel time:260.4030888030888
Test step:265/500, travel time :243.63927458203457, rewards:-5.733362674713135, queue:1.6111111640930176, delay:0.12375528365373611, throughput:3529
step:3600/3600, q_loss:2.416685957642686e-06, rewards:-2.729020118713379, queue:0.9689153432846069, delay:0.12198919802904129, throughput:4001
episode:266/500, real avg travel time:237.47388152961759
step:3600/3600, q_loss:-2.817999645938269e-06, rewards:-2.61549973487854, queue:0.9464285969734192, delay:0.12164431810379028, throughput:3963
episode:267/500, real avg travel time:236.40499621498864
step:3600/3600, q_loss:6.7643677337198625e-06, rewards:-2.827699899673462, queue:0.9788359999656677, delay:0.1208261027932167, throughput:3937
episode:268/500, real avg travel time:246.07975615951233
step:3600/3600, q_loss:2.549214881987104e-05, rewards:-3.5951530933380127, queue:1.1611111164093018, delay:0.12454283237457275, throughput:3914
episode:269/500, real avg travel time:255.5633622892182
step:3600/3600, q_loss:0.0003037035814486444, rewards:-6.199136734008789, queue:1.7875661849975586, delay:0.13086457550525665, throughput:3865
episode:270/500, real avg travel time:310.5857697283312
Test step:270/500, travel time :312.08865534896256, rewards:-5.114952087402344, queue:1.4960317611694336, delay:0.13065876066684723, throughput:3711
step:3600/3600, q_loss:3.743441904791527e-05, rewards:-4.119124412536621, queue:1.3055555820465088, delay:0.12908819317817688, throughput:3907
episode:271/500, real avg travel time:276.97005374968006
step:3600/3600, q_loss:-3.6906393587641005e-06, rewards:-3.2377123832702637, queue:1.0481481552124023, delay:0.12096205353736877, throughput:3937
episode:272/500, real avg travel time:262.6459232918466
step:3600/3600, q_loss:2.0817011924615752e-05, rewards:-3.410764455795288, queue:1.0835978984832764, delay:0.12473248690366745, throughput:3882
episode:273/500, real avg travel time:256.62802679031427
step:3600/3600, q_loss:5.965824432981511e-08, rewards:-3.2063536643981934, queue:1.037169337272644, delay:0.1224815621972084, throughput:3958
episode:274/500, real avg travel time:251.57503789792824
step:3600/3600, q_loss:0.00020380792096451236, rewards:-5.654999256134033, queue:1.6283068656921387, delay:0.13260981440544128, throughput:3845
episode:275/500, real avg travel time:293.504811443433
Test step:275/500, travel time :271.8557227297152, rewards:-4.3012166023254395, queue:1.2230159044265747, delay:0.12106987088918686, throughput:3722
step:3600/3600, q_loss:5.996791070275423e-06, rewards:-3.2243130207061768, queue:1.0671957731246948, delay:0.124481700360775, throughput:3877
episode:276/500, real avg travel time:246.19319061129738
step:3600/3600, q_loss:9.137909688029646e-06, rewards:-2.7053375244140625, queue:0.9609788656234741, delay:0.12099338322877884, throughput:3941
episode:277/500, real avg travel time:243.99568637401674
step:3600/3600, q_loss:4.058573621376935e-06, rewards:-2.8559627532958984, queue:0.9785714149475098, delay:0.12007105350494385, throughput:3950
episode:278/500, real avg travel time:234.09645569620253
step:3600/3600, q_loss:5.271600780866316e-06, rewards:-2.491008758544922, queue:0.9234126806259155, delay:0.1183662861585617, throughput:3981
episode:279/500, real avg travel time:222.57347400150715
step:3600/3600, q_loss:1.449221397504314e-05, rewards:-2.7490296363830566, queue:1.0235450267791748, delay:0.12456909567117691, throughput:4004
episode:280/500, real avg travel time:233.04795204795204
Test step:280/500, travel time :255.77593790426909, rewards:-2.923910617828369, queue:0.9992063641548157, delay:0.1198214590549469, throughput:3865
step:3600/3600, q_loss:3.1827730708755553e-06, rewards:-2.4351789951324463, queue:0.9444444179534912, delay:0.11980358511209488, throughput:4019
episode:281/500, real avg travel time:224.240855934312
step:3600/3600, q_loss:2.185319883412578e-06, rewards:-2.409379005432129, queue:0.913095235824585, delay:0.1165863499045372, throughput:3973
episode:282/500, real avg travel time:227.9222250188774
step:3600/3600, q_loss:7.996166338368009e-06, rewards:-2.7630200386047363, queue:0.9977512955665588, delay:0.12127212435007095, throughput:3978
episode:283/500, real avg travel time:238.66415284062342
step:3600/3600, q_loss:5.177040940098879e-06, rewards:-2.6751348972320557, queue:0.9724867939949036, delay:0.12102100253105164, throughput:3997
episode:284/500, real avg travel time:233.3505128846635
step:3600/3600, q_loss:-6.782521167123276e-06, rewards:-2.5249249935150146, queue:0.9597883820533752, delay:0.12231188267469406, throughput:3996
episode:285/500, real avg travel time:224.61186186186185
Test step:285/500, travel time :289.61809978768576, rewards:-4.6631693840026855, queue:1.4063491821289062, delay:0.130425363779068, throughput:3768
step:3600/3600, q_loss:-8.321009954670443e-06, rewards:-2.7826521396636963, queue:0.9785714149475098, delay:0.12071963399648666, throughput:3947
episode:286/500, real avg travel time:227.84469217126932
step:3600/3600, q_loss:1.3660582125238661e-06, rewards:-2.5326690673828125, queue:0.930820107460022, delay:0.11908994615077972, throughput:3969
episode:287/500, real avg travel time:229.05820105820106
step:3600/3600, q_loss:-2.9631427524792446e-06, rewards:-2.525636672973633, queue:0.9203703999519348, delay:0.11839176714420319, throughput:3925
episode:288/500, real avg travel time:233.03337579617835
step:3600/3600, q_loss:2.0875644016390045e-07, rewards:-2.551955461502075, queue:0.9469576478004456, delay:0.11943886429071426, throughput:3929
episode:289/500, real avg travel time:225.43064392975313
step:3600/3600, q_loss:-7.305219777562242e-06, rewards:-2.400221109390259, queue:0.9112433791160583, delay:0.1176665648818016, throughput:3987
episode:290/500, real avg travel time:220.9382994732882
Test step:290/500, travel time :213.8331600831601, rewards:-2.246135711669922, queue:0.8519841432571411, delay:0.11105348914861679, throughput:3848
step:3600/3600, q_loss:8.751415508514685e-06, rewards:-3.1682019233703613, queue:1.058465600013733, delay:0.12430595606565475, throughput:3956
episode:291/500, real avg travel time:243.75379170879677
step:3600/3600, q_loss:9.429285677874254e-06, rewards:-2.9739880561828613, queue:1.018650770187378, delay:0.12321687489748001, throughput:3889
episode:292/500, real avg travel time:232.8439187451787
step:3600/3600, q_loss:-5.421684262627322e-06, rewards:-2.4219207763671875, queue:0.8957672119140625, delay:0.11644487082958221, throughput:3947
episode:293/500, real avg travel time:222.46414998733215
step:3600/3600, q_loss:-9.767222339481426e-06, rewards:-2.2054665088653564, queue:0.8887566328048706, delay:0.11679009348154068, throughput:4014
episode:294/500, real avg travel time:211.6121076233184
step:3600/3600, q_loss:6.680803845584807e-06, rewards:-2.867105722427368, queue:0.9874338507652283, delay:0.11783093959093094, throughput:3902
episode:295/500, real avg travel time:233.26832393644284
Test step:295/500, travel time :224.0744625065548, rewards:-2.6958606243133545, queue:0.9013227224349976, delay:0.111020028591156, throughput:3814
step:3600/3600, q_loss:2.5981421721452434e-05, rewards:-3.2057156562805176, queue:1.0802910327911377, delay:0.12076548486948013, throughput:3959
episode:296/500, real avg travel time:238.74109623642335
step:3600/3600, q_loss:-4.4740974165809655e-06, rewards:-2.700850009918213, queue:0.9683862328529358, delay:0.11954563856124878, throughput:3956
episode:297/500, real avg travel time:227.00530839231547
step:3600/3600, q_loss:1.818619946587003e-06, rewards:-2.470698833465576, queue:0.902910053730011, delay:0.11636543273925781, throughput:3930
episode:298/500, real avg travel time:229.20152671755724
step:3600/3600, q_loss:3.705214128583773e-05, rewards:-3.027027130126953, queue:1.046296238899231, delay:0.11907584965229034, throughput:3894
episode:299/500, real avg travel time:236.67205957883925
step:3600/3600, q_loss:8.87580309709948e-06, rewards:-2.8372700214385986, queue:0.9882274866104126, delay:0.11826806515455246, throughput:3873
episode:300/500, real avg travel time:233.9695326620191
Test step:300/500, travel time :248.66613756613756, rewards:-3.1490824222564697, queue:1.0563491582870483, delay:0.12138763815164566, throughput:3780
step:3600/3600, q_loss:-2.15986466274545e-06, rewards:-2.656416654586792, queue:0.9641534686088562, delay:0.11987342685461044, throughput:3930
episode:301/500, real avg travel time:239.29821882951654
step:3600/3600, q_loss:5.824666125893904e-06, rewards:-2.6178741455078125, queue:0.942724883556366, delay:0.11897984147071838, throughput:3947
episode:302/500, real avg travel time:232.8084621231315
step:3600/3600, q_loss:8.408386687127253e-06, rewards:-2.86138653755188, queue:0.9830687642097473, delay:0.11976102739572525, throughput:3958
episode:303/500, real avg travel time:243.52930773117737
step:3600/3600, q_loss:9.813263564461118e-05, rewards:-4.023805618286133, queue:1.1903438568115234, delay:0.12266556918621063, throughput:3832
episode:304/500, real avg travel time:266.22390396659705
step:3600/3600, q_loss:3.004772426922702e-06, rewards:-3.277878761291504, queue:1.031084656715393, delay:0.11950961500406265, throughput:3823
episode:305/500, real avg travel time:257.08004185194875
Test step:305/500, travel time :296.0082508250825, rewards:-4.768992900848389, queue:1.3267195224761963, delay:0.13500180840492249, throughput:3636
step:3600/3600, q_loss:8.982501636233388e-05, rewards:-4.395534038543701, queue:1.267724871635437, delay:0.12820588052272797, throughput:3845
episode:306/500, real avg travel time:303.91339401820545
step:3600/3600, q_loss:3.643729319770096e-06, rewards:-3.0084447860717773, queue:0.9944444298744202, delay:0.1208273321390152, throughput:3875
episode:307/500, real avg travel time:250.7643870967742
step:3600/3600, q_loss:-5.123951672835069e-07, rewards:-3.240142583847046, queue:1.0408730506896973, delay:0.12174464017152786, throughput:3894
episode:308/500, real avg travel time:269.65896250642015
step:3600/3600, q_loss:5.844404464975621e-06, rewards:-3.042619466781616, queue:1.0002645254135132, delay:0.12120017409324646, throughput:3901
episode:309/500, real avg travel time:259.0243527300692
step:3600/3600, q_loss:2.0509723172937004e-06, rewards:-3.3971219062805176, queue:1.060978889465332, delay:0.11997070163488388, throughput:3884
episode:310/500, real avg travel time:259.90576725025744
Test step:310/500, travel time :277.8009721847151, rewards:-3.774308681488037, queue:1.1297619342803955, delay:0.12428788095712662, throughput:3703
step:3600/3600, q_loss:6.109985293328969e-05, rewards:-4.00390100479126, queue:1.2186508178710938, delay:0.1222066730260849, throughput:3833
episode:311/500, real avg travel time:277.6428385076963
step:3600/3600, q_loss:0.00012283836404094472, rewards:-4.776866436004639, queue:1.4152116775512695, delay:0.12784087657928467, throughput:3834
episode:312/500, real avg travel time:301.3815858111633
step:3600/3600, q_loss:2.3016181593346928e-05, rewards:-3.875058889389038, queue:1.1699734926223755, delay:0.12140210717916489, throughput:3918
episode:313/500, real avg travel time:262.4333843797856
step:3600/3600, q_loss:0.00021157678759967287, rewards:-4.9384541511535645, queue:1.4928570985794067, delay:0.12936286628246307, throughput:3906
episode:314/500, real avg travel time:269.5304659498208
step:3600/3600, q_loss:8.078633658846634e-06, rewards:-2.925309896469116, queue:0.9771164059638977, delay:0.11671997606754303, throughput:3930
episode:315/500, real avg travel time:244.21043256997456
Test step:315/500, travel time :264.63460519342874, rewards:-3.7705397605895996, queue:1.159523844718933, delay:0.11968064308166504, throughput:3774
step:3600/3600, q_loss:4.963384223325799e-06, rewards:-2.821544885635376, queue:0.9568783044815063, delay:0.11729567497968674, throughput:3953
episode:316/500, real avg travel time:239.81659499114596
step:3600/3600, q_loss:7.022169787281503e-07, rewards:-2.736215114593506, queue:0.9597883820533752, delay:0.11982445418834686, throughput:3950
episode:317/500, real avg travel time:231.48582278481013
step:3600/3600, q_loss:8.600145520176739e-07, rewards:-2.64347767829895, queue:0.9470899701118469, delay:0.11906913667917252, throughput:4003
episode:318/500, real avg travel time:227.47814139395453
step:3600/3600, q_loss:6.869831203301954e-06, rewards:-3.054891586303711, queue:1.0162698030471802, delay:0.1200551986694336, throughput:3923
episode:319/500, real avg travel time:245.88325261279633
step:3600/3600, q_loss:2.29106194132732e-06, rewards:-2.8385281562805176, queue:0.9775132536888123, delay:0.1199897900223732, throughput:3950
episode:320/500, real avg travel time:241.0779746835443
Test step:320/500, travel time :247.92058900867735, rewards:-3.88960599899292, queue:1.2047618627548218, delay:0.12581881880760193, throughput:3803
step:3600/3600, q_loss:9.833137583983545e-06, rewards:-3.0320465564727783, queue:1.008730173110962, delay:0.12284517288208008, throughput:3987
episode:321/500, real avg travel time:239.82643591672937
step:3600/3600, q_loss:0.0001023331834100342, rewards:-4.172276496887207, queue:1.3037036657333374, delay:0.1249869242310524, throughput:3920
episode:322/500, real avg travel time:301.76020408163265
step:3600/3600, q_loss:7.819008767708308e-05, rewards:-4.5225510597229, queue:1.3620370626449585, delay:0.13159167766571045, throughput:3890
episode:323/500, real avg travel time:304.8938303341902
step:3600/3600, q_loss:7.055413799308655e-06, rewards:-2.9557573795318604, queue:0.9977512955665588, delay:0.1196955144405365, throughput:3933
episode:324/500, real avg travel time:250.40350877192984
step:3600/3600, q_loss:-8.139176740466307e-06, rewards:-3.0688445568084717, queue:1.0096560716629028, delay:0.12330077588558197, throughput:3996
episode:325/500, real avg travel time:237.96846846846847
Test step:325/500, travel time :298.000537056928, rewards:-4.042080402374268, queue:1.2034391164779663, delay:0.1257004290819168, throughput:3724
step:3600/3600, q_loss:1.4262739488104772e-05, rewards:-3.1303043365478516, queue:1.0854496955871582, delay:0.12442705780267715, throughput:3946
episode:326/500, real avg travel time:240.97440446021287
step:3600/3600, q_loss:4.485492035099823e-05, rewards:-3.7978508472442627, queue:1.20291006565094, delay:0.12389525026082993, throughput:4044
episode:327/500, real avg travel time:262.5165677546983
step:3600/3600, q_loss:5.003641207521367e-06, rewards:-2.7652742862701416, queue:0.9428571462631226, delay:0.11725121736526489, throughput:3956
episode:328/500, real avg travel time:230.5326086956522
step:3600/3600, q_loss:0.0001184058142825961, rewards:-4.419825553894043, queue:1.3095238208770752, delay:0.12773726880550385, throughput:3953
episode:329/500, real avg travel time:256.4634454844422
step:3600/3600, q_loss:4.196790873215327e-05, rewards:-3.094114065170288, queue:1.0517195463180542, delay:0.11907324194908142, throughput:4031
episode:330/500, real avg travel time:246.7119821384272
Test step:330/500, travel time :237.17385688452597, rewards:-3.016834259033203, queue:0.9626984000205994, delay:0.11412899196147919, throughput:3871
step:3600/3600, q_loss:7.54922609808596e-05, rewards:-3.9683542251586914, queue:1.2708994150161743, delay:0.1257292926311493, throughput:3960
episode:331/500, real avg travel time:254.79368686868688
step:3600/3600, q_loss:2.7682715638851127e-05, rewards:-3.0661730766296387, queue:1.0370370149612427, delay:0.1190456673502922, throughput:3957
episode:332/500, real avg travel time:238.29087692696487
step:3600/3600, q_loss:0.00015105529229104934, rewards:-4.83768367767334, queue:1.4760582447052002, delay:0.1271696537733078, throughput:3926
episode:333/500, real avg travel time:269.90346408558327
step:3600/3600, q_loss:-1.7590759347917306e-06, rewards:-2.9361534118652344, queue:0.9751322865486145, delay:0.12116672098636627, throughput:3980
episode:334/500, real avg travel time:234.6751256281407
step:3600/3600, q_loss:3.209113816006316e-06, rewards:-2.777914524078369, queue:0.9455026388168335, delay:0.11829973757266998, throughput:3969
episode:335/500, real avg travel time:233.98009574200051
Test step:335/500, travel time :245.1023601847101, rewards:-2.887746572494507, queue:0.9632275104522705, delay:0.12088970839977264, throughput:3898
step:3600/3600, q_loss:2.035940876036572e-06, rewards:-2.5090527534484863, queue:0.8859788179397583, delay:0.11493144929409027, throughput:3988
episode:336/500, real avg travel time:222.71740220661985
step:3600/3600, q_loss:4.146484975030439e-07, rewards:-2.63979434967041, queue:0.9404761791229248, delay:0.11730943620204926, throughput:3991
episode:337/500, real avg travel time:235.72112252568277
step:3600/3600, q_loss:1.7969029755072873e-05, rewards:-3.433527946472168, queue:1.086904764175415, delay:0.12284495681524277, throughput:3919
episode:338/500, real avg travel time:244.943352896147
step:3600/3600, q_loss:2.2540009619357685e-06, rewards:-2.436614751815796, queue:0.8846560716629028, delay:0.11551530659198761, throughput:3970
episode:339/500, real avg travel time:225.04508816120907
step:3600/3600, q_loss:2.319955585537375e-05, rewards:-3.067032814025879, queue:1.041534423828125, delay:0.12034878879785538, throughput:3972
episode:340/500, real avg travel time:239.77769385699898
Test step:340/500, travel time :241.13012987012988, rewards:-2.777357578277588, queue:0.9129629731178284, delay:0.113874152302742, throughput:3850
step:3600/3600, q_loss:5.526651584659703e-05, rewards:-3.458489418029785, queue:1.0771163702011108, delay:0.12182120233774185, throughput:3973
episode:341/500, real avg travel time:247.75685879687893
step:3600/3600, q_loss:-4.563021421846416e-07, rewards:-2.6880686283111572, queue:0.944179892539978, delay:0.11699498444795609, throughput:3956
episode:342/500, real avg travel time:233.53235591506572
step:3600/3600, q_loss:6.906101932852632e-05, rewards:-3.9179491996765137, queue:1.2099206447601318, delay:0.12190119177103043, throughput:3899
episode:343/500, real avg travel time:251.91048986919722
step:3600/3600, q_loss:5.9059609015498105e-05, rewards:-3.6947672367095947, queue:1.1264550685882568, delay:0.12266125530004501, throughput:3913
episode:344/500, real avg travel time:250.46869409660107
step:3600/3600, q_loss:-2.8262956119659876e-07, rewards:-2.359233856201172, queue:0.8841269612312317, delay:0.11435247212648392, throughput:3979
episode:345/500, real avg travel time:215.07087207841167
Test step:345/500, travel time :227.72635397771444, rewards:-2.8690640926361084, queue:0.9324073791503906, delay:0.11249648034572601, throughput:3859
step:3600/3600, q_loss:-5.591023081150423e-06, rewards:-2.325237274169922, queue:0.869179904460907, delay:0.11485622823238373, throughput:3969
episode:346/500, real avg travel time:215.5827664399093
step:3600/3600, q_loss:-5.4616005703186e-07, rewards:-2.5004048347473145, queue:0.9158729910850525, delay:0.11895111203193665, throughput:3941
episode:347/500, real avg travel time:228.2748033494037
step:3600/3600, q_loss:-1.4235831865031892e-06, rewards:-2.303206205368042, queue:0.8813492059707642, delay:0.11543679237365723, throughput:3981
episode:348/500, real avg travel time:215.4689776438081
step:3600/3600, q_loss:-3.553714810146226e-06, rewards:-2.53185772895813, queue:0.928174614906311, delay:0.11960543692111969, throughput:3927
episode:349/500, real avg travel time:226.74738986503692
step:3600/3600, q_loss:-6.90059112255565e-06, rewards:-2.6702682971954346, queue:0.9285714030265808, delay:0.11734385788440704, throughput:3929
episode:350/500, real avg travel time:216.88597607533723
Test step:350/500, travel time :302.267177589852, rewards:-4.162759780883789, queue:1.1843914985656738, delay:0.12246140837669373, throughput:3784
step:3600/3600, q_loss:2.107113800270276e-05, rewards:-3.0473999977111816, queue:1.041005253791809, delay:0.1181846410036087, throughput:3885
episode:351/500, real avg travel time:245.42445302445302
step:3600/3600, q_loss:0.00026315844216797914, rewards:-6.3027825355529785, queue:1.6326719522476196, delay:0.1402604728937149, throughput:3772
episode:352/500, real avg travel time:301.87910922587486
step:3600/3600, q_loss:1.8215888040787022e-05, rewards:-3.060730218887329, queue:1.0291005373001099, delay:0.11902760714292526, throughput:3948
episode:353/500, real avg travel time:235.08308004052685
step:3600/3600, q_loss:1.7746219236869364e-05, rewards:-3.619727611541748, queue:1.1451058387756348, delay:0.1254357099533081, throughput:3910
episode:354/500, real avg travel time:247.66317135549872
step:3600/3600, q_loss:-4.003097516639779e-06, rewards:-2.713986873626709, queue:0.9373015761375427, delay:0.11861596256494522, throughput:3922
episode:355/500, real avg travel time:236.05787863335033
Test step:355/500, travel time :283.55219146482125, rewards:-7.670660972595215, queue:2.005687713623047, delay:0.14672404527664185, throughput:3468
step:3600/3600, q_loss:-4.525449670230349e-06, rewards:-2.8593595027923584, queue:0.9630952477455139, delay:0.11981112509965897, throughput:3921
episode:356/500, real avg travel time:250.76256057128285
step:3600/3600, q_loss:0.00015163362655180713, rewards:-4.849188804626465, queue:1.363359808921814, delay:0.12923099100589752, throughput:3861
episode:357/500, real avg travel time:288.94172494172494
step:3600/3600, q_loss:0.00011211091914447025, rewards:-4.576111316680908, queue:1.2996032238006592, delay:0.1284935176372528, throughput:3755
episode:358/500, real avg travel time:269.8671105193076
step:3600/3600, q_loss:-1.6520262256057725e-06, rewards:-3.118638753890991, queue:0.9908730387687683, delay:0.11905301362276077, throughput:3912
episode:359/500, real avg travel time:254.11170756646217
step:3600/3600, q_loss:1.7821429598067576e-05, rewards:-3.5102601051330566, queue:1.1119047403335571, delay:0.12291070073843002, throughput:3864
episode:360/500, real avg travel time:255.05900621118013
Test step:360/500, travel time :274.895964360587, rewards:-3.498155355453491, queue:1.0629630088806152, delay:0.12123756855726242, throughput:3816
step:3600/3600, q_loss:6.496490871844192e-05, rewards:-3.7913527488708496, queue:1.1972222328186035, delay:0.12177260965108871, throughput:3824
episode:361/500, real avg travel time:248.33446652719664
step:3600/3600, q_loss:-2.2760655459327e-06, rewards:-3.0379343032836914, queue:0.9780423045158386, delay:0.11871898174285889, throughput:3957
episode:362/500, real avg travel time:251.07808946171343
step:3600/3600, q_loss:2.8039957154154157e-05, rewards:-3.3463094234466553, queue:1.0780422687530518, delay:0.12182167172431946, throughput:3948
episode:363/500, real avg travel time:245.8584093211753
step:3600/3600, q_loss:6.605745212356043e-05, rewards:-4.393607139587402, queue:1.311375617980957, delay:0.12665244936943054, throughput:3876
episode:364/500, real avg travel time:314.73658410732713
step:3600/3600, q_loss:-2.7888509874982344e-06, rewards:-3.007662057876587, queue:0.9556878209114075, delay:0.1176747977733612, throughput:3911
episode:365/500, real avg travel time:250.1976476604449
Test step:365/500, travel time :304.6845582163501, rewards:-5.242637634277344, queue:1.445105791091919, delay:0.13073086738586426, throughput:3633
step:3600/3600, q_loss:3.06378483300149e-05, rewards:-3.7278380393981934, queue:1.1351852416992188, delay:0.12050934880971909, throughput:3915
episode:366/500, real avg travel time:264.0582375478927
step:3600/3600, q_loss:0.00020345636148704215, rewards:-4.856936931610107, queue:1.4518518447875977, delay:0.1257213056087494, throughput:3803
episode:367/500, real avg travel time:304.786484354457
step:3600/3600, q_loss:6.899821164552122e-06, rewards:-3.272888422012329, queue:0.9750000238418579, delay:0.11755223572254181, throughput:3926
episode:368/500, real avg travel time:253.82603158430973
step:3600/3600, q_loss:8.582589410555859e-05, rewards:-4.3910136222839355, queue:1.2617725133895874, delay:0.12160084396600723, throughput:3810
episode:369/500, real avg travel time:275.2671916010499
step:3600/3600, q_loss:-3.070261623684524e-06, rewards:-2.938552141189575, queue:0.958730161190033, delay:0.11655241996049881, throughput:3889
episode:370/500, real avg travel time:251.71457958344047
Test step:370/500, travel time :323.62033898305083, rewards:-13.352628707885742, queue:3.7234127521514893, delay:0.15054334700107574, throughput:2950
step:3600/3600, q_loss:-5.642337055178359e-06, rewards:-2.626917600631714, queue:0.8948412537574768, delay:0.11535511165857315, throughput:3900
episode:371/500, real avg travel time:239.8669230769231
step:3600/3600, q_loss:4.556869470333267e-05, rewards:-3.5265157222747803, queue:1.1501322984695435, delay:0.12148377299308777, throughput:3945
episode:372/500, real avg travel time:262.804309252218
step:3600/3600, q_loss:5.035241548385885e-05, rewards:-3.6117513179779053, queue:1.1050264835357666, delay:0.12180174887180328, throughput:3947
episode:373/500, real avg travel time:262.2201672156068
step:3600/3600, q_loss:9.649403485430715e-05, rewards:-4.4656853675842285, queue:1.3550264835357666, delay:0.1265212744474411, throughput:3896
episode:374/500, real avg travel time:273.08187885010267
step:3600/3600, q_loss:-2.8114140150137245e-06, rewards:-3.340806007385254, queue:1.0421957969665527, delay:0.12087250500917435, throughput:3862
episode:375/500, real avg travel time:248.4570170895909
Test step:375/500, travel time :259.76191773358755, rewards:-4.6019368171691895, queue:1.2673280239105225, delay:0.12347441166639328, throughput:3671
step:3600/3600, q_loss:0.00010391816419238845, rewards:-4.60540771484375, queue:1.3973544836044312, delay:0.1245613843202591, throughput:3802
episode:376/500, real avg travel time:279.8203577064703
step:3600/3600, q_loss:6.266380409619564e-05, rewards:-4.128949165344238, queue:1.2285714149475098, delay:0.1221078410744667, throughput:3889
episode:377/500, real avg travel time:276.8372332219079
step:3600/3600, q_loss:3.454782320962598e-06, rewards:-3.096292495727539, queue:0.9988095164299011, delay:0.1183280199766159, throughput:3917
episode:378/500, real avg travel time:251.13071227980598
step:3600/3600, q_loss:0.00017066657957103516, rewards:-5.435850143432617, queue:1.598280429840088, delay:0.130272775888443, throughput:3805
episode:379/500, real avg travel time:283.6917214191853
step:3600/3600, q_loss:3.3525425371610455e-05, rewards:-3.539719581604004, queue:1.095105767250061, delay:0.12089613080024719, throughput:3891
episode:380/500, real avg travel time:265.10434335646363
Test step:380/500, travel time :274.6023375917369, rewards:-4.025827407836914, queue:1.163095235824585, delay:0.1252644956111908, throughput:3679
step:3600/3600, q_loss:0.00023695809456209343, rewards:-5.392181873321533, queue:1.5997354984283447, delay:0.1278040111064911, throughput:3777
episode:381/500, real avg travel time:304.9894095843262
step:3600/3600, q_loss:3.8056847713758344e-05, rewards:-4.064852714538574, queue:1.226190447807312, delay:0.12220828980207443, throughput:3863
episode:382/500, real avg travel time:274.7737509707481
step:3600/3600, q_loss:-6.1115566091353284e-06, rewards:-3.423077344894409, queue:1.0218254327774048, delay:0.12153414636850357, throughput:3872
episode:383/500, real avg travel time:261.1144111570248
step:3600/3600, q_loss:2.015361153300748e-06, rewards:-3.319450855255127, queue:1.043254017829895, delay:0.12310241907835007, throughput:3904
episode:384/500, real avg travel time:267.52792008196724
step:3600/3600, q_loss:0.00010232148261921895, rewards:-4.538473129272461, queue:1.3632274866104126, delay:0.12526023387908936, throughput:3878
episode:385/500, real avg travel time:260.04641567818464
Test step:385/500, travel time :287.06893542757416, rewards:-7.803568363189697, queue:1.885449767112732, delay:0.1475546956062317, throughput:3438
step:3600/3600, q_loss:5.3922645828505566e-05, rewards:-3.8185343742370605, queue:1.207539677619934, delay:0.12536557018756866, throughput:3974
episode:386/500, real avg travel time:269.4526925012582
step:3600/3600, q_loss:-5.448297694480668e-06, rewards:-3.205489158630371, queue:0.9846560955047607, delay:0.11741244792938232, throughput:3912
episode:387/500, real avg travel time:257.41794478527606
step:3600/3600, q_loss:4.087616479308862e-05, rewards:-3.987412214279175, queue:1.2116402387619019, delay:0.12098778784275055, throughput:3870
episode:388/500, real avg travel time:258.7919896640827
step:3600/3600, q_loss:3.3592169832748674e-05, rewards:-4.181741714477539, queue:1.2527778148651123, delay:0.12522676587104797, throughput:3854
episode:389/500, real avg travel time:274.01920083030615
step:3600/3600, q_loss:4.1519658649728325e-05, rewards:-3.9382903575897217, queue:1.2003967761993408, delay:0.12018844485282898, throughput:3924
episode:390/500, real avg travel time:274.78644240570844
Test step:390/500, travel time :317.7543636940654, rewards:-11.67911148071289, queue:2.96574068069458, delay:0.17696578800678253, throughput:3151
step:3600/3600, q_loss:4.796130653832936e-06, rewards:-3.4043118953704834, queue:1.0451058149337769, delay:0.1223042756319046, throughput:3918
episode:391/500, real avg travel time:257.6927003573252
step:3600/3600, q_loss:0.00014294426235008157, rewards:-4.8166656494140625, queue:1.4211640357971191, delay:0.12148738652467728, throughput:3942
episode:392/500, real avg travel time:286.3173515981735
step:3600/3600, q_loss:-5.659178188782082e-06, rewards:-3.30297589302063, queue:1.0181217193603516, delay:0.11898273229598999, throughput:3941
episode:393/500, real avg travel time:246.4245115452931
step:3600/3600, q_loss:0.00012378113881115699, rewards:-5.236008167266846, queue:1.4218254089355469, delay:0.1312166303396225, throughput:3899
episode:394/500, real avg travel time:293.04385739933315
step:3600/3600, q_loss:0.00016601874764698247, rewards:-5.43173885345459, queue:1.414814829826355, delay:0.1297663301229477, throughput:3781
episode:395/500, real avg travel time:271.35043639248875
Test step:395/500, travel time :336.02068214804063, rewards:-15.66380500793457, queue:3.9358465671539307, delay:0.1865292489528656, throughput:2756
step:3600/3600, q_loss:0.00016848058472128792, rewards:-5.416648864746094, queue:1.5670634508132935, delay:0.13197429478168488, throughput:3713
episode:396/500, real avg travel time:309.28979262052246
step:3600/3600, q_loss:4.150746446814285e-05, rewards:-3.796950340270996, queue:1.1440476179122925, delay:0.1189379170536995, throughput:3932
episode:397/500, real avg travel time:270.82578840284845
step:3600/3600, q_loss:8.193027307344084e-05, rewards:-4.208646297454834, queue:1.217063546180725, delay:0.12180875986814499, throughput:3787
episode:398/500, real avg travel time:274.674940586216
step:3600/3600, q_loss:0.00012731266857978578, rewards:-4.773300647735596, queue:1.317989468574524, delay:0.12809620797634125, throughput:3862
episode:399/500, real avg travel time:296.56576903158987
step:3600/3600, q_loss:5.906719403962294e-08, rewards:-3.0702764987945557, queue:0.9681217074394226, delay:0.11759456992149353, throughput:3912
episode:400/500, real avg travel time:252.34509202453987
Test step:400/500, travel time :364.92131661442005, rewards:-12.318562507629395, queue:3.078174591064453, delay:0.17276978492736816, throughput:3190
step:3600/3600, q_loss:1.6953822907655397e-05, rewards:-2.9047932624816895, queue:0.964550256729126, delay:0.11717461794614792, throughput:3953
episode:401/500, real avg travel time:242.27245130280798
step:3600/3600, q_loss:1.3504091313936645e-05, rewards:-3.1987154483795166, queue:1.0535714626312256, delay:0.12257441133260727, throughput:3931
episode:402/500, real avg travel time:250.9295344696006
step:3600/3600, q_loss:8.529655638590662e-06, rewards:-2.815265655517578, queue:0.9597883820533752, delay:0.120268315076828, throughput:3941
episode:403/500, real avg travel time:248.669119512814
step:3600/3600, q_loss:3.279819995643468e-05, rewards:-3.70111346244812, queue:1.1367725133895874, delay:0.11989862471818924, throughput:3819
episode:404/500, real avg travel time:259.49541764859913
step:3600/3600, q_loss:1.1189981725894743e-05, rewards:-2.98553204536438, queue:0.9891534447669983, delay:0.11758251488208771, throughput:3912
episode:405/500, real avg travel time:246.45424335378323
Test step:405/500, travel time :319.43554798409997, rewards:-7.393219470977783, queue:1.7601852416992188, delay:0.14385098218917847, throughput:3522
step:3600/3600, q_loss:1.1053899894856537e-05, rewards:-3.2224233150482178, queue:1.0580687522888184, delay:0.12222930788993835, throughput:3943
episode:406/500, real avg travel time:253.6383464367233
step:3600/3600, q_loss:1.2262484152516764e-05, rewards:-2.5737650394439697, queue:0.9384920597076416, delay:0.11886405944824219, throughput:4034
episode:407/500, real avg travel time:239.13683688646503
step:3600/3600, q_loss:0.00010301833931912875, rewards:-4.287458419799805, queue:1.3144179582595825, delay:0.13143248856067657, throughput:3963
episode:408/500, real avg travel time:274.47514509210197
step:3600/3600, q_loss:0.00016426963977412217, rewards:-4.734329700469971, queue:1.4232804775238037, delay:0.12897630035877228, throughput:4001
episode:409/500, real avg travel time:271.29792551862033
step:3600/3600, q_loss:1.6391673448702527e-07, rewards:-3.204958200454712, queue:1.0863757133483887, delay:0.12633726000785828, throughput:4025
episode:410/500, real avg travel time:264.63304347826084
Test step:410/500, travel time :283.0927583401139, rewards:-3.926319122314453, queue:1.141005277633667, delay:0.1237591952085495, throughput:3687
step:3600/3600, q_loss:6.936941184297515e-05, rewards:-3.6636359691619873, queue:1.1955026388168335, delay:0.12276157736778259, throughput:4019
episode:411/500, real avg travel time:252.56755411793978
step:3600/3600, q_loss:-1.7922332012353259e-06, rewards:-2.802011489868164, queue:0.9970899224281311, delay:0.12132439017295837, throughput:4024
episode:412/500, real avg travel time:242.50024850894633
step:3600/3600, q_loss:1.1100634259896146e-05, rewards:-3.261500835418701, queue:1.0894179344177246, delay:0.12280218303203583, throughput:4045
episode:413/500, real avg travel time:255.25018541409148
step:3600/3600, q_loss:4.3877604831424026e-05, rewards:-3.7662572860717773, queue:1.2076719999313354, delay:0.12564247846603394, throughput:3974
episode:414/500, real avg travel time:273.90513336688474
step:3600/3600, q_loss:4.15021673284678e-06, rewards:-3.383699655532837, queue:1.0760581493377686, delay:0.1250336915254593, throughput:3916
episode:415/500, real avg travel time:257.82660878447393
Test step:415/500, travel time :270.926916712631, rewards:-4.96835994720459, queue:1.3398147821426392, delay:0.12797300517559052, throughput:3626
step:3600/3600, q_loss:5.160412078516351e-05, rewards:-3.730567693710327, queue:1.1879630088806152, delay:0.12272457033395767, throughput:3924
episode:416/500, real avg travel time:261.64500509683995
step:3600/3600, q_loss:5.765356884997649e-06, rewards:-3.520275831222534, queue:1.1078041791915894, delay:0.12494087219238281, throughput:3960
episode:417/500, real avg travel time:263.36262626262624
step:3600/3600, q_loss:4.797952521281938e-05, rewards:-3.825140953063965, queue:1.1826719045639038, delay:0.12228474766016006, throughput:3988
episode:418/500, real avg travel time:263.5812437311936
step:3600/3600, q_loss:6.695803232206446e-06, rewards:-3.45235538482666, queue:1.089550256729126, delay:0.12138456851243973, throughput:3885
episode:419/500, real avg travel time:261.7902187902188
step:3600/3600, q_loss:-1.252530152366186e-06, rewards:-3.076702833175659, queue:1.0, delay:0.12238845974206924, throughput:4006
episode:420/500, real avg travel time:258.1058412381428
Test step:420/500, travel time :339.5223880597015, rewards:-9.82352066040039, queue:2.444047689437866, delay:0.16173461079597473, throughput:3216
step:3600/3600, q_loss:-2.7984875082943795e-06, rewards:-3.2295851707458496, queue:1.0283068418502808, delay:0.12336935847997665, throughput:3983
episode:421/500, real avg travel time:259.13281446146124
step:3600/3600, q_loss:-4.012122452776465e-06, rewards:-2.8870811462402344, queue:0.988095223903656, delay:0.12178697437047958, throughput:4011
episode:422/500, real avg travel time:239.09324358015456
step:3600/3600, q_loss:8.551980895895717e-05, rewards:-3.784688949584961, queue:1.206745982170105, delay:0.12438603490591049, throughput:3999
episode:423/500, real avg travel time:262.04901225306327
step:3600/3600, q_loss:6.64527299199512e-05, rewards:-3.3376200199127197, queue:1.1292327642440796, delay:0.11996955424547195, throughput:4003
episode:424/500, real avg travel time:238.24231826130404
step:3600/3600, q_loss:5.191785829891968e-06, rewards:-2.6213114261627197, queue:0.9496031999588013, delay:0.11920475214719772, throughput:3978
episode:425/500, real avg travel time:242.7400703871292
Test step:425/500, travel time :272.43638814016174, rewards:-4.402276039123535, queue:1.3542327880859375, delay:0.12414702773094177, throughput:3710
step:3600/3600, q_loss:0.0001136839290362938, rewards:-4.320470809936523, queue:1.2834656238555908, delay:0.12632901966571808, throughput:3936
episode:426/500, real avg travel time:262.603912601626
step:3600/3600, q_loss:2.128644781704578e-06, rewards:-2.6070754528045654, queue:0.9320105910301208, delay:0.12009459733963013, throughput:4022
episode:427/500, real avg travel time:241.14545002486327
step:3600/3600, q_loss:3.2241812732536344e-06, rewards:-2.5721590518951416, queue:0.9313492178916931, delay:0.11936203390359879, throughput:4036
episode:428/500, real avg travel time:245.29261645193262
step:3600/3600, q_loss:7.402872951287362e-07, rewards:-2.6907341480255127, queue:0.9494708776473999, delay:0.12084245681762695, throughput:4000
episode:429/500, real avg travel time:237.585
step:3600/3600, q_loss:9.197813730376462e-05, rewards:-4.128971576690674, queue:1.2310847043991089, delay:0.12790267169475555, throughput:4019
episode:430/500, real avg travel time:258.1759144065688
Test step:430/500, travel time :273.35375868603916, rewards:-7.801286697387695, queue:1.9825396537780762, delay:0.1398288607597351, throughput:3166
step:3600/3600, q_loss:-8.543131358843918e-06, rewards:-2.6408588886260986, queue:0.9362434148788452, delay:0.12111487239599228, throughput:3988
episode:431/500, real avg travel time:239.17502507522568
step:3600/3600, q_loss:3.141820666820018e-06, rewards:-3.04701566696167, queue:1.0280423164367676, delay:0.12305298447608948, throughput:3992
episode:432/500, real avg travel time:240.45440881763528
step:3600/3600, q_loss:-1.4405869215907943e-05, rewards:-2.681581974029541, queue:0.9523809552192688, delay:0.12132047861814499, throughput:4034
episode:433/500, real avg travel time:235.62692117005454
step:3600/3600, q_loss:-9.596092301459672e-06, rewards:-2.9122729301452637, queue:1.0178571939468384, delay:0.1215844675898552, throughput:3997
episode:434/500, real avg travel time:241.95146359769828
step:3600/3600, q_loss:-3.039266893109824e-06, rewards:-2.6027369499206543, queue:0.9253968000411987, delay:0.11932338029146194, throughput:3964
episode:435/500, real avg travel time:235.01084762865793
Test step:435/500, travel time :276.4080768144592, rewards:-6.101212501525879, queue:1.6048941612243652, delay:0.1352113038301468, throughput:3541
step:3600/3600, q_loss:-2.0332159086441e-06, rewards:-2.8844563961029053, queue:0.9686508178710938, delay:0.11894766986370087, throughput:3885
episode:436/500, real avg travel time:239.77065637065638
step:3600/3600, q_loss:-1.404262754173639e-05, rewards:-2.8023054599761963, queue:0.9445767402648926, delay:0.11729893088340759, throughput:3922
episode:437/500, real avg travel time:245.59459459459458
step:3600/3600, q_loss:-5.828788157992272e-06, rewards:-2.5533816814422607, queue:0.8962963223457336, delay:0.11712724715471268, throughput:3926
episode:438/500, real avg travel time:239.04279164544064
step:3600/3600, q_loss:4.5233878255304365e-06, rewards:-2.994943141937256, queue:0.9847883582115173, delay:0.1147470772266388, throughput:3891
episode:439/500, real avg travel time:253.91570290413776
step:3600/3600, q_loss:3.508185675147817e-05, rewards:-3.3786089420318604, queue:1.0423280000686646, delay:0.11904913932085037, throughput:3864
episode:440/500, real avg travel time:256.50207039337477
Test step:440/500, travel time :341.635131237381, rewards:-7.708140850067139, queue:1.9425926208496094, delay:0.15098069608211517, throughput:3467
step:3600/3600, q_loss:-5.321034081538932e-06, rewards:-2.626556634902954, queue:0.9014550447463989, delay:0.11464221030473709, throughput:3918
episode:441/500, real avg travel time:249.22562531904032
step:3600/3600, q_loss:3.5071880928525286e-05, rewards:-3.241828680038452, queue:1.0054233074188232, delay:0.11865584552288055, throughput:3901
episode:442/500, real avg travel time:265.242758267111
step:3600/3600, q_loss:-6.651849414791084e-06, rewards:-2.279864549636841, queue:0.847089946269989, delay:0.11171771585941315, throughput:3926
episode:443/500, real avg travel time:230.7832399388691
step:3600/3600, q_loss:7.186308001918304e-05, rewards:-3.421205997467041, queue:1.1013227701187134, delay:0.11743644624948502, throughput:3916
episode:444/500, real avg travel time:253.32992849846784
step:3600/3600, q_loss:-5.642980573207347e-06, rewards:-2.564337968826294, queue:0.9284391403198242, delay:0.11810335516929626, throughput:3941
episode:445/500, real avg travel time:241.7622430855113
Test step:445/500, travel time :307.357027027027, rewards:-4.093291759490967, queue:1.1501322984695435, delay:0.11933577060699463, throughput:3700
step:3600/3600, q_loss:-7.818958612107154e-06, rewards:-2.6140682697296143, queue:0.9208994507789612, delay:0.11657850444316864, throughput:3898
episode:446/500, real avg travel time:243.9214982042073
step:3600/3600, q_loss:-6.0777251039528184e-06, rewards:-2.7254109382629395, queue:0.9355819821357727, delay:0.11606036871671677, throughput:3884
episode:447/500, real avg travel time:251.2173017507724
step:3600/3600, q_loss:9.783216883079149e-05, rewards:-3.6740684509277344, queue:1.1945767402648926, delay:0.12031206488609314, throughput:3881
episode:448/500, real avg travel time:257.87297088379285
step:3600/3600, q_loss:0.00018605245762349417, rewards:-4.651897430419922, queue:1.3657407760620117, delay:0.12140288203954697, throughput:3797
episode:449/500, real avg travel time:257.43560705820386
step:3600/3600, q_loss:-2.01457567325431e-06, rewards:-2.5688884258270264, queue:0.9042328000068665, delay:0.11506272107362747, throughput:3947
episode:450/500, real avg travel time:231.25411705092475
Test step:450/500, travel time :264.75059824514756, rewards:-2.8504245281219482, queue:0.9199735522270203, delay:0.11329959332942963, throughput:3761
step:3600/3600, q_loss:6.811820122594427e-05, rewards:-3.4809465408325195, queue:1.1119047403335571, delay:0.1199108213186264, throughput:3893
episode:451/500, real avg travel time:256.32160287695865
step:3600/3600, q_loss:4.819379149315258e-05, rewards:-3.3798000812530518, queue:1.1083333492279053, delay:0.1182866021990776, throughput:3898
episode:452/500, real avg travel time:244.76603386351977
step:3600/3600, q_loss:7.355775119827336e-05, rewards:-3.3567166328430176, queue:1.1263227462768555, delay:0.11724722385406494, throughput:3936
episode:453/500, real avg travel time:256.2533028455285
step:3600/3600, q_loss:2.7767051748620966e-05, rewards:-3.146273374557495, queue:1.060185194015503, delay:0.11948615312576294, throughput:3920
episode:454/500, real avg travel time:246.7283163265306
step:3600/3600, q_loss:-2.0628018925587335e-06, rewards:-2.401888608932495, queue:0.8915343880653381, delay:0.11494427919387817, throughput:3988
episode:455/500, real avg travel time:232.2846038114343
Test step:455/500, travel time :358.68145392100746, rewards:-8.574816703796387, queue:2.1629629135131836, delay:0.15216787159442902, throughput:3494
step:3600/3600, q_loss:6.670364390528346e-05, rewards:-3.5508248805999756, queue:1.1457672119140625, delay:0.12354017049074173, throughput:4008
episode:456/500, real avg travel time:247.3303393213573
step:3600/3600, q_loss:-6.555318476683977e-08, rewards:-2.3010144233703613, queue:0.9042328000068665, delay:0.1176660880446434, throughput:4014
episode:457/500, real avg travel time:223.02366716492278
step:3600/3600, q_loss:-6.163456904081007e-06, rewards:-2.344475507736206, queue:0.8931217193603516, delay:0.11530417948961258, throughput:4007
episode:458/500, real avg travel time:221.98153231844273
step:3600/3600, q_loss:-1.011111607011925e-05, rewards:-2.479482412338257, queue:0.8879629373550415, delay:0.11390485614538193, throughput:3960
episode:459/500, real avg travel time:223.87247474747474
step:3600/3600, q_loss:-6.6946909808191574e-06, rewards:-2.2774157524108887, queue:0.8419312238693237, delay:0.11326810717582703, throughput:3905
episode:460/500, real avg travel time:219.5562099871959
Test step:460/500, travel time :242.09457323498418, rewards:-2.9644253253936768, queue:0.942460298538208, delay:0.11640076339244843, throughput:3796
step:3600/3600, q_loss:-5.6113836762961e-06, rewards:-2.1216068267822266, queue:0.8318783044815063, delay:0.11125249415636063, throughput:3933
episode:461/500, real avg travel time:214.4609712687516
step:3600/3600, q_loss:2.1115474131268758e-06, rewards:-2.5523338317871094, queue:0.9058201313018799, delay:0.11557219177484512, throughput:3962
episode:462/500, real avg travel time:225.08833922261485
step:3600/3600, q_loss:5.00085010975858e-06, rewards:-2.8312361240386963, queue:0.9787036776542664, delay:0.11907822638750076, throughput:4020
episode:463/500, real avg travel time:225.7721393034826
step:3600/3600, q_loss:1.3670192695119314e-05, rewards:-2.873551368713379, queue:0.9728835821151733, delay:0.11801037937402725, throughput:3935
episode:464/500, real avg travel time:228.56620076238883
step:3600/3600, q_loss:-4.888003725985376e-06, rewards:-2.254847288131714, queue:0.857275128364563, delay:0.11313275992870331, throughput:3927
episode:465/500, real avg travel time:216.83651642475172
Test step:465/500, travel time :287.89640365002685, rewards:-3.9342360496520996, queue:1.1576719284057617, delay:0.12216279655694962, throughput:3726
step:3600/3600, q_loss:-7.429903457199948e-06, rewards:-2.333709478378296, queue:0.8748677372932434, delay:0.11479081213474274, throughput:3950
episode:466/500, real avg travel time:217.58860759493672
step:3600/3600, q_loss:-1.2005290369011668e-05, rewards:-2.4144599437713623, queue:0.8882275223731995, delay:0.11693079769611359, throughput:3930
episode:467/500, real avg travel time:216.48676844783716
step:3600/3600, q_loss:-1.305401270251928e-05, rewards:-2.300349473953247, queue:0.8482804298400879, delay:0.11340846121311188, throughput:3923
episode:468/500, real avg travel time:217.88503696150906
step:3600/3600, q_loss:-2.1850088766465583e-06, rewards:-2.2761168479919434, queue:0.8621693253517151, delay:0.11380313336849213, throughput:3954
episode:469/500, real avg travel time:213.48937784522002
step:3600/3600, q_loss:2.2101002590109903e-06, rewards:-2.633138418197632, queue:0.9681217074394226, delay:0.11898425221443176, throughput:3972
episode:470/500, real avg travel time:227.91515609264854
Test step:470/500, travel time :245.73946259220233, rewards:-3.0994553565979004, queue:1.004365086555481, delay:0.11898577958345413, throughput:3796
step:3600/3600, q_loss:-4.008753684401098e-06, rewards:-2.318007469177246, queue:0.8441798686981201, delay:0.11416114121675491, throughput:3924
episode:471/500, real avg travel time:221.19240570846077
step:3600/3600, q_loss:-2.822418941327164e-06, rewards:-2.453559160232544, queue:0.863095223903656, delay:0.11317620426416397, throughput:3880
episode:472/500, real avg travel time:236.28144329896907
step:3600/3600, q_loss:-4.843299676496018e-06, rewards:-2.46237850189209, queue:0.8739417791366577, delay:0.11552871018648148, throughput:3892
episode:473/500, real avg travel time:229.72199383350463
step:3600/3600, q_loss:-7.146596989413309e-06, rewards:-2.4014925956726074, queue:0.8582010865211487, delay:0.11176583170890808, throughput:3930
episode:474/500, real avg travel time:230.84809160305343
step:3600/3600, q_loss:-1.4874567568767816e-06, rewards:-2.671085834503174, queue:0.9263227581977844, delay:0.1137942522764206, throughput:3959
episode:475/500, real avg travel time:230.4978529931801
Test step:475/500, travel time :247.65164690382082, rewards:-3.385097026824951, queue:1.0473544597625732, delay:0.11793692409992218, throughput:3795
step:3600/3600, q_loss:-8.316754327905882e-06, rewards:-2.4441184997558594, queue:0.8654761910438538, delay:0.1109546348452568, throughput:3917
episode:476/500, real avg travel time:222.23691600714832
step:3600/3600, q_loss:6.5582000792750885e-06, rewards:-2.726263999938965, queue:0.9174603223800659, delay:0.1140327900648117, throughput:3920
episode:477/500, real avg travel time:234.72295918367348
step:3600/3600, q_loss:1.8104154393464947e-05, rewards:-3.2549710273742676, queue:1.0174603462219238, delay:0.11629181355237961, throughput:3956
episode:478/500, real avg travel time:246.82027300303338
step:3600/3600, q_loss:9.012739129603789e-05, rewards:-3.5459113121032715, queue:1.1326719522476196, delay:0.11578021198511124, throughput:3960
episode:479/500, real avg travel time:240.16767676767677
step:3600/3600, q_loss:0.00010994449468044978, rewards:-4.682424545288086, queue:1.3486772775650024, delay:0.12595362961292267, throughput:3773
episode:480/500, real avg travel time:278.5483699973496
Test step:480/500, travel time :227.34883103081827, rewards:-2.941265106201172, queue:0.9242063760757446, delay:0.11167245358228683, throughput:3764
step:3600/3600, q_loss:1.957870982652013e-06, rewards:-2.7172796726226807, queue:0.9096561074256897, delay:0.11293244361877441, throughput:3896
episode:481/500, real avg travel time:234.67941478439425
step:3600/3600, q_loss:2.6843962485953754e-07, rewards:-2.360262155532837, queue:0.8376984000205994, delay:0.10900866985321045, throughput:3943
episode:482/500, real avg travel time:221.18615267562768
step:3600/3600, q_loss:2.580144549331938e-06, rewards:-2.858335018157959, queue:0.9538359642028809, delay:0.11401530355215073, throughput:3908
episode:483/500, real avg travel time:227.07318321392017
step:3600/3600, q_loss:1.7486218388916717e-06, rewards:-2.9728949069976807, queue:0.9488095045089722, delay:0.11370956897735596, throughput:3961
episode:484/500, real avg travel time:237.2264579651603
step:3600/3600, q_loss:2.5226601186053206e-06, rewards:-2.6241493225097656, queue:0.8837301731109619, delay:0.11307968199253082, throughput:3982
episode:485/500, real avg travel time:229.0047714716223
Test step:485/500, travel time :233.70847727876694, rewards:-3.218716859817505, queue:0.97817462682724, delay:0.1163460835814476, throughput:3763
step:3600/3600, q_loss:-1.6868571644105638e-06, rewards:-2.8313257694244385, queue:0.9212962985038757, delay:0.11308827996253967, throughput:3888
episode:486/500, real avg travel time:228.60468106995884
step:3600/3600, q_loss:-1.6429879502134605e-06, rewards:-2.8700520992279053, queue:0.9287037253379822, delay:0.11426296085119247, throughput:3979
episode:487/500, real avg travel time:226.29429504900727
step:3600/3600, q_loss:3.59444853125347e-05, rewards:-3.660888910293579, queue:1.1502645015716553, delay:0.11911502480506897, throughput:3901
episode:488/500, real avg travel time:266.2971033068444
step:3600/3600, q_loss:-3.99727553788883e-06, rewards:-2.7420310974121094, queue:0.908730149269104, delay:0.11355824768543243, throughput:3915
episode:489/500, real avg travel time:229.84648786717753
step:3600/3600, q_loss:-7.869277881885258e-06, rewards:-2.8107850551605225, queue:0.9207671880722046, delay:0.11453357338905334, throughput:3962
episode:490/500, real avg travel time:228.69964664310953
Test step:490/500, travel time :245.79137653990358, rewards:-3.216479539871216, queue:0.9896825551986694, delay:0.1174122616648674, throughput:3734
step:3600/3600, q_loss:1.284955999128417e-05, rewards:-3.426868438720703, queue:1.0943121910095215, delay:0.11745026707649231, throughput:3896
episode:491/500, real avg travel time:255.46971252566735
step:3600/3600, q_loss:1.1942784719091529e-05, rewards:-3.246025323867798, queue:1.0435185432434082, delay:0.11773084104061127, throughput:3882
episode:492/500, real avg travel time:246.22746007212777
step:3600/3600, q_loss:0.00010279829669646763, rewards:-3.9842820167541504, queue:1.2124338150024414, delay:0.12078233808279037, throughput:3875
episode:493/500, real avg travel time:237.8505806451613
step:3600/3600, q_loss:1.7826860130298882e-07, rewards:-2.8043649196624756, queue:0.9432539939880371, delay:0.11675789952278137, throughput:3935
episode:494/500, real avg travel time:235.7946632782719
step:3600/3600, q_loss:5.099713841142754e-07, rewards:-2.751490354537964, queue:0.8933862447738647, delay:0.11210303008556366, throughput:3922
episode:495/500, real avg travel time:243.35823559408465
Test step:495/500, travel time :234.54972826086956, rewards:-4.252676963806152, queue:1.266534447669983, delay:0.12108632177114487, throughput:3680
step:3600/3600, q_loss:6.383034977059449e-05, rewards:-3.6406474113464355, queue:1.1414021253585815, delay:0.11752915382385254, throughput:3936
episode:496/500, real avg travel time:253.5901930894309
step:3600/3600, q_loss:7.054411350206161e-05, rewards:-4.289697647094727, queue:1.3149471282958984, delay:0.12393384426832199, throughput:3897
episode:497/500, real avg travel time:271.3364126250962
step:3600/3600, q_loss:6.892324179514415e-06, rewards:-3.1159064769744873, queue:1.0023809671401978, delay:0.11809970438480377, throughput:3995
episode:498/500, real avg travel time:237.82227784730912
step:3600/3600, q_loss:4.1814633732428774e-05, rewards:-3.3113491535186768, queue:1.07791006565094, delay:0.11733140051364899, throughput:4029
episode:499/500, real avg travel time:235.94961528915363
Hyperparameters saved to: data/output_data/tsc/sumo_hyperlight_mappo/sumo1x21/c8learned500_sumo1x21_seed0/hyperparameters.json
Loaded best checkpoint for final evaluation
Final Travel Time is 202.5702, mean rewards: -2.3011, queue: 0.9448, delay: 0.1248, throughput: 3832
Total time taken: 22388.5851418972
