step:3600/3600, q_loss:0.0011749796776307953, rewards:-18.087709426879883, queue:5.509127140045166, delay:0.24726836383342743, throughput:3727
episode:0/500, real avg travel time:403.4005902870942
Test step:0/500, travel time :722.0509218612818, rewards:-44.37610626220703, queue:12.611639976501465, delay:0.45610305666923523, throughput:1139
New best TEST travel time 722.0509 at episode 0, saved as best checkpoint
step:3600/3600, q_loss:0.0005639738041079707, rewards:-13.93202018737793, queue:4.1998677253723145, delay:0.23324544727802277, throughput:3839
episode:1/500, real avg travel time:358.22636103151865
step:3600/3600, q_loss:0.00037090529351391726, rewards:-12.306998252868652, queue:3.7466931343078613, delay:0.22390101850032806, throughput:3937
episode:2/500, real avg travel time:339.76530353060707
step:3600/3600, q_loss:0.00013446211928061933, rewards:-9.037239074707031, queue:2.9445767402648926, delay:0.20241741836071014, throughput:3967
episode:3/500, real avg travel time:284.672548525334
step:3600/3600, q_loss:0.0001242487709128505, rewards:-8.655911445617676, queue:2.841799020767212, delay:0.19619974493980408, throughput:3996
episode:4/500, real avg travel time:276.05355355355357
step:3600/3600, q_loss:7.892395418214922e-05, rewards:-8.203827857971191, queue:2.6865079402923584, delay:0.19368863105773926, throughput:4013
episode:5/500, real avg travel time:264.25093446299525
Test step:5/500, travel time :397.8114169215087, rewards:-16.538454055786133, queue:5.253836154937744, delay:0.24087415635585785, throughput:2943
New best TEST travel time 397.8114 at episode 5, saved as best checkpoint
step:3600/3600, q_loss:2.6027603760465153e-05, rewards:-7.058494567871094, queue:2.3256614208221436, delay:0.18482665717601776, throughput:4031
episode:6/500, real avg travel time:261.74299181344577
step:3600/3600, q_loss:5.296942577438636e-06, rewards:-6.143906116485596, queue:2.0847883224487305, delay:0.17252084612846375, throughput:4004
episode:7/500, real avg travel time:259.55194805194805
step:3600/3600, q_loss:2.281520040317749e-05, rewards:-6.2143235206604, queue:2.062169313430786, delay:0.17390747368335724, throughput:4037
episode:8/500, real avg travel time:258.6601436710429
step:3600/3600, q_loss:4.054463222726352e-05, rewards:-7.37030553817749, queue:2.334259271621704, delay:0.18008822202682495, throughput:4027
episode:9/500, real avg travel time:280.6910851750683
step:3600/3600, q_loss:7.852620425789307e-06, rewards:-6.02037239074707, queue:1.9427248239517212, delay:0.17575709521770477, throughput:4037
episode:10/500, real avg travel time:257.029725043349
Test step:10/500, travel time :427.64990689013035, rewards:-21.730623245239258, queue:6.181613922119141, delay:0.25420302152633667, throughput:2148
step:3600/3600, q_loss:-9.509023867495772e-06, rewards:-5.738090515136719, queue:1.8945766687393188, delay:0.16910463571548462, throughput:4043
episode:11/500, real avg travel time:258.9178827603265
step:3600/3600, q_loss:-1.6928473390483607e-05, rewards:-5.274848937988281, queue:1.766798973083496, delay:0.1626187413930893, throughput:4029
episode:12/500, real avg travel time:248.34599156118142
step:3600/3600, q_loss:2.4259277981602482e-06, rewards:-5.456202030181885, queue:1.8128306865692139, delay:0.16042333841323853, throughput:4032
episode:13/500, real avg travel time:246.55406746031747
step:3600/3600, q_loss:-1.7029372651854323e-05, rewards:-4.660830020904541, queue:1.5583332777023315, delay:0.15566830337047577, throughput:4022
episode:14/500, real avg travel time:242.3254599701641
step:3600/3600, q_loss:8.219158593823927e-07, rewards:-5.239579200744629, queue:1.733465552330017, delay:0.1652507334947586, throughput:4046
episode:15/500, real avg travel time:254.65595650024716
Test step:15/500, travel time :410.6449934980494, rewards:-23.022199630737305, queue:6.610714435577393, delay:0.2503754198551178, throughput:2307
step:3600/3600, q_loss:-2.202763102508874e-06, rewards:-4.976422309875488, queue:1.6611111164093018, delay:0.15399841964244843, throughput:3959
episode:16/500, real avg travel time:239.07400858802728
step:3600/3600, q_loss:8.315078351491441e-07, rewards:-4.7683491706848145, queue:1.5633597373962402, delay:0.15511880815029144, throughput:3954
episode:17/500, real avg travel time:240.90541224076884
step:3600/3600, q_loss:-1.1935676957364194e-05, rewards:-4.244702339172363, queue:1.4207671880722046, delay:0.14742116630077362, throughput:3951
episode:18/500, real avg travel time:229.32472791698305
step:3600/3600, q_loss:6.0958592722373497e-05, rewards:-4.8744425773620605, queue:1.5277777910232544, delay:0.14863969385623932, throughput:3937
episode:19/500, real avg travel time:239.25450850901703
step:3600/3600, q_loss:-7.099256132884572e-06, rewards:-3.913278818130493, queue:1.352116346359253, delay:0.14302074909210205, throughput:3953
episode:20/500, real avg travel time:221.55122691626613
Test step:20/500, travel time :247.63506311360447, rewards:-8.351910591125488, queue:3.0833332538604736, delay:0.16287469863891602, throughput:3565
New best TEST travel time 247.6351 at episode 20, saved as best checkpoint
step:3600/3600, q_loss:-1.156239021737646e-05, rewards:-3.958793878555298, queue:1.3603174686431885, delay:0.14203649759292603, throughput:3913
episode:21/500, real avg travel time:227.69614106823408
step:3600/3600, q_loss:-1.2866514953202569e-05, rewards:-3.7079482078552246, queue:1.2945767641067505, delay:0.1377667635679245, throughput:3918
episode:22/500, real avg travel time:218.50459418070443
step:3600/3600, q_loss:-1.5570173046499905e-05, rewards:-3.4156062602996826, queue:1.24828040599823, delay:0.1379047930240631, throughput:3955
episode:23/500, real avg travel time:214.14386852085968
step:3600/3600, q_loss:-9.140866232984182e-06, rewards:-3.8002004623413086, queue:1.3388888835906982, delay:0.1392032951116562, throughput:4063
episode:24/500, real avg travel time:215.1919763721388
step:3600/3600, q_loss:-2.644928948332866e-06, rewards:-3.675767660140991, queue:1.2955026626586914, delay:0.13999614119529724, throughput:4055
episode:25/500, real avg travel time:218.6589395807645
Test step:25/500, travel time :265.26792772444946, rewards:-5.7026286125183105, queue:2.060581922531128, delay:0.14528793096542358, throughput:3542
step:3600/3600, q_loss:-9.923853859719303e-06, rewards:-3.2389888763427734, queue:1.222354531288147, delay:0.13496191799640656, throughput:4068
episode:26/500, real avg travel time:209.6086529006883
step:3600/3600, q_loss:-7.870612979685474e-06, rewards:-3.1829047203063965, queue:1.1702381372451782, delay:0.13517798483371735, throughput:4067
episode:27/500, real avg travel time:209.2136710105729
step:3600/3600, q_loss:-1.0053303008640392e-06, rewards:-3.268174886703491, queue:1.2276455163955688, delay:0.13478544354438782, throughput:4054
episode:28/500, real avg travel time:217.17858904785396
step:3600/3600, q_loss:-6.775751575737053e-06, rewards:-3.2766051292419434, queue:1.1994708776474, delay:0.13116200268268585, throughput:4066
episode:29/500, real avg travel time:210.4149040826365
step:3600/3600, q_loss:-6.983674959176117e-06, rewards:-3.054926872253418, queue:1.141534447669983, delay:0.13214543461799622, throughput:4068
episode:30/500, real avg travel time:220.41175024582105
Test step:30/500, travel time :336.5429054054054, rewards:-10.552460670471191, queue:3.0347883701324463, delay:0.18834765255451202, throughput:2960
step:3600/3600, q_loss:-9.538118724271448e-06, rewards:-3.5203046798706055, queue:1.25, delay:0.13675224781036377, throughput:4058
episode:31/500, real avg travel time:224.72055199605717
step:3600/3600, q_loss:7.7514643554524e-05, rewards:-4.161965847015381, queue:1.413888931274414, delay:0.13727229833602905, throughput:4050
episode:32/500, real avg travel time:239.35901234567902
step:3600/3600, q_loss:-9.07778853110762e-06, rewards:-3.3405826091766357, queue:1.2392857074737549, delay:0.13542187213897705, throughput:4068
episode:33/500, real avg travel time:223.147738446411
step:3600/3600, q_loss:-4.010154872149643e-06, rewards:-3.221649169921875, queue:1.2149471044540405, delay:0.13363128900527954, throughput:4073
episode:34/500, real avg travel time:220.34495457893445
step:3600/3600, q_loss:6.609056832126548e-05, rewards:-4.2777838706970215, queue:1.3683862686157227, delay:0.14009292423725128, throughput:3986
episode:35/500, real avg travel time:242.8519819367787
Test step:35/500, travel time :304.5138036809816, rewards:-8.037249565124512, queue:2.7318782806396484, delay:0.16536585986614227, throughput:3260
step:3600/3600, q_loss:3.2129882634358686e-06, rewards:-3.351778745651245, queue:1.2359788417816162, delay:0.1334490329027176, throughput:3983
episode:36/500, real avg travel time:232.375345217173
step:3600/3600, q_loss:-1.2427903129719197e-06, rewards:-2.990846872329712, queue:1.1185184717178345, delay:0.12935401499271393, throughput:3990
episode:37/500, real avg travel time:211.24135338345866
step:3600/3600, q_loss:2.2375269812376547e-06, rewards:-3.280601978302002, queue:1.1788359880447388, delay:0.1308821439743042, throughput:3984
episode:38/500, real avg travel time:213.45557228915663
step:3600/3600, q_loss:-5.060492872467471e-06, rewards:-2.828319549560547, queue:1.0763227939605713, delay:0.12817123532295227, throughput:3999
episode:39/500, real avg travel time:209.55413853463367
step:3600/3600, q_loss:6.54271618663592e-05, rewards:-3.9325618743896484, queue:1.3337301015853882, delay:0.13452863693237305, throughput:3914
episode:40/500, real avg travel time:219.7769545222279
Test step:40/500, travel time :203.31272822117893, rewards:-2.6830670833587646, queue:1.0420634746551514, delay:0.12604540586471558, throughput:3834
New best TEST travel time 203.3127 at episode 40, saved as best checkpoint
step:3600/3600, q_loss:-3.38500997006324e-06, rewards:-2.9285647869110107, queue:1.090343952178955, delay:0.12687183916568756, throughput:3914
episode:41/500, real avg travel time:211.6188042922841
step:3600/3600, q_loss:7.638915461332848e-05, rewards:-3.939974546432495, queue:1.314021110534668, delay:0.13509494066238403, throughput:3897
episode:42/500, real avg travel time:226.6315114190403
step:3600/3600, q_loss:4.674603648406143e-06, rewards:-2.8637397289276123, queue:1.0772486925125122, delay:0.12813422083854675, throughput:3980
episode:43/500, real avg travel time:209.9638190954774
step:3600/3600, q_loss:-7.990627758166131e-06, rewards:-2.74809193611145, queue:1.0589946508407593, delay:0.12579621374607086, throughput:3958
episode:44/500, real avg travel time:219.01237998989387
step:3600/3600, q_loss:-1.6438266255944553e-06, rewards:-2.783308506011963, queue:1.0574073791503906, delay:0.1272900104522705, throughput:3959
episode:45/500, real avg travel time:217.55392775953524
Test step:45/500, travel time :265.67250341997266, rewards:-4.347993850708008, queue:1.443253993988037, delay:0.13892216980457306, throughput:3655
step:3600/3600, q_loss:1.9667248933627788e-07, rewards:-2.8990697860717773, queue:1.0961639881134033, delay:0.1279027760028839, throughput:3999
episode:46/500, real avg travel time:219.40885221305325
step:3600/3600, q_loss:-2.2658728994429112e-06, rewards:-3.1358821392059326, queue:1.1203703880310059, delay:0.1286674439907074, throughput:3952
episode:47/500, real avg travel time:228.87246963562754
step:3600/3600, q_loss:-1.7718439064790598e-06, rewards:-2.6872646808624268, queue:1.0431216955184937, delay:0.12687312066555023, throughput:4005
episode:48/500, real avg travel time:212.70536828963796
step:3600/3600, q_loss:-3.101338208782383e-06, rewards:-2.77054762840271, queue:1.0296295881271362, delay:0.12401743978261948, throughput:3946
episode:49/500, real avg travel time:230.10136847440447
step:3600/3600, q_loss:1.7968354990848133e-05, rewards:-3.5396647453308105, queue:1.2506613731384277, delay:0.13347437977790833, throughput:4054
episode:50/500, real avg travel time:241.3746916625555
Test step:50/500, travel time :310.9273318872017, rewards:-6.53307580947876, queue:1.891798973083496, delay:0.1578947752714157, throughput:3688
step:3600/3600, q_loss:0.00011600338362364306, rewards:-5.626389026641846, queue:1.668254017829895, delay:0.14702646434307098, throughput:3868
episode:51/500, real avg travel time:283.9043433298863
step:3600/3600, q_loss:4.185279532167543e-06, rewards:-2.9987077713012695, queue:1.0698412656784058, delay:0.12776587903499603, throughput:3978
episode:52/500, real avg travel time:233.18250377073906
step:3600/3600, q_loss:-1.6404442350095552e-06, rewards:-3.03893780708313, queue:1.1117725372314453, delay:0.12970156967639923, throughput:4058
episode:53/500, real avg travel time:239.02883193691474
step:3600/3600, q_loss:6.880653163534589e-05, rewards:-4.196032524108887, queue:1.3423280715942383, delay:0.13275660574436188, throughput:3978
episode:54/500, real avg travel time:250.54600301659124
step:3600/3600, q_loss:-3.6177952602479813e-06, rewards:-3.0140933990478516, queue:1.095634937286377, delay:0.1302984207868576, throughput:4009
episode:55/500, real avg travel time:230.71139935145922
Test step:55/500, travel time :274.9483870967742, rewards:-6.588902473449707, queue:1.8783068656921387, delay:0.1421053558588028, throughput:3565
step:3600/3600, q_loss:2.6948900793084046e-06, rewards:-3.046733856201172, queue:1.117195725440979, delay:0.13074789941310883, throughput:4015
episode:56/500, real avg travel time:236.19352428393523
step:3600/3600, q_loss:3.317266277412677e-06, rewards:-3.15277361869812, queue:1.1325396299362183, delay:0.13097113370895386, throughput:4008
episode:57/500, real avg travel time:230.09705588822357
step:3600/3600, q_loss:7.289841378224082e-05, rewards:-3.868009328842163, queue:1.2965608835220337, delay:0.13620486855506897, throughput:4059
episode:58/500, real avg travel time:257.14732692781473
step:3600/3600, q_loss:-2.2054807130997586e-06, rewards:-2.9084222316741943, queue:1.0652116537094116, delay:0.12831224501132965, throughput:3916
episode:59/500, real avg travel time:232.73135852911133
step:3600/3600, q_loss:0.00013667282764799892, rewards:-4.536988258361816, queue:1.4596561193466187, delay:0.13524170219898224, throughput:3919
episode:60/500, real avg travel time:261.26129114570045
Test step:60/500, travel time :303.66074950690336, rewards:-9.815890312194824, queue:2.5829365253448486, delay:0.16373476386070251, throughput:3042
step:3600/3600, q_loss:3.674859799502883e-05, rewards:-3.8626186847686768, queue:1.2469576597213745, delay:0.1344694346189499, throughput:3941
episode:61/500, real avg travel time:251.0385688911444
step:3600/3600, q_loss:4.184026693110354e-06, rewards:-3.2125139236450195, queue:1.1235449314117432, delay:0.13096538186073303, throughput:3851
episode:62/500, real avg travel time:242.69228771747598
step:3600/3600, q_loss:5.474306494256274e-06, rewards:-3.3369107246398926, queue:1.1462962627410889, delay:0.1327853500843048, throughput:3976
episode:63/500, real avg travel time:245.1124245472837
step:3600/3600, q_loss:1.6402800368571965e-05, rewards:-3.3274710178375244, queue:1.1288360357284546, delay:0.13202649354934692, throughput:3930
episode:64/500, real avg travel time:247.8763358778626
step:3600/3600, q_loss:6.19750318744789e-05, rewards:-3.9310758113861084, queue:1.292460322380066, delay:0.1289609968662262, throughput:3844
episode:65/500, real avg travel time:265.70811654526534
Test step:65/500, travel time :293.1460476050544, rewards:-7.824586391448975, queue:2.186772584915161, delay:0.1636584997177124, throughput:3403
step:3600/3600, q_loss:5.347366055098569e-05, rewards:-3.9455149173736572, queue:1.2615079879760742, delay:0.13144774734973907, throughput:3868
episode:66/500, real avg travel time:257.6432264736298
step:3600/3600, q_loss:4.924398211490673e-05, rewards:-4.146919250488281, queue:1.264285683631897, delay:0.13455624878406525, throughput:3881
episode:67/500, real avg travel time:257.27080649317185
step:3600/3600, q_loss:3.1230466346541004e-06, rewards:-3.2594292163848877, queue:1.112830638885498, delay:0.1304965317249298, throughput:3931
episode:68/500, real avg travel time:241.1447468837446
step:3600/3600, q_loss:7.760942066347019e-06, rewards:-3.285991668701172, queue:1.13015878200531, delay:0.13209640979766846, throughput:3891
episode:69/500, real avg travel time:242.65073245952198
step:3600/3600, q_loss:-1.6464834819392612e-06, rewards:-2.771054983139038, queue:1.0227513313293457, delay:0.12473613023757935, throughput:3916
episode:70/500, real avg travel time:233.7597037793667
Test step:70/500, travel time :247.0288770053476, rewards:-3.3487958908081055, queue:1.1285713911056519, delay:0.13467863202095032, throughput:3740
step:3600/3600, q_loss:-1.1509642515900648e-06, rewards:-3.1030707359313965, queue:1.1341270208358765, delay:0.12948653101921082, throughput:4045
episode:71/500, real avg travel time:240.54660074165636
step:3600/3600, q_loss:3.538636924026327e-07, rewards:-2.9964311122894287, queue:1.086904764175415, delay:0.12785767018795013, throughput:3936
episode:72/500, real avg travel time:236.30868902439025
step:3600/3600, q_loss:3.463946357240073e-05, rewards:-3.377622127532959, queue:1.1788359880447388, delay:0.13062408566474915, throughput:4013
episode:73/500, real avg travel time:249.94467979068028
step:3600/3600, q_loss:-7.625552542675804e-06, rewards:-2.7908122539520264, queue:1.0406084060668945, delay:0.12731239199638367, throughput:3974
episode:74/500, real avg travel time:240.79516859587318
step:3600/3600, q_loss:7.877348851050353e-05, rewards:-4.299497604370117, queue:1.3544973134994507, delay:0.1370285004377365, throughput:3991
episode:75/500, real avg travel time:288.5640190428464
Test step:75/500, travel time :247.69014084507043, rewards:-3.795509099960327, queue:1.2579364776611328, delay:0.13478095829486847, throughput:3621
step:3600/3600, q_loss:7.27148357934008e-05, rewards:-3.789837598800659, queue:1.2608466148376465, delay:0.1333777755498886, throughput:3971
episode:76/500, real avg travel time:251.03021908839082
step:3600/3600, q_loss:6.268748984439299e-06, rewards:-2.912957191467285, queue:1.0469577312469482, delay:0.12399683892726898, throughput:3919
episode:77/500, real avg travel time:236.32942077060474
step:3600/3600, q_loss:1.3845817011315376e-05, rewards:-3.1638543605804443, queue:1.1197090148925781, delay:0.13027045130729675, throughput:3890
episode:78/500, real avg travel time:244.30077120822622
step:3600/3600, q_loss:5.0327007759026145e-06, rewards:-2.8441171646118164, queue:1.0551587343215942, delay:0.12856382131576538, throughput:3906
episode:79/500, real avg travel time:234.6321044546851
step:3600/3600, q_loss:8.567444407769169e-05, rewards:-4.300032138824463, queue:1.3986772298812866, delay:0.13822071254253387, throughput:3886
episode:80/500, real avg travel time:273.0012866700978
Test step:80/500, travel time :237.07324749642345, rewards:-5.115267753601074, queue:1.448544979095459, delay:0.14177708327770233, throughput:3495
step:3600/3600, q_loss:3.3682864644409467e-06, rewards:-3.0373897552490234, queue:1.0965608358383179, delay:0.13149364292621613, throughput:3952
episode:81/500, real avg travel time:240.26771255060729
step:3600/3600, q_loss:3.0653162927289186e-05, rewards:-3.4722707271575928, queue:1.2017195224761963, delay:0.13249674439430237, throughput:3917
episode:82/500, real avg travel time:251.46974725555273
step:3600/3600, q_loss:4.014180255277703e-06, rewards:-3.2851154804229736, queue:1.1554232835769653, delay:0.13089697062969208, throughput:3915
episode:83/500, real avg travel time:244.5537675606641
step:3600/3600, q_loss:-1.5483177978441947e-06, rewards:-2.9773037433624268, queue:1.0605820417404175, delay:0.1252685934305191, throughput:3937
episode:84/500, real avg travel time:239.72923545847092
step:3600/3600, q_loss:-2.8681060131121842e-06, rewards:-2.897669792175293, queue:1.057539701461792, delay:0.12867854535579681, throughput:3884
episode:85/500, real avg travel time:238.85787847579815
Test step:85/500, travel time :325.1437432578209, rewards:-5.8222479820251465, queue:1.7222222089767456, delay:0.13943864405155182, throughput:3708
step:3600/3600, q_loss:-1.9169651043032192e-06, rewards:-3.099442481994629, queue:1.087830662727356, delay:0.12985506653785706, throughput:3927
episode:86/500, real avg travel time:244.9704609116374
step:3600/3600, q_loss:5.3088745658492875e-05, rewards:-4.118466377258301, queue:1.3125661611557007, delay:0.1353428065776825, throughput:3826
episode:87/500, real avg travel time:262.37767903815995
step:3600/3600, q_loss:3.1703910887396584e-06, rewards:-3.5061981678009033, queue:1.1600528955459595, delay:0.13199768960475922, throughput:3919
episode:88/500, real avg travel time:259.46006634345497
step:3600/3600, q_loss:6.649708464263111e-06, rewards:-3.2933287620544434, queue:1.112830638885498, delay:0.13066703081130981, throughput:3921
episode:89/500, real avg travel time:247.07192042846214
step:3600/3600, q_loss:7.636372417133923e-06, rewards:-2.946547031402588, queue:1.0399470329284668, delay:0.12705886363983154, throughput:3892
episode:90/500, real avg travel time:240.49254881808838
Test step:90/500, travel time :321.18113425925924, rewards:-8.869780540466309, queue:2.365476131439209, delay:0.15517427027225494, throughput:3456
step:3600/3600, q_loss:5.6973154116551286e-05, rewards:-4.128954887390137, queue:1.3126983642578125, delay:0.13427603244781494, throughput:3867
episode:91/500, real avg travel time:264.5508145849496
step:3600/3600, q_loss:0.00011055070531761481, rewards:-4.844866752624512, queue:1.420899510383606, delay:0.13419757783412933, throughput:3675
episode:92/500, real avg travel time:254.77061224489796
step:3600/3600, q_loss:1.978710481327855e-05, rewards:-4.081182956695557, queue:1.264814853668213, delay:0.13350267708301544, throughput:3838
episode:93/500, real avg travel time:253.0805106826472
step:3600/3600, q_loss:5.886067325870196e-06, rewards:-3.635629177093506, queue:1.1847883462905884, delay:0.13334041833877563, throughput:3879
episode:94/500, real avg travel time:251.32663057489043
step:3600/3600, q_loss:8.825211900532142e-05, rewards:-4.331563472747803, queue:1.3976190090179443, delay:0.13692601025104523, throughput:3875
episode:95/500, real avg travel time:297.69987096774196
Test step:95/500, travel time :256.8496056567854, rewards:-4.22292947769165, queue:1.2961640357971191, delay:0.1347571611404419, throughput:3677
step:3600/3600, q_loss:1.0387331915100933e-05, rewards:-3.2823126316070557, queue:1.100000023841858, delay:0.12840186059474945, throughput:3873
episode:96/500, real avg travel time:243.72063000258197
step:3600/3600, q_loss:1.023649423991123e-05, rewards:-3.177046775817871, queue:1.1228835582733154, delay:0.12916035950183868, throughput:3953
episode:97/500, real avg travel time:256.58411333164685
step:3600/3600, q_loss:8.94319187662202e-05, rewards:-4.373157501220703, queue:1.323544979095459, delay:0.13127835094928741, throughput:3839
episode:98/500, real avg travel time:255.73378483980204
step:3600/3600, q_loss:6.039562382890532e-05, rewards:-3.7791988849639893, queue:1.2408729791641235, delay:0.130222350358963, throughput:3854
episode:99/500, real avg travel time:258.15075246497145
step:3600/3600, q_loss:3.0285639998813473e-07, rewards:-3.1012308597564697, queue:1.0755290985107422, delay:0.12733504176139832, throughput:3892
episode:100/500, real avg travel time:248.0950668036999
Test step:100/500, travel time :245.74216027874564, rewards:-2.9928243160247803, queue:1.0664020776748657, delay:0.12606465816497803, throughput:3731
step:3600/3600, q_loss:7.56520650207272e-05, rewards:-4.161181449890137, queue:1.3198412656784058, delay:0.13116326928138733, throughput:3948
episode:101/500, real avg travel time:263.2821681864235
step:3600/3600, q_loss:8.61167653864767e-06, rewards:-2.908827066421509, queue:1.0533069372177124, delay:0.12654176354408264, throughput:3947
episode:102/500, real avg travel time:251.64783379782114
step:3600/3600, q_loss:2.6148401957470925e-06, rewards:-2.796755313873291, queue:1.0064815282821655, delay:0.12438035756349564, throughput:3917
episode:103/500, real avg travel time:240.77559356650497
step:3600/3600, q_loss:9.506215598473014e-05, rewards:-4.465579032897949, queue:1.3841270208358765, delay:0.1335735321044922, throughput:3850
episode:104/500, real avg travel time:271.8062337662338
step:3600/3600, q_loss:1.4612011323657093e-05, rewards:-2.8742401599884033, queue:1.04365074634552, delay:0.12494604289531708, throughput:3943
episode:105/500, real avg travel time:243.45904133908192
Test step:105/500, travel time :268.4452809895133, rewards:-3.6809449195861816, queue:1.218915343284607, delay:0.13025906682014465, throughput:3719
step:3600/3600, q_loss:0.0002760183609401186, rewards:-5.844199180603027, queue:1.641005277633667, delay:0.141096293926239, throughput:3756
episode:106/500, real avg travel time:272.272630457934
step:3600/3600, q_loss:6.20269202045165e-06, rewards:-2.9343981742858887, queue:1.0493385791778564, delay:0.12770085036754608, throughput:3888
episode:107/500, real avg travel time:242.63220164609052
step:3600/3600, q_loss:0.00014344538552298522, rewards:-5.589387893676758, queue:1.602910041809082, delay:0.14126089215278625, throughput:3799
episode:108/500, real avg travel time:262.7433535140826
step:3600/3600, q_loss:0.0002155227091861889, rewards:-5.6198296546936035, queue:1.5591269731521606, delay:0.1429133266210556, throughput:3756
episode:109/500, real avg travel time:246.43796592119276
step:3600/3600, q_loss:9.76911275453555e-06, rewards:-2.827260971069336, queue:1.0477513074874878, delay:0.1262262761592865, throughput:4009
episode:110/500, real avg travel time:239.59890246944374
Test step:110/500, travel time :292.99277978339353, rewards:-5.754431247711182, queue:1.8752645254135132, delay:0.15084174275398254, throughput:3601
step:3600/3600, q_loss:1.694456748535029e-05, rewards:-2.881971836090088, queue:1.0542328357696533, delay:0.12678082287311554, throughput:3908
episode:111/500, real avg travel time:235.2272262026612
step:3600/3600, q_loss:0.0001993475629003822, rewards:-5.617196083068848, queue:1.6588624715805054, delay:0.14487741887569427, throughput:3753
episode:112/500, real avg travel time:266.9280575539568
step:3600/3600, q_loss:1.1879265609119708e-05, rewards:-2.5523648262023926, queue:0.9849206209182739, delay:0.1252419352531433, throughput:4018
episode:113/500, real avg travel time:233.90592334494772
step:3600/3600, q_loss:9.870019938615668e-06, rewards:-2.6788060665130615, queue:1.0039682388305664, delay:0.12499874085187912, throughput:3935
episode:114/500, real avg travel time:230.43176620076238
step:3600/3600, q_loss:1.0324960102378908e-05, rewards:-2.955005168914795, queue:1.067989468574524, delay:0.12552236020565033, throughput:3920
episode:115/500, real avg travel time:232.08188775510203
Test step:115/500, travel time :267.7105761428185, rewards:-4.224493026733398, queue:1.3685184717178345, delay:0.13815803825855255, throughput:3697
step:3600/3600, q_loss:5.228733466032686e-06, rewards:-3.004120111465454, queue:1.0702381134033203, delay:0.12871646881103516, throughput:3875
episode:116/500, real avg travel time:247.92645161290324
step:3600/3600, q_loss:1.372914323130519e-05, rewards:-2.918717861175537, queue:1.0932539701461792, delay:0.12872298061847687, throughput:3971
episode:117/500, real avg travel time:234.8909594560564
step:3600/3600, q_loss:2.008121858428543e-06, rewards:-3.0494978427886963, queue:1.0953704118728638, delay:0.12937229871749878, throughput:3915
episode:118/500, real avg travel time:240.40970625798212
step:3600/3600, q_loss:-8.123605463576193e-07, rewards:-2.58853816986084, queue:0.9989417791366577, delay:0.1250140368938446, throughput:4008
episode:119/500, real avg travel time:215.07684630738524
step:3600/3600, q_loss:9.816863490009888e-08, rewards:-2.8024301528930664, queue:1.0275132656097412, delay:0.12435831874608994, throughput:3898
episode:120/500, real avg travel time:228.8224730631093
Test step:120/500, travel time :266.2279635258359, rewards:-4.429313659667969, queue:1.3748676776885986, delay:0.13596686720848083, throughput:3619
step:3600/3600, q_loss:1.6001337967787143e-05, rewards:-3.1982076168060303, queue:1.1321429014205933, delay:0.12859570980072021, throughput:3939
episode:121/500, real avg travel time:247.25920284336127
step:3600/3600, q_loss:6.253335078427982e-05, rewards:-3.824378490447998, queue:1.2870370149612427, delay:0.12974102795124054, throughput:3970
episode:122/500, real avg travel time:257.36599496221663
step:3600/3600, q_loss:2.186549681937322e-06, rewards:-3.3693175315856934, queue:1.133994698524475, delay:0.12956339120864868, throughput:3918
episode:123/500, real avg travel time:251.78254211332313
step:3600/3600, q_loss:7.249581378548302e-06, rewards:-3.784865617752075, queue:1.262566089630127, delay:0.13162703812122345, throughput:3899
episode:124/500, real avg travel time:262.53603488073867
step:3600/3600, q_loss:1.5557377628283577e-05, rewards:-3.229862689971924, queue:1.11984121799469, delay:0.12772808969020844, throughput:3951
episode:125/500, real avg travel time:243.33788914198936
Test step:125/500, travel time :259.2886625569552, rewards:-3.664232015609741, queue:1.2038359642028809, delay:0.1288418024778366, throughput:3731
step:3600/3600, q_loss:4.226391400960791e-06, rewards:-2.8777451515197754, queue:1.04365074634552, delay:0.12545135617256165, throughput:3914
episode:126/500, real avg travel time:231.9297393970363
step:3600/3600, q_loss:9.70251914825187e-06, rewards:-3.1732523441314697, queue:1.1183862686157227, delay:0.12989631295204163, throughput:3921
episode:127/500, real avg travel time:253.64498852333588
step:3600/3600, q_loss:-5.818001348719312e-06, rewards:-2.9631755352020264, queue:1.066534399986267, delay:0.12679685652256012, throughput:4012
episode:128/500, real avg travel time:248.1086739780658
step:3600/3600, q_loss:-1.2264126982902074e-06, rewards:-2.6794192790985107, queue:1.0029100179672241, delay:0.12472669780254364, throughput:3997
episode:129/500, real avg travel time:234.13234926194647
step:3600/3600, q_loss:5.800580369800122e-05, rewards:-4.2891716957092285, queue:1.3206349611282349, delay:0.13381752371788025, throughput:3912
episode:130/500, real avg travel time:272.40158486707566
Test step:130/500, travel time :262.5128205128205, rewards:-3.555500030517578, queue:1.2071428298950195, delay:0.12907291948795319, throughput:3705
step:3600/3600, q_loss:5.367807930775194e-05, rewards:-3.93186092376709, queue:1.2263227701187134, delay:0.13334602117538452, throughput:3912
episode:131/500, real avg travel time:274.35327198364007
step:3600/3600, q_loss:2.27694949393885e-07, rewards:-2.6905744075775146, queue:1.005555510520935, delay:0.12611764669418335, throughput:3951
episode:132/500, real avg travel time:236.58643381422425
step:3600/3600, q_loss:1.0922982457688906e-06, rewards:-2.6152470111846924, queue:0.9961640238761902, delay:0.1252024918794632, throughput:3958
episode:133/500, real avg travel time:229.56720565942396
step:3600/3600, q_loss:1.4631718335699084e-06, rewards:-2.9757328033447266, queue:1.0474867820739746, delay:0.12699037790298462, throughput:3912
episode:134/500, real avg travel time:240.31058282208588
step:3600/3600, q_loss:6.012016658334889e-06, rewards:-2.6426196098327637, queue:0.9670634865760803, delay:0.1236516460776329, throughput:3963
episode:135/500, real avg travel time:236.67373202119606
Test step:135/500, travel time :256.57238966630786, rewards:-3.091728448867798, queue:1.0628306865692139, delay:0.12840718030929565, throughput:3716
step:3600/3600, q_loss:8.157316268706281e-05, rewards:-3.8424134254455566, queue:1.2813491821289062, delay:0.13017377257347107, throughput:3882
episode:136/500, real avg travel time:281.1862442040185
step:3600/3600, q_loss:5.156945391920292e-06, rewards:-3.2183775901794434, queue:1.1367725133895874, delay:0.13160398602485657, throughput:3915
episode:137/500, real avg travel time:259.266411238825
step:3600/3600, q_loss:3.203495079004723e-06, rewards:-3.0614123344421387, queue:1.0589946508407593, delay:0.12765489518642426, throughput:3863
episode:138/500, real avg travel time:248.49521097592546
step:3600/3600, q_loss:-8.871677790820185e-07, rewards:-2.7368075847625732, queue:0.9968253970146179, delay:0.1231614351272583, throughput:3965
episode:139/500, real avg travel time:250.37326607818412
step:3600/3600, q_loss:1.1429124828686731e-05, rewards:-3.524456024169922, queue:1.163888931274414, delay:0.12808670103549957, throughput:3891
episode:140/500, real avg travel time:261.60678488820355
Test step:140/500, travel time :238.09432363739057, rewards:-4.809064865112305, queue:1.3461639881134033, delay:0.13398122787475586, throughput:3541
step:3600/3600, q_loss:-3.835390857097486e-06, rewards:-2.9720873832702637, queue:1.0482804775238037, delay:0.12603852152824402, throughput:3944
episode:141/500, real avg travel time:253.22210953346857
step:3600/3600, q_loss:2.299960235379533e-06, rewards:-2.624436140060425, queue:0.982275128364563, delay:0.12381851673126221, throughput:3931
episode:142/500, real avg travel time:240.50445179343677
step:3600/3600, q_loss:9.79533749664875e-05, rewards:-4.320715427398682, queue:1.3771164417266846, delay:0.13288970291614532, throughput:3830
episode:143/500, real avg travel time:252.31096605744125
step:3600/3600, q_loss:7.026452415933212e-06, rewards:-2.9498565196990967, queue:1.0153439044952393, delay:0.12309670448303223, throughput:3869
episode:144/500, real avg travel time:241.483329025588
step:3600/3600, q_loss:7.142497278336021e-05, rewards:-3.9365234375, queue:1.2519841194152832, delay:0.13119933009147644, throughput:3893
episode:145/500, real avg travel time:267.2817878243
Test step:145/500, travel time :246.83470635131545, rewards:-2.8378851413726807, queue:1.026455044746399, delay:0.12559781968593597, throughput:3763
step:3600/3600, q_loss:3.316500943684433e-05, rewards:-3.771106004714966, queue:1.2579364776611328, delay:0.1298736184835434, throughput:3890
episode:146/500, real avg travel time:267.8082262210797
step:3600/3600, q_loss:4.873376019531861e-06, rewards:-3.127434730529785, queue:1.0738095045089722, delay:0.12668293714523315, throughput:3959
episode:147/500, real avg travel time:252.9626168224299
step:3600/3600, q_loss:6.699190635117702e-05, rewards:-3.2523913383483887, queue:1.1416666507720947, delay:0.12429313361644745, throughput:3959
episode:148/500, real avg travel time:245.07527153321547
step:3600/3600, q_loss:8.610947083474861e-06, rewards:-3.085768699645996, queue:1.0710316896438599, delay:0.12586089968681335, throughput:3922
episode:149/500, real avg travel time:261.2649158592555
step:3600/3600, q_loss:9.555505514274249e-06, rewards:-2.697667360305786, queue:0.9931216835975647, delay:0.12433096766471863, throughput:3948
episode:150/500, real avg travel time:239.30192502532927
Test step:150/500, travel time :276.76066990815775, rewards:-4.230522155761719, queue:1.3335978984832764, delay:0.131599560379982, throughput:3702
step:3600/3600, q_loss:6.467247181313319e-05, rewards:-3.5658650398254395, queue:1.2140212059020996, delay:0.12643587589263916, throughput:3946
episode:151/500, real avg travel time:264.18094272681196
step:3600/3600, q_loss:2.7978079742752015e-06, rewards:-2.915748119354248, queue:1.0402116775512695, delay:0.12566658854484558, throughput:3953
episode:152/500, real avg travel time:241.89577536048571
step:3600/3600, q_loss:5.559398438587474e-05, rewards:-3.688005208969116, queue:1.225264549255371, delay:0.13017484545707703, throughput:3869
episode:153/500, real avg travel time:262.46652881881624
step:3600/3600, q_loss:6.752899312737605e-05, rewards:-3.368364095687866, queue:1.1626983880996704, delay:0.12624500691890717, throughput:3885
episode:154/500, real avg travel time:246.73462033462033
step:3600/3600, q_loss:7.741889542861221e-05, rewards:-3.9465911388397217, queue:1.291005253791809, delay:0.13258682191371918, throughput:3980
episode:155/500, real avg travel time:276.58065326633164
Test step:155/500, travel time :252.58691588785047, rewards:-2.973724603652954, queue:1.0109788179397583, delay:0.12229599803686142, throughput:3745
step:3600/3600, q_loss:-7.169916191034847e-06, rewards:-2.937305450439453, queue:1.0591269731521606, delay:0.1301642209291458, throughput:4018
episode:156/500, real avg travel time:245.24738675958187
step:3600/3600, q_loss:3.2381952445979955e-05, rewards:-3.4831206798553467, queue:1.1833332777023315, delay:0.13075770437717438, throughput:3884
episode:157/500, real avg travel time:263.97451081359424
step:3600/3600, q_loss:0.00015751728335291974, rewards:-4.687282085418701, queue:1.4284391403198242, delay:0.13578064739704132, throughput:3835
episode:158/500, real avg travel time:252.9992177314211
step:3600/3600, q_loss:4.0623925047435076e-05, rewards:-3.7689568996429443, queue:1.1810846328735352, delay:0.1311933398246765, throughput:3964
episode:159/500, real avg travel time:257.43869828456104
step:3600/3600, q_loss:1.9425146375498217e-05, rewards:-3.8996989727020264, queue:1.2805556058883667, delay:0.13669665157794952, throughput:4007
episode:160/500, real avg travel time:298.2815073621163
Test step:160/500, travel time :302.0537084398977, rewards:-5.655421733856201, queue:1.590343952178955, delay:0.1441373974084854, throughput:3519
step:3600/3600, q_loss:9.399937253975723e-05, rewards:-4.964605808258057, queue:1.4769841432571411, delay:0.14303654432296753, throughput:3986
episode:161/500, real avg travel time:304.83341695935775
step:3600/3600, q_loss:-9.96885897216594e-06, rewards:-3.3727872371673584, queue:1.1193121671676636, delay:0.1325225830078125, throughput:3864
episode:162/500, real avg travel time:256.50957556935816
step:3600/3600, q_loss:0.000125017298786487, rewards:-4.667471885681152, queue:1.375793695449829, delay:0.13505330681800842, throughput:4011
episode:163/500, real avg travel time:287.513338319621
step:3600/3600, q_loss:9.48810306403579e-06, rewards:-3.358351945877075, queue:1.130555510520935, delay:0.1313873678445816, throughput:3987
episode:164/500, real avg travel time:260.556057185854
step:3600/3600, q_loss:-8.84711169217351e-06, rewards:-3.1252665519714355, queue:1.0658730268478394, delay:0.1291675716638565, throughput:3943
episode:165/500, real avg travel time:252.22343393355314
Test step:165/500, travel time :307.65316315205325, rewards:-5.4813313484191895, queue:1.6153439283370972, delay:0.14081528782844543, throughput:3604
step:3600/3600, q_loss:9.365074034172317e-05, rewards:-4.193260192871094, queue:1.3425925970077515, delay:0.13360954821109772, throughput:3955
episode:166/500, real avg travel time:279.51201011378004
step:3600/3600, q_loss:-9.249296272173525e-06, rewards:-3.2818427085876465, queue:1.1052910089492798, delay:0.13014359772205353, throughput:3987
episode:167/500, real avg travel time:254.35164283922748
step:3600/3600, q_loss:-1.0622865374898537e-06, rewards:-3.2420308589935303, queue:1.0906084775924683, delay:0.130113422870636, throughput:3990
episode:168/500, real avg travel time:260.0340852130326
step:3600/3600, q_loss:5.4735297938653577e-05, rewards:-3.9287445545196533, queue:1.2420635223388672, delay:0.12871378660202026, throughput:3914
episode:169/500, real avg travel time:274.18932038834953
step:3600/3600, q_loss:8.723756149669902e-05, rewards:-4.2255988121032715, queue:1.288888931274414, delay:0.13136284053325653, throughput:3883
episode:170/500, real avg travel time:274.3517898532063
Test step:170/500, travel time :298.12966601178783, rewards:-5.49517297744751, queue:1.6268517971038818, delay:0.1425963044166565, throughput:3563
step:3600/3600, q_loss:0.00017659050224918044, rewards:-5.005856513977051, queue:1.487433910369873, delay:0.13433946669101715, throughput:3937
episode:171/500, real avg travel time:288.5740411480823
step:3600/3600, q_loss:0.00024012517347323916, rewards:-5.441372871398926, queue:1.506084680557251, delay:0.13697120547294617, throughput:3732
episode:172/500, real avg travel time:274.07770632368704
step:3600/3600, q_loss:1.3511800110184899e-05, rewards:-3.055260181427002, queue:1.0417989492416382, delay:0.12288510054349899, throughput:3937
episode:173/500, real avg travel time:254.88366776733554
step:3600/3600, q_loss:-3.6772446441722826e-06, rewards:-3.1199421882629395, queue:1.061904788017273, delay:0.12610569596290588, throughput:3967
episode:174/500, real avg travel time:245.88152256112932
step:3600/3600, q_loss:0.0002899053784656442, rewards:-5.79229211807251, queue:1.6455026865005493, delay:0.1401137411594391, throughput:4022
episode:175/500, real avg travel time:290.765788165092
Test step:175/500, travel time :263.59313464608834, rewards:-3.1744167804718018, queue:1.0312169790267944, delay:0.1248263567686081, throughput:3758
step:3600/3600, q_loss:2.3538693009565273e-07, rewards:-2.771082639694214, queue:1.0111111402511597, delay:0.1253911554813385, throughput:4029
episode:176/500, real avg travel time:241.45346239761727
step:3600/3600, q_loss:6.242347598244022e-05, rewards:-3.9372687339782715, queue:1.3007936477661133, delay:0.13224656879901886, throughput:3996
episode:177/500, real avg travel time:263.43193193193196
step:3600/3600, q_loss:7.294662290304485e-05, rewards:-3.849367380142212, queue:1.2697089910507202, delay:0.13139788806438446, throughput:4029
episode:178/500, real avg travel time:264.57582526681557
step:3600/3600, q_loss:9.916459772891054e-05, rewards:-4.170389652252197, queue:1.3366402387619019, delay:0.13240784406661987, throughput:3956
episode:179/500, real avg travel time:251.83543983822042
step:3600/3600, q_loss:-1.3220986471019892e-05, rewards:-3.0759973526000977, queue:1.0710316896438599, delay:0.12858682870864868, throughput:4041
episode:180/500, real avg travel time:239.99059638703292
Test step:180/500, travel time :263.09843971631204, rewards:-3.7770941257476807, queue:1.2287037372589111, delay:0.13214994966983795, throughput:3525
step:3600/3600, q_loss:8.393181633437052e-05, rewards:-4.175208568572998, queue:1.2911375761032104, delay:0.1314486265182495, throughput:3905
episode:181/500, real avg travel time:266.88245838668377
step:3600/3600, q_loss:3.4110860966999704e-05, rewards:-3.7717678546905518, queue:1.206745982170105, delay:0.13025176525115967, throughput:3931
episode:182/500, real avg travel time:269.1396591198168
step:3600/3600, q_loss:1.1089343590558404e-07, rewards:-3.275071859359741, queue:1.0783069133758545, delay:0.12647880613803864, throughput:3948
episode:183/500, real avg travel time:259.11828774062815
step:3600/3600, q_loss:-1.7763478859301864e-06, rewards:-3.5106377601623535, queue:1.1355819702148438, delay:0.132446750998497, throughput:3923
episode:184/500, real avg travel time:267.76650522559265
step:3600/3600, q_loss:4.215828812448308e-06, rewards:-3.6652987003326416, queue:1.173545002937317, delay:0.13081537187099457, throughput:3948
episode:185/500, real avg travel time:267.6843971631206
Test step:185/500, travel time :309.88266199649735, rewards:-5.897316932678223, queue:1.7722222805023193, delay:0.14710001647472382, throughput:3426
step:3600/3600, q_loss:-2.563439435713614e-06, rewards:-3.0858867168426514, queue:1.0452381372451782, delay:0.12801198661327362, throughput:3970
episode:186/500, real avg travel time:240.93324937027708
step:3600/3600, q_loss:6.350648537692096e-06, rewards:-3.575018882751465, queue:1.1283068656921387, delay:0.12718819081783295, throughput:3888
episode:187/500, real avg travel time:256.50951646090533
step:3600/3600, q_loss:8.550428901799023e-06, rewards:-3.3938567638397217, queue:1.1153439283370972, delay:0.12879417836666107, throughput:3979
episode:188/500, real avg travel time:255.12264388037195
step:3600/3600, q_loss:3.4603532064162816e-05, rewards:-3.8258893489837646, queue:1.218915343284607, delay:0.12791965901851654, throughput:3872
episode:189/500, real avg travel time:254.77040289256198
step:3600/3600, q_loss:4.6819123801671795e-05, rewards:-4.003481864929199, queue:1.2457672357559204, delay:0.12946906685829163, throughput:3938
episode:190/500, real avg travel time:270.61325545962416
Test step:190/500, travel time :294.1308383233533, rewards:-7.113593101501465, queue:2.0250000953674316, delay:0.14872436225414276, throughput:3340
step:3600/3600, q_loss:4.924398833989269e-07, rewards:-3.278477907180786, queue:1.1039682626724243, delay:0.1292717009782791, throughput:3909
episode:191/500, real avg travel time:254.11793297518548
step:3600/3600, q_loss:6.412286893464625e-07, rewards:-2.975598096847534, queue:1.0162698030471802, delay:0.12698562443256378, throughput:3955
episode:192/500, real avg travel time:245.90037926675095
step:3600/3600, q_loss:-5.376676239797639e-06, rewards:-3.195833444595337, queue:1.0879629850387573, delay:0.13228020071983337, throughput:4020
episode:193/500, real avg travel time:253.23308457711443
step:3600/3600, q_loss:-4.190054217663904e-07, rewards:-3.3313050270080566, queue:1.0697089433670044, delay:0.12596888840198517, throughput:3967
episode:194/500, real avg travel time:250.21754474413916
step:3600/3600, q_loss:-3.001274469877697e-06, rewards:-3.257349729537964, queue:1.0958994626998901, delay:0.1289457082748413, throughput:4024
episode:195/500, real avg travel time:251.33871769383697
Test step:195/500, travel time :278.2669398907104, rewards:-5.155862331390381, queue:1.5387566089630127, delay:0.13410846889019012, throughput:3660
step:3600/3600, q_loss:-5.072630139895612e-06, rewards:-3.1018598079681396, queue:1.061904788017273, delay:0.12892960011959076, throughput:4017
episode:196/500, real avg travel time:247.71869554393825
step:3600/3600, q_loss:7.76603849468908e-05, rewards:-4.1222310066223145, queue:1.3042328357696533, delay:0.1294558048248291, throughput:3986
episode:197/500, real avg travel time:263.80055193176116
step:3600/3600, q_loss:9.902260014011214e-05, rewards:-4.305683612823486, queue:1.3433862924575806, delay:0.1334872543811798, throughput:4046
episode:198/500, real avg travel time:265.9639149777558
step:3600/3600, q_loss:-6.419362600556472e-06, rewards:-3.1079726219177246, queue:1.0649471282958984, delay:0.1293727308511734, throughput:4031
episode:199/500, real avg travel time:242.40759116844455
step:3600/3600, q_loss:3.0304351336477944e-06, rewards:-3.3517825603485107, queue:1.141005277633667, delay:0.1320655196905136, throughput:4049
episode:200/500, real avg travel time:251.5146949864164
Test step:200/500, travel time :267.56649442480284, rewards:-4.128970623016357, queue:1.24828040599823, delay:0.12941701710224152, throughput:3677
step:3600/3600, q_loss:0.000180288313034301, rewards:-4.656400203704834, queue:1.4388889074325562, delay:0.1313457190990448, throughput:3920
episode:201/500, real avg travel time:255.38979591836735
step:3600/3600, q_loss:0.0001093256418243982, rewards:-4.718406677246094, queue:1.4657407999038696, delay:0.13741397857666016, throughput:3962
episode:202/500, real avg travel time:297.13250883392226
step:3600/3600, q_loss:-1.2482180318329484e-05, rewards:-2.9339776039123535, queue:1.0079364776611328, delay:0.1236405149102211, throughput:3983
episode:203/500, real avg travel time:238.44112478031636
step:3600/3600, q_loss:-2.618096914375201e-06, rewards:-2.979654550552368, queue:1.020370364189148, delay:0.12672166526317596, throughput:3997
episode:204/500, real avg travel time:238.25894420815612
step:3600/3600, q_loss:-4.529277794063091e-06, rewards:-3.08504056930542, queue:1.0461640357971191, delay:0.12761838734149933, throughput:3942
episode:205/500, real avg travel time:248.30289193302892
Test step:205/500, travel time :342.54254007398276, rewards:-11.474002838134766, queue:3.123015880584717, delay:0.1638585478067398, throughput:3244
step:3600/3600, q_loss:8.39861798643445e-06, rewards:-3.824589967727661, queue:1.1796296834945679, delay:0.13201050460338593, throughput:3944
episode:206/500, real avg travel time:278.9089756592292
step:3600/3600, q_loss:7.080937381639766e-05, rewards:-4.223128795623779, queue:1.2312169075012207, delay:0.13265909254550934, throughput:3892
episode:207/500, real avg travel time:271.9516957862282
step:3600/3600, q_loss:3.049167951556026e-05, rewards:-4.18027400970459, queue:1.297619104385376, delay:0.1333969682455063, throughput:3884
episode:208/500, real avg travel time:283.50128733264677
step:3600/3600, q_loss:8.726399472733546e-06, rewards:-3.6924259662628174, queue:1.1585978269577026, delay:0.12879237532615662, throughput:3914
episode:209/500, real avg travel time:268.916964741952
step:3600/3600, q_loss:4.2164818377285784e-05, rewards:-4.2420830726623535, queue:1.29708993434906, delay:0.1314539760351181, throughput:3808
episode:210/500, real avg travel time:270.2528886554622
Test step:210/500, travel time :249.56072766185125, rewards:-3.4151594638824463, queue:1.0792328119277954, delay:0.126639723777771, throughput:3738
step:3600/3600, q_loss:-1.4828555221255456e-06, rewards:-3.1920809745788574, queue:1.0753967761993408, delay:0.1255498230457306, throughput:3895
episode:211/500, real avg travel time:241.26059050064185
step:3600/3600, q_loss:7.080934180218416e-05, rewards:-4.110196113586426, queue:1.2870370149612427, delay:0.12738700211048126, throughput:3977
episode:212/500, real avg travel time:255.95675132009052
step:3600/3600, q_loss:9.782118367082957e-07, rewards:-3.2823920249938965, queue:1.079100489616394, delay:0.12574660778045654, throughput:4005
episode:213/500, real avg travel time:246.68339575530587
step:3600/3600, q_loss:2.2911735545171217e-05, rewards:-4.296722412109375, queue:1.2851852178573608, delay:0.13833166658878326, throughput:3923
episode:214/500, real avg travel time:296.55875605404026
step:3600/3600, q_loss:5.020173719256288e-06, rewards:-3.2174017429351807, queue:1.0507936477661133, delay:0.12549616396427155, throughput:3981
episode:215/500, real avg travel time:240.8608389851796
Test step:215/500, travel time :247.35668103448276, rewards:-3.375150442123413, queue:1.0858465433120728, delay:0.12609045207500458, throughput:3712
step:3600/3600, q_loss:-3.1517265597358346e-06, rewards:-2.9742207527160645, queue:1.0071429014205933, delay:0.12463616579771042, throughput:3914
episode:216/500, real avg travel time:237.93765968318854
step:3600/3600, q_loss:0.00011053461696267024, rewards:-4.508970260620117, queue:1.3297618627548218, delay:0.13206683099269867, throughput:3892
episode:217/500, real avg travel time:264.4398766700925
step:3600/3600, q_loss:7.79397772728569e-05, rewards:-4.07253360748291, queue:1.2804232835769653, delay:0.12957072257995605, throughput:3961
episode:218/500, real avg travel time:261.08331229487504
step:3600/3600, q_loss:-1.2941435367489855e-06, rewards:-2.876788377761841, queue:1.0181217193603516, delay:0.12538674473762512, throughput:4009
episode:219/500, real avg travel time:228.77949613369918
step:3600/3600, q_loss:-7.98123227367695e-06, rewards:-2.858811140060425, queue:0.9965608716011047, delay:0.12383492290973663, throughput:3965
episode:220/500, real avg travel time:234.65044136191676
Test step:220/500, travel time :291.89729899497485, rewards:-11.537652015686035, queue:3.053439140319824, delay:0.15841571986675262, throughput:3184
step:3600/3600, q_loss:7.91259776128249e-05, rewards:-4.247629165649414, queue:1.256084680557251, delay:0.1275906264781952, throughput:3800
episode:221/500, real avg travel time:274.1768421052632
step:3600/3600, q_loss:-1.7395844123610813e-06, rewards:-2.7783989906311035, queue:0.9862433671951294, delay:0.12343009561300278, throughput:3942
episode:222/500, real avg travel time:245.21740233384068
step:3600/3600, q_loss:1.7286396097107272e-05, rewards:-3.529505729675293, queue:1.1687830686569214, delay:0.13024304807186127, throughput:3925
episode:223/500, real avg travel time:261.84458598726115
step:3600/3600, q_loss:1.0579243341150383e-05, rewards:-2.878849983215332, queue:1.015211582183838, delay:0.12358296662569046, throughput:3933
episode:224/500, real avg travel time:238.41927281973048
step:3600/3600, q_loss:-1.1826147480557363e-06, rewards:-2.736459970474243, queue:0.960185170173645, delay:0.12166562676429749, throughput:3891
episode:225/500, real avg travel time:230.56592135697764
Test step:225/500, travel time :354.9196840026333, rewards:-13.566913604736328, queue:4.013360023498535, delay:0.159735769033432, throughput:3038
step:3600/3600, q_loss:6.536037593226259e-07, rewards:-3.028508424758911, queue:1.0402116775512695, delay:0.12468202412128448, throughput:4007
episode:226/500, real avg travel time:245.14674319940104
step:3600/3600, q_loss:2.5087508563754252e-05, rewards:-3.432025909423828, queue:1.1265872716903687, delay:0.12366268783807755, throughput:3966
episode:227/500, real avg travel time:252.17448310640444
step:3600/3600, q_loss:6.053873407331088e-05, rewards:-4.037486553192139, queue:1.2978836297988892, delay:0.12824836373329163, throughput:3931
episode:228/500, real avg travel time:268.085983210379
step:3600/3600, q_loss:0.00038967404786186915, rewards:-5.974011421203613, queue:1.7832010984420776, delay:0.13337333500385284, throughput:3759
episode:229/500, real avg travel time:284.4288374567704
step:3600/3600, q_loss:-5.234566439564029e-08, rewards:-2.8521296977996826, queue:0.9933862686157227, delay:0.12321678549051285, throughput:3899
episode:230/500, real avg travel time:243.3080276994101
Test step:230/500, travel time :283.6136742634797, rewards:-5.551726818084717, queue:1.4933862686157227, delay:0.13160304725170135, throughput:3598
step:3600/3600, q_loss:0.0002659090749350273, rewards:-5.675314903259277, queue:1.6341270208358765, delay:0.13370686769485474, throughput:3657
episode:231/500, real avg travel time:310.2529395679519
step:3600/3600, q_loss:0.0002387850221970843, rewards:-4.757873058319092, queue:1.3980158567428589, delay:0.12448402494192123, throughput:3634
episode:232/500, real avg travel time:260.00082553659877
step:3600/3600, q_loss:-4.8511217351511325e-06, rewards:-3.168597459793091, queue:1.019444465637207, delay:0.12457708269357681, throughput:3864
episode:233/500, real avg travel time:257.0100931677019
step:3600/3600, q_loss:7.125263517890644e-05, rewards:-4.777048110961914, queue:1.3156085014343262, delay:0.1338115930557251, throughput:3851
episode:234/500, real avg travel time:302.16489223578293
step:3600/3600, q_loss:6.94695656420663e-05, rewards:-4.415219306945801, queue:1.3384920358657837, delay:0.130709707736969, throughput:3749
episode:235/500, real avg travel time:258.59909309149106
Test step:235/500, travel time :286.49529607083565, rewards:-4.886157989501953, queue:1.4419312477111816, delay:0.14092151820659637, throughput:3614
step:3600/3600, q_loss:-6.246321451423379e-06, rewards:-3.249513864517212, queue:1.0285714864730835, delay:0.12467336654663086, throughput:3876
episode:236/500, real avg travel time:255.51676986584107
step:3600/3600, q_loss:-2.983568184491661e-06, rewards:-3.251641273498535, queue:1.0379629135131836, delay:0.12552396953105927, throughput:3873
episode:237/500, real avg travel time:257.5393751613736
step:3600/3600, q_loss:2.7358550222642304e-05, rewards:-3.8757588863372803, queue:1.1966930627822876, delay:0.1274884194135666, throughput:3851
episode:238/500, real avg travel time:267.84938976889117
step:3600/3600, q_loss:-4.006943506990663e-06, rewards:-3.2519538402557373, queue:1.0542328357696533, delay:0.1257975995540619, throughput:3935
episode:239/500, real avg travel time:256.7166454891995
step:3600/3600, q_loss:0.00021817437696477606, rewards:-5.364130973815918, queue:1.5273809432983398, delay:0.13143622875213623, throughput:3864
episode:240/500, real avg travel time:289.82556935817803
Test step:240/500, travel time :278.5241399248338, rewards:-6.153003692626953, queue:1.6052910089492798, delay:0.14777010679244995, throughput:3459
step:3600/3600, q_loss:2.4708156221701453e-05, rewards:-3.637791633605957, queue:1.159656047821045, delay:0.12415053695440292, throughput:3819
episode:241/500, real avg travel time:267.65147944488086
step:3600/3600, q_loss:8.8153201148897e-05, rewards:-3.9094576835632324, queue:1.2355819940567017, delay:0.12493899464607239, throughput:3799
episode:242/500, real avg travel time:246.74256383258754
step:3600/3600, q_loss:4.524583815105466e-05, rewards:-3.441150188446045, queue:1.157936453819275, delay:0.12543772161006927, throughput:3945
episode:243/500, real avg travel time:268.1842839036755
step:3600/3600, q_loss:-7.967694222720133e-07, rewards:-2.8720059394836426, queue:0.9863756895065308, delay:0.12226982414722443, throughput:3957
episode:244/500, real avg travel time:250.21026029820572
step:3600/3600, q_loss:1.0634325008140877e-05, rewards:-3.644376516342163, queue:1.1432539224624634, delay:0.12734206020832062, throughput:3873
episode:245/500, real avg travel time:254.2024270591273
Test step:245/500, travel time :297.0691428571429, rewards:-4.842304706573486, queue:1.5149470567703247, delay:0.13475163280963898, throughput:3500
step:3600/3600, q_loss:6.631351587000406e-06, rewards:-2.7144038677215576, queue:0.970370352268219, delay:0.12154734879732132, throughput:3917
episode:246/500, real avg travel time:242.1937707429155
step:3600/3600, q_loss:3.0360502326705802e-05, rewards:-3.2823493480682373, queue:1.0829365253448486, delay:0.12451416999101639, throughput:3886
episode:247/500, real avg travel time:268.98275862068965
step:3600/3600, q_loss:-8.664108463563025e-07, rewards:-2.5598669052124023, queue:0.9440476298332214, delay:0.120706707239151, throughput:4030
episode:248/500, real avg travel time:235.3367245657568
step:3600/3600, q_loss:3.7274326637594237e-07, rewards:-2.549328565597534, queue:0.9203703999519348, delay:0.11789792031049728, throughput:3921
episode:249/500, real avg travel time:248.1744452945677
step:3600/3600, q_loss:0.00010364616286501081, rewards:-3.982999563217163, queue:1.2231481075286865, delay:0.1237826719880104, throughput:3888
episode:250/500, real avg travel time:270.62885802469134
Test step:250/500, travel time :251.41080929711566, rewards:-4.044635772705078, queue:1.1447089910507202, delay:0.1220618486404419, throughput:3571
step:3600/3600, q_loss:-1.12481979562694e-06, rewards:-2.864309072494507, queue:0.988359808921814, delay:0.12167418748140335, throughput:3890
episode:251/500, real avg travel time:252.9388174807198
step:3600/3600, q_loss:5.744712487083032e-05, rewards:-3.8508009910583496, queue:1.213624358177185, delay:0.12853819131851196, throughput:3898
episode:252/500, real avg travel time:276.07157516675215
step:3600/3600, q_loss:5.980947591726565e-06, rewards:-3.0476179122924805, queue:1.0216931104660034, delay:0.12360838055610657, throughput:3888
episode:253/500, real avg travel time:249.80889917695472
step:3600/3600, q_loss:8.275443760794588e-05, rewards:-4.096805095672607, queue:1.232275128364563, delay:0.1272265464067459, throughput:3926
episode:254/500, real avg travel time:256.1352521650535
step:3600/3600, q_loss:2.676776704093855e-06, rewards:-2.8812997341156006, queue:1.0088623762130737, delay:0.1229599192738533, throughput:4010
episode:255/500, real avg travel time:252.61795511221945
Test step:255/500, travel time :252.94726980728052, rewards:-3.27447509765625, queue:1.0652116537094116, delay:0.1233220025897026, throughput:3736
step:3600/3600, q_loss:0.00012925787159474568, rewards:-4.890652656555176, queue:1.4243385791778564, delay:0.134220153093338, throughput:3947
episode:256/500, real avg travel time:287.58196098302506
step:3600/3600, q_loss:-4.604216964152228e-06, rewards:-2.4875190258026123, queue:0.914550244808197, delay:0.12080354243516922, throughput:3993
episode:257/500, real avg travel time:236.0190333082895
step:3600/3600, q_loss:0.00011761066869237564, rewards:-4.417744159698486, queue:1.3333333730697632, delay:0.12999920547008514, throughput:3829
episode:258/500, real avg travel time:253.03395142334813
step:3600/3600, q_loss:5.0477369061102056e-06, rewards:-2.579343557357788, queue:0.9324073791503906, delay:0.12335455417633057, throughput:3909
episode:259/500, real avg travel time:238.6615502686109
step:3600/3600, q_loss:5.206206632364127e-05, rewards:-3.8521854877471924, queue:1.1716930866241455, delay:0.13197562098503113, throughput:4011
episode:260/500, real avg travel time:273.3859386686612
Test step:260/500, travel time :238.12560909583107, rewards:-3.3488352298736572, queue:1.0469577312469482, delay:0.12164222449064255, throughput:3694
step:3600/3600, q_loss:-3.026871814250222e-06, rewards:-2.5000154972076416, queue:0.9412698149681091, delay:0.12287677079439163, throughput:4019
episode:261/500, real avg travel time:235.58646429460066
step:3600/3600, q_loss:1.529760079898147e-05, rewards:-3.195889711380005, queue:1.0916666984558105, delay:0.12645544111728668, throughput:3989
episode:262/500, real avg travel time:262.9383304086237
step:3600/3600, q_loss:0.00017796994652599096, rewards:-5.342376232147217, queue:1.5768518447875977, delay:0.1342625916004181, throughput:3920
episode:263/500, real avg travel time:300.24617346938777
step:3600/3600, q_loss:0.00010815563566413604, rewards:-4.918399333953857, queue:1.427380919456482, delay:0.14078067243099213, throughput:3975
episode:264/500, real avg travel time:305.9806289308176
step:3600/3600, q_loss:2.370727662411001e-05, rewards:-3.263317108154297, queue:1.1103174686431885, delay:0.12706421315670013, throughput:4044
episode:265/500, real avg travel time:249.654549950544
Test step:265/500, travel time :258.9880337231439, rewards:-3.3567728996276855, queue:1.1224868297576904, delay:0.12505345046520233, throughput:3677
step:3600/3600, q_loss:-5.334533569920394e-06, rewards:-2.701979160308838, queue:0.9763227701187134, delay:0.1252661794424057, throughput:4018
episode:266/500, real avg travel time:244.92210054753608
step:3600/3600, q_loss:-1.7974667167032345e-07, rewards:-2.593200445175171, queue:0.9542328119277954, delay:0.12272360175848007, throughput:4025
episode:267/500, real avg travel time:242.77788819875775
step:3600/3600, q_loss:4.291148798074573e-06, rewards:-2.8840508460998535, queue:1.0068782567977905, delay:0.12444006651639938, throughput:4022
episode:268/500, real avg travel time:246.51069119840875
step:3600/3600, q_loss:0.00012723404692628214, rewards:-4.031152248382568, queue:1.3059524297714233, delay:0.12879662215709686, throughput:3965
episode:269/500, real avg travel time:251.25548549810844
step:3600/3600, q_loss:-3.844421977798144e-06, rewards:-2.5527713298797607, queue:0.946825385093689, delay:0.12204385548830032, throughput:4025
episode:270/500, real avg travel time:234.61217391304348
Test step:270/500, travel time :242.1170504385965, rewards:-3.7910051345825195, queue:1.1935185194015503, delay:0.11980405449867249, throughput:3648
step:3600/3600, q_loss:4.9201001901464126e-05, rewards:-3.52304744720459, queue:1.1931216716766357, delay:0.12730500102043152, throughput:3989
episode:271/500, real avg travel time:266.82025570318376
step:3600/3600, q_loss:5.326952806272958e-05, rewards:-3.836637258529663, queue:1.2187830209732056, delay:0.1298973709344864, throughput:4038
episode:272/500, real avg travel time:271.3662704309064
step:3600/3600, q_loss:-3.4030714434468085e-06, rewards:-2.740997314453125, queue:0.9825396537780762, delay:0.12598884105682373, throughput:4053
episode:273/500, real avg travel time:238.25882062669626
step:3600/3600, q_loss:-1.4910519692218965e-06, rewards:-2.583516836166382, queue:0.9537037014961243, delay:0.12266778945922852, throughput:4044
episode:274/500, real avg travel time:237.23763600395648
step:3600/3600, q_loss:9.29557377175014e-05, rewards:-3.9448838233947754, queue:1.2341269254684448, delay:0.12544649839401245, throughput:4029
episode:275/500, real avg travel time:260.56589724497394
Test step:275/500, travel time :244.36249666577754, rewards:-2.9852912425994873, queue:1.0048941373825073, delay:0.12110663205385208, throughput:3749
step:3600/3600, q_loss:1.2375092612475984e-06, rewards:-2.6014676094055176, queue:0.9960317611694336, delay:0.12404188513755798, throughput:4062
episode:276/500, real avg travel time:226.73609059576563
step:3600/3600, q_loss:-5.74393375750838e-06, rewards:-2.6069891452789307, queue:0.9656084775924683, delay:0.12204441428184509, throughput:4055
episode:277/500, real avg travel time:219.9815043156597
step:3600/3600, q_loss:-4.4350175206394243e-07, rewards:-2.7311017513275146, queue:1.015211582183838, delay:0.12209632247686386, throughput:4039
episode:278/500, real avg travel time:227.09705372616983
step:3600/3600, q_loss:4.457341678466441e-05, rewards:-3.6138875484466553, queue:1.145370364189148, delay:0.12335903942584991, throughput:3987
episode:279/500, real avg travel time:257.79859543516426
step:3600/3600, q_loss:-4.499372436031182e-06, rewards:-2.6975979804992676, queue:0.9417989253997803, delay:0.1196354553103447, throughput:3961
episode:280/500, real avg travel time:240.92602878061095
Test step:280/500, travel time :306.0229445506692, rewards:-5.535501480102539, queue:1.5218254327774048, delay:0.12895187735557556, throughput:3661
step:3600/3600, q_loss:3.1202895722041526e-06, rewards:-2.8975586891174316, queue:0.9626984000205994, delay:0.11856372654438019, throughput:3936
episode:281/500, real avg travel time:263.016006097561
step:3600/3600, q_loss:-1.3596413029719972e-06, rewards:-2.810285806655884, queue:0.9608465433120728, delay:0.11916962265968323, throughput:3896
episode:282/500, real avg travel time:251.47766940451746
step:3600/3600, q_loss:4.8238514783507625e-05, rewards:-3.5438249111175537, queue:1.080820083618164, delay:0.12276408076286316, throughput:3934
episode:283/500, real avg travel time:264.32257244534827
step:3600/3600, q_loss:9.50116212253407e-05, rewards:-3.8051772117614746, queue:1.2095237970352173, delay:0.12362679094076157, throughput:3928
episode:284/500, real avg travel time:271.60234215885947
step:3600/3600, q_loss:1.5008457719684682e-05, rewards:-3.1457252502441406, queue:1.0603175163269043, delay:0.12220737338066101, throughput:3932
episode:285/500, real avg travel time:255.7967955239064
Test step:285/500, travel time :260.1138494508438, rewards:-3.108111619949341, queue:0.9825396537780762, delay:0.11875959485769272, throughput:3733
step:3600/3600, q_loss:2.6533456386661984e-05, rewards:-3.1986732482910156, queue:1.0730159282684326, delay:0.12462186813354492, throughput:3915
episode:286/500, real avg travel time:264.3685823754789
step:3600/3600, q_loss:3.7906692240438942e-06, rewards:-2.379178285598755, queue:0.8794973492622375, delay:0.11567502468824387, throughput:3866
episode:287/500, real avg travel time:230.97025349198137
step:3600/3600, q_loss:0.00013495607434176943, rewards:-5.418806076049805, queue:1.507010579109192, delay:0.1442006379365921, throughput:3957
episode:288/500, real avg travel time:332.4197624462977
step:3600/3600, q_loss:5.207956726533465e-06, rewards:-2.985952854156494, queue:1.0138888359069824, delay:0.12251655012369156, throughput:3943
episode:289/500, real avg travel time:249.54248034491505
step:3600/3600, q_loss:-7.9152155699881e-06, rewards:-2.527264356613159, queue:0.9150793552398682, delay:0.11874470114707947, throughput:3954
episode:290/500, real avg travel time:238.3877086494689
Test step:290/500, travel time :254.48074219848186, rewards:-3.9679980278015137, queue:1.223280429840088, delay:0.12355564534664154, throughput:3557
step:3600/3600, q_loss:-1.4442907235611024e-06, rewards:-2.527561902999878, queue:0.916269838809967, delay:0.11908963322639465, throughput:3936
episode:291/500, real avg travel time:247.885162601626
step:3600/3600, q_loss:0.00026746965595521034, rewards:-5.13430643081665, queue:1.4794973134994507, delay:0.13266533613204956, throughput:3651
episode:292/500, real avg travel time:259.2434949328951
step:3600/3600, q_loss:-2.419389299272249e-06, rewards:-2.5231943130493164, queue:0.9138888716697693, delay:0.12069850414991379, throughput:3973
episode:293/500, real avg travel time:246.27863075761388
step:3600/3600, q_loss:1.3805541837225772e-06, rewards:-2.7083218097686768, queue:0.9624338746070862, delay:0.12348753958940506, throughput:3958
episode:294/500, real avg travel time:252.66649823143
step:3600/3600, q_loss:-5.979213245963264e-06, rewards:-2.6351640224456787, queue:0.938359797000885, delay:0.12030518054962158, throughput:3937
episode:295/500, real avg travel time:249.28727457454914
Test step:295/500, travel time :296.8099245502031, rewards:-6.258137226104736, queue:1.5604497194290161, delay:0.13780604302883148, throughput:3446
step:3600/3600, q_loss:8.749557131927253e-05, rewards:-4.246738910675049, queue:1.3170634508132935, delay:0.1263837367296219, throughput:3826
episode:296/500, real avg travel time:267.15002613695765
step:3600/3600, q_loss:-9.709549542296574e-06, rewards:-3.188291311264038, queue:1.029365062713623, delay:0.12470304220914841, throughput:3900
episode:297/500, real avg travel time:269.9676923076923
step:3600/3600, q_loss:1.0800648952782567e-06, rewards:-2.6230580806732178, queue:0.9541005492210388, delay:0.12170903384685516, throughput:3968
episode:298/500, real avg travel time:245.98563508064515
step:3600/3600, q_loss:-1.579555868779102e-06, rewards:-2.853487730026245, queue:1.0001323223114014, delay:0.12234669923782349, throughput:3936
episode:299/500, real avg travel time:261.3854166666667
step:3600/3600, q_loss:4.4817700108978896e-05, rewards:-3.3430190086364746, queue:1.0460317134857178, delay:0.12434949725866318, throughput:3916
episode:300/500, real avg travel time:264.87282941777323
Test step:300/500, travel time :284.5965012905076, rewards:-5.477566719055176, queue:1.5816137790679932, delay:0.13194677233695984, throughput:3487
step:3600/3600, q_loss:0.0001251069796530323, rewards:-4.7130446434021, queue:1.3625661134719849, delay:0.12918783724308014, throughput:3820
episode:301/500, real avg travel time:268.73403141361257
step:3600/3600, q_loss:6.492341692339525e-05, rewards:-3.442906379699707, queue:1.1661375761032104, delay:0.12496796250343323, throughput:3978
episode:302/500, real avg travel time:284.8562091503268
step:3600/3600, q_loss:1.5934040129650383e-05, rewards:-2.943103790283203, queue:1.0140211582183838, delay:0.12059901654720306, throughput:3947
episode:303/500, real avg travel time:245.90955155814544
step:3600/3600, q_loss:-2.0905952422051795e-07, rewards:-2.5891740322113037, queue:0.9473544955253601, delay:0.12125121057033539, throughput:3979
episode:304/500, real avg travel time:244.2483035938678
step:3600/3600, q_loss:-9.29705197955223e-06, rewards:-2.2556657791137695, queue:0.869179904460907, delay:0.11696898192167282, throughput:3954
episode:305/500, real avg travel time:232.9863429438543
Test step:305/500, travel time :304.3153999430686, rewards:-5.323735237121582, queue:1.5390211343765259, delay:0.1312911957502365, throughput:3513
step:3600/3600, q_loss:0.00036752356552622386, rewards:-5.7111077308654785, queue:1.7321428060531616, delay:0.13467399775981903, throughput:3722
episode:306/500, real avg travel time:283.8344975819452
step:3600/3600, q_loss:6.967215797178343e-05, rewards:-3.4604153633117676, queue:1.1431217193603516, delay:0.12834608554840088, throughput:4030
episode:307/500, real avg travel time:258.54019851116624
step:3600/3600, q_loss:8.953505215079834e-05, rewards:-3.322932004928589, queue:1.1554232835769653, delay:0.12533651292324066, throughput:4015
episode:308/500, real avg travel time:245.186301369863
step:3600/3600, q_loss:-3.672165944913609e-06, rewards:-2.5384011268615723, queue:0.9705026745796204, delay:0.1245042160153389, throughput:4037
episode:309/500, real avg travel time:237.3041862769383
step:3600/3600, q_loss:-4.5983037933991806e-06, rewards:-2.458721160888672, queue:0.9408730268478394, delay:0.12138565629720688, throughput:4056
episode:310/500, real avg travel time:239.03574950690336
Test step:310/500, travel time :335.9754800590842, rewards:-9.146475791931152, queue:2.5588624477386475, delay:0.1410202533006668, throughput:3385
step:3600/3600, q_loss:2.1346730176850947e-05, rewards:-3.5069851875305176, queue:1.1472222805023193, delay:0.1302083283662796, throughput:3956
episode:311/500, real avg travel time:271.9630940343782
step:3600/3600, q_loss:2.6697622443963256e-05, rewards:-3.0587077140808105, queue:1.0571428537368774, delay:0.12356598675251007, throughput:4000
episode:312/500, real avg travel time:259.58525
step:3600/3600, q_loss:0.00018867023431489037, rewards:-4.830499172210693, queue:1.45462965965271, delay:0.13118812441825867, throughput:3826
episode:313/500, real avg travel time:261.7388917929953
step:3600/3600, q_loss:2.3486776464980923e-05, rewards:-2.879681348800659, queue:0.970634937286377, delay:0.11864695698022842, throughput:3945
episode:314/500, real avg travel time:246.93561470215462
step:3600/3600, q_loss:0.00037821440459487755, rewards:-5.838212013244629, queue:1.6625661849975586, delay:0.1347983032464981, throughput:3761
episode:315/500, real avg travel time:259.28077638925816
Test step:315/500, travel time :304.32063587282545, rewards:-10.273049354553223, queue:2.815211534500122, delay:0.14520370960235596, throughput:3334
step:3600/3600, q_loss:0.00023359497815060118, rewards:-4.59586238861084, queue:1.4632275104522705, delay:0.12575246393680573, throughput:3876
episode:316/500, real avg travel time:261.91486068111453
step:3600/3600, q_loss:0.0001638145599928167, rewards:-4.399876594543457, queue:1.316269874572754, delay:0.12868724763393402, throughput:3956
episode:317/500, real avg travel time:274.6306875631951
step:3600/3600, q_loss:2.777364433212723e-05, rewards:-3.0947585105895996, queue:1.0513226985931396, delay:0.12350982427597046, throughput:3995
episode:318/500, real avg travel time:257.01476846057574
step:3600/3600, q_loss:8.00265600749602e-07, rewards:-2.9728031158447266, queue:1.0326719284057617, delay:0.12419071793556213, throughput:3925
episode:319/500, real avg travel time:253.85324840764332
step:3600/3600, q_loss:8.410961753624078e-05, rewards:-4.137333869934082, queue:1.2912698984146118, delay:0.12927770614624023, throughput:3923
episode:320/500, real avg travel time:270.3367320927861
Test step:320/500, travel time :323.8703917050691, rewards:-7.556088447570801, queue:2.078439235687256, delay:0.13880708813667297, throughput:3472
step:3600/3600, q_loss:5.5829314563501004e-05, rewards:-3.33392596244812, queue:1.1134920120239258, delay:0.12520286440849304, throughput:4058
episode:321/500, real avg travel time:257.1436668309512
step:3600/3600, q_loss:1.4179766043930108e-05, rewards:-2.7611117362976074, queue:0.9879629611968994, delay:0.12310177087783813, throughput:4057
episode:322/500, real avg travel time:234.6544244515652
step:3600/3600, q_loss:5.719655043018671e-05, rewards:-4.109897136688232, queue:1.2314814329147339, delay:0.13368801772594452, throughput:4041
episode:323/500, real avg travel time:302.61791635733726
step:3600/3600, q_loss:2.337179305161246e-05, rewards:-3.1187615394592285, queue:1.0780422687530518, delay:0.12676642835140228, throughput:3996
episode:324/500, real avg travel time:248.3958958958959
step:3600/3600, q_loss:-4.157302060371472e-06, rewards:-2.7753567695617676, queue:0.9675925970077515, delay:0.12123998999595642, throughput:4011
episode:325/500, real avg travel time:256.5828970331588
Test step:325/500, travel time :292.40783216783217, rewards:-4.857609272003174, queue:1.3558200597763062, delay:0.1345924437046051, throughput:3575
step:3600/3600, q_loss:1.1416905504625497e-05, rewards:-2.9426004886627197, queue:1.0182539224624634, delay:0.1227010115981102, throughput:4015
episode:326/500, real avg travel time:253.8079701120797
step:3600/3600, q_loss:5.9353432637484126e-06, rewards:-3.0708048343658447, queue:1.007275104522705, delay:0.12287844717502594, throughput:4025
episode:327/500, real avg travel time:279.2444720496894
step:3600/3600, q_loss:0.0002929621557187703, rewards:-6.984848499298096, queue:1.8559523820877075, delay:0.1461162567138672, throughput:3901
episode:328/500, real avg travel time:300.0497308382466
step:3600/3600, q_loss:-3.3253278363392586e-06, rewards:-2.6201655864715576, queue:0.9444444179534912, delay:0.12233880162239075, throughput:3993
episode:329/500, real avg travel time:251.07137490608565
step:3600/3600, q_loss:7.990072562178184e-05, rewards:-3.8648180961608887, queue:1.2415343523025513, delay:0.12344352900981903, throughput:3985
episode:330/500, real avg travel time:269.10238393977414
Test step:330/500, travel time :304.79551569506725, rewards:-9.442999839782715, queue:2.7227513790130615, delay:0.14005433022975922, throughput:3345
step:3600/3600, q_loss:-4.064898207111077e-06, rewards:-3.126614809036255, queue:1.0362434387207031, delay:0.12266731262207031, throughput:4031
episode:331/500, real avg travel time:255.2041677003225
step:3600/3600, q_loss:0.00010383831718677862, rewards:-4.170626640319824, queue:1.3285714387893677, delay:0.12773054838180542, throughput:3979
episode:332/500, real avg travel time:261.96757979391805
step:3600/3600, q_loss:4.713197081905997e-05, rewards:-4.384697914123535, queue:1.340476155281067, delay:0.13575181365013123, throughput:3985
episode:333/500, real avg travel time:275.04416562107906
step:3600/3600, q_loss:7.054654011476992e-05, rewards:-3.84183406829834, queue:1.1900793313980103, delay:0.12793298065662384, throughput:4032
episode:334/500, real avg travel time:254.93551587301587
step:3600/3600, q_loss:-5.682802535981561e-06, rewards:-2.766979217529297, queue:0.9923280477523804, delay:0.12509435415267944, throughput:4025
episode:335/500, real avg travel time:242.28596273291924
Test step:335/500, travel time :280.01444929116684, rewards:-3.3571879863739014, queue:1.042724847793579, delay:0.12181809544563293, throughput:3668
step:3600/3600, q_loss:1.2815451838024375e-05, rewards:-3.6457059383392334, queue:1.175661325454712, delay:0.12962357699871063, throughput:4039
episode:336/500, real avg travel time:273.6335726665016
step:3600/3600, q_loss:8.42875725033486e-05, rewards:-3.72436261177063, queue:1.2306878566741943, delay:0.1278964728116989, throughput:4006
episode:337/500, real avg travel time:262.5693959061408
step:3600/3600, q_loss:6.851918798121107e-05, rewards:-3.6652557849884033, queue:1.20462965965271, delay:0.12561802566051483, throughput:3962
episode:338/500, real avg travel time:275.8828874305906
step:3600/3600, q_loss:0.0002633060677908361, rewards:-5.642016887664795, queue:1.6600528955459595, delay:0.13880759477615356, throughput:3868
episode:339/500, real avg travel time:301.5553257497415
step:3600/3600, q_loss:6.187548731557197e-07, rewards:-2.521498918533325, queue:0.9607142806053162, delay:0.12149488925933838, throughput:3974
episode:340/500, real avg travel time:241.71967790639155
Test step:340/500, travel time :263.19403779611395, rewards:-3.452064275741577, queue:1.0896825790405273, delay:0.1265547275543213, throughput:3757
step:3600/3600, q_loss:-3.2088172803115515e-06, rewards:-2.422966718673706, queue:0.9169312119483948, delay:0.12104017287492752, throughput:3982
episode:341/500, real avg travel time:237.1559517830236
step:3600/3600, q_loss:0.00014978906878645326, rewards:-3.958963394165039, queue:1.2857142686843872, delay:0.12629364430904388, throughput:3925
episode:342/500, real avg travel time:275.20866242038215
step:3600/3600, q_loss:-1.924505260022771e-06, rewards:-2.369340419769287, queue:0.9301587343215942, delay:0.12043076008558273, throughput:3962
episode:343/500, real avg travel time:228.05224634023222
step:3600/3600, q_loss:-3.41391165016426e-08, rewards:-2.472513198852539, queue:0.9141534566879272, delay:0.11884434521198273, throughput:3899
episode:344/500, real avg travel time:235.0092331367017
step:3600/3600, q_loss:8.757856760186971e-05, rewards:-3.853358268737793, queue:1.233068823814392, delay:0.12914234399795532, throughput:3966
episode:345/500, real avg travel time:264.56404437720624
Test step:345/500, travel time :271.767096951387, rewards:-3.4787468910217285, queue:1.1376984119415283, delay:0.1223088875412941, throughput:3641
step:3600/3600, q_loss:6.735836052232318e-05, rewards:-3.662823438644409, queue:1.2317460775375366, delay:0.1269550323486328, throughput:3946
episode:346/500, real avg travel time:261.8798783578307
step:3600/3600, q_loss:-6.718129427301594e-06, rewards:-2.610844850540161, queue:0.9527778029441833, delay:0.12131846696138382, throughput:3951
episode:347/500, real avg travel time:241.70007593014427
step:3600/3600, q_loss:-7.219522780764641e-06, rewards:-2.5626680850982666, queue:0.9338624477386475, delay:0.12227858603000641, throughput:3942
episode:348/500, real avg travel time:236.90969051243025
step:3600/3600, q_loss:-3.470617230050266e-06, rewards:-2.4834184646606445, queue:0.938095211982727, delay:0.12090633809566498, throughput:4033
episode:349/500, real avg travel time:232.15844284651624
step:3600/3600, q_loss:0.000193797730995963, rewards:-4.269597053527832, queue:1.3830687999725342, delay:0.12857410311698914, throughput:3894
episode:350/500, real avg travel time:305.6312275295326
Test step:350/500, travel time :284.12230014025243, rewards:-3.3699684143066406, queue:1.1181217432022095, delay:0.11990348249673843, throughput:3565
step:3600/3600, q_loss:4.7002920635148057e-07, rewards:-2.656606435775757, queue:0.9576719403266907, delay:0.12266083806753159, throughput:3945
episode:351/500, real avg travel time:245.9361216730038
step:3600/3600, q_loss:-3.885984753853538e-06, rewards:-2.361506700515747, queue:0.928174614906311, delay:0.1221240684390068, throughput:4018
episode:352/500, real avg travel time:237.71478347436536
step:3600/3600, q_loss:-6.66026551496341e-06, rewards:-2.4548017978668213, queue:0.9164021015167236, delay:0.11654956638813019, throughput:3995
episode:353/500, real avg travel time:228.90387984981226
step:3600/3600, q_loss:-5.726509940965722e-06, rewards:-2.3268206119537354, queue:0.9101851582527161, delay:0.12044337391853333, throughput:4026
episode:354/500, real avg travel time:221.12319920516643
step:3600/3600, q_loss:-1.1296019430220541e-05, rewards:-2.264723777770996, queue:0.8887566328048706, delay:0.11733916401863098, throughput:4033
episode:355/500, real avg travel time:234.0374411108356
Test step:355/500, travel time :264.36625850340135, rewards:-3.503340721130371, queue:1.1202380657196045, delay:0.11538318544626236, throughput:3675
step:3600/3600, q_loss:0.00012088460272126313, rewards:-4.020264148712158, queue:1.2994709014892578, delay:0.12491479516029358, throughput:4012
episode:356/500, real avg travel time:254.39406779661016
step:3600/3600, q_loss:-1.2537548900581897e-05, rewards:-2.349677562713623, queue:0.9269841313362122, delay:0.11880668997764587, throughput:4041
episode:357/500, real avg travel time:216.626577579807
step:3600/3600, q_loss:-8.741769488551653e-06, rewards:-2.600003957748413, queue:0.9670634865760803, delay:0.12265495955944061, throughput:3976
episode:358/500, real avg travel time:233.5832494969819
step:3600/3600, q_loss:-1.0572422292575033e-05, rewards:-2.287320375442505, queue:0.8898147940635681, delay:0.1161581352353096, throughput:3955
episode:359/500, real avg travel time:223.2670037926675
step:3600/3600, q_loss:-1.2221017540367837e-05, rewards:-2.379087448120117, queue:0.9134920835494995, delay:0.11797753721475601, throughput:3973
episode:360/500, real avg travel time:230.3035489554493
Test step:360/500, travel time :260.718999467802, rewards:-3.1627237796783447, queue:1.095634937286377, delay:0.11744995415210724, throughput:3758
step:3600/3600, q_loss:-1.1016048584780138e-05, rewards:-2.401670455932617, queue:0.9174603223800659, delay:0.11655079573392868, throughput:3985
episode:361/500, real avg travel time:224.34529485570891
step:3600/3600, q_loss:-9.037743034746705e-06, rewards:-2.240130662918091, queue:0.9003968238830566, delay:0.11820978671312332, throughput:4046
episode:362/500, real avg travel time:215.12110726643598
step:3600/3600, q_loss:-1.2218007274592916e-05, rewards:-2.1671433448791504, queue:0.85317462682724, delay:0.11324627697467804, throughput:3988
episode:363/500, real avg travel time:214.6850551654965
step:3600/3600, q_loss:-5.5688957218080756e-06, rewards:-2.31003475189209, queue:0.9185185432434082, delay:0.11955658346414566, throughput:4044
episode:364/500, real avg travel time:222.7566765578635
step:3600/3600, q_loss:-7.4252440956317714e-06, rewards:-2.35983943939209, queue:0.908730149269104, delay:0.11762481927871704, throughput:4002
episode:365/500, real avg travel time:226.7416291854073
Test step:365/500, travel time :265.44533762057875, rewards:-3.4817395210266113, queue:1.0256613492965698, delay:0.11912298202514648, throughput:3732
step:3600/3600, q_loss:8.166801708284766e-05, rewards:-3.2538347244262695, queue:1.1246031522750854, delay:0.11797051131725311, throughput:3985
episode:366/500, real avg travel time:261.500878293601
step:3600/3600, q_loss:2.180832008080971e-05, rewards:-2.9224345684051514, queue:0.9657407402992249, delay:0.11593641340732574, throughput:3926
episode:367/500, real avg travel time:242.6571574121243
step:3600/3600, q_loss:-1.125295190528656e-05, rewards:-2.388524055480957, queue:0.9275132417678833, delay:0.1155678853392601, throughput:3965
episode:368/500, real avg travel time:233.15107187894074
step:3600/3600, q_loss:9.661561925895512e-05, rewards:-3.3904459476470947, queue:1.1525132656097412, delay:0.11751243472099304, throughput:4003
episode:369/500, real avg travel time:245.11766175368473
step:3600/3600, q_loss:-5.564585687049354e-06, rewards:-2.319610595703125, queue:0.8932539820671082, delay:0.11551056802272797, throughput:4041
episode:370/500, real avg travel time:228.48131650581539
Test step:370/500, travel time :231.13431656570978, rewards:-2.361037492752075, queue:0.8720899224281311, delay:0.11221159994602203, throughput:3797
step:3600/3600, q_loss:-1.5371859262813814e-05, rewards:-2.2152950763702393, queue:0.8669312000274658, delay:0.11293589323759079, throughput:4018
episode:371/500, real avg travel time:230.31259333001492
step:3600/3600, q_loss:-6.244820623477507e-06, rewards:-2.3222858905792236, queue:0.8744708895683289, delay:0.1126234382390976, throughput:3962
episode:372/500, real avg travel time:229.9310954063604
step:3600/3600, q_loss:-5.238142896107294e-06, rewards:-2.405524492263794, queue:0.902910053730011, delay:0.116180919110775, throughput:3969
episode:373/500, real avg travel time:232.9143361048123
step:3600/3600, q_loss:-7.886986471324539e-06, rewards:-2.439467430114746, queue:0.89854496717453, delay:0.11480919271707535, throughput:3923
episode:374/500, real avg travel time:237.98801937292887
step:3600/3600, q_loss:-2.9139861807278874e-06, rewards:-2.163815975189209, queue:0.8265873193740845, delay:0.11148577183485031, throughput:3914
episode:375/500, real avg travel time:227.09555442003065
Test step:375/500, travel time :266.2890479978785, rewards:-3.77514386177063, queue:1.115079402923584, delay:0.1254359930753708, throughput:3771
step:3600/3600, q_loss:-1.2353218577724571e-05, rewards:-2.36194109916687, queue:0.8649470806121826, delay:0.11385539919137955, throughput:3937
episode:376/500, real avg travel time:228.08737617475234
step:3600/3600, q_loss:-1.232228124637105e-05, rewards:-2.34143328666687, queue:0.864814817905426, delay:0.1146053597331047, throughput:3880
episode:377/500, real avg travel time:229.84742268041236
step:3600/3600, q_loss:2.3054740611567265e-05, rewards:-2.9981658458709717, queue:0.9726190567016602, delay:0.11745509505271912, throughput:3924
episode:378/500, real avg travel time:256.3132008154944
step:3600/3600, q_loss:1.952746404438383e-06, rewards:-2.3777198791503906, queue:0.8682539463043213, delay:0.11381204426288605, throughput:3922
episode:379/500, real avg travel time:245.28760836308007
step:3600/3600, q_loss:-2.2124269485680594e-06, rewards:-2.217604160308838, queue:0.8339946866035461, delay:0.11113962531089783, throughput:3964
episode:380/500, real avg travel time:229.574419778002
Test step:380/500, travel time :260.27792915531336, rewards:-2.9569058418273926, queue:0.9873015880584717, delay:0.11010719835758209, throughput:3670
step:3600/3600, q_loss:0.00014413113789891617, rewards:-4.283609390258789, queue:1.2859787940979004, delay:0.11890842020511627, throughput:3901
episode:381/500, real avg travel time:294.12458344014357
step:3600/3600, q_loss:-8.889317622460011e-06, rewards:-2.4890007972717285, queue:0.8892857432365417, delay:0.11338493227958679, throughput:3916
episode:382/500, real avg travel time:246.05541368743616
step:3600/3600, q_loss:3.400380252666461e-05, rewards:-3.4364240169525146, queue:1.0227513313293457, delay:0.11917386949062347, throughput:3919
episode:383/500, real avg travel time:266.48941056391936
step:3600/3600, q_loss:0.00011085459732890336, rewards:-3.5048828125, queue:1.148809552192688, delay:0.1176568791270256, throughput:3887
episode:384/500, real avg travel time:261.30666323642913
step:3600/3600, q_loss:-4.64334528563389e-06, rewards:-2.2446680068969727, queue:0.8414021134376526, delay:0.11450155079364777, throughput:3941
episode:385/500, real avg travel time:228.90205531590968
Test step:385/500, travel time :248.43871829105473, rewards:-2.8133633136749268, queue:0.9103174805641174, delay:0.11114487051963806, throughput:3745
step:3600/3600, q_loss:-2.5181231548130098e-06, rewards:-2.52388334274292, queue:0.883465588092804, delay:0.11299867928028107, throughput:3901
episode:386/500, real avg travel time:237.26736734170726
step:3600/3600, q_loss:3.305346278163294e-06, rewards:-2.529179811477661, queue:0.9058201313018799, delay:0.11581939458847046, throughput:3929
episode:387/500, real avg travel time:241.26927971494018
step:3600/3600, q_loss:-8.317533300012453e-06, rewards:-2.3420894145965576, queue:0.8466930985450745, delay:0.11241483688354492, throughput:3927
episode:388/500, real avg travel time:232.14973262032086
step:3600/3600, q_loss:6.080357707105577e-07, rewards:-2.462491989135742, queue:0.9022486805915833, delay:0.11244957149028778, throughput:3930
episode:389/500, real avg travel time:233.93587786259542
step:3600/3600, q_loss:-4.715720084883893e-06, rewards:-2.333664894104004, queue:0.8615079522132874, delay:0.11295155435800552, throughput:3991
episode:390/500, real avg travel time:241.6837885241794
Test step:390/500, travel time :254.98379383634432, rewards:-3.5126328468322754, queue:1.032804250717163, delay:0.11627773940563202, throughput:3764
step:3600/3600, q_loss:-4.789676717741208e-06, rewards:-2.448275327682495, queue:0.8734126687049866, delay:0.11368820071220398, throughput:3891
episode:391/500, real avg travel time:244.7722950398355
step:3600/3600, q_loss:6.537824398643958e-05, rewards:-3.238673686981201, queue:1.0755290985107422, delay:0.11563508957624435, throughput:3983
episode:392/500, real avg travel time:246.43133316595532
step:3600/3600, q_loss:0.00012404474610876705, rewards:-3.808171272277832, queue:1.2453703880310059, delay:0.11962307244539261, throughput:3993
episode:393/500, real avg travel time:256.4863511144503
step:3600/3600, q_loss:0.00012895021516467548, rewards:-3.8530850410461426, queue:1.1988095045089722, delay:0.12170947343111038, throughput:4057
episode:394/500, real avg travel time:251.78629529208774
step:3600/3600, q_loss:-4.524797663584144e-06, rewards:-2.554689645767212, queue:0.9169312119483948, delay:0.11744555085897446, throughput:4035
episode:395/500, real avg travel time:233.6991325898389
Test step:395/500, travel time :247.83976577056163, rewards:-2.7131290435791016, queue:0.8949735164642334, delay:0.11181630939245224, throughput:3757
step:3600/3600, q_loss:3.575517944732888e-07, rewards:-2.4439737796783447, queue:0.8999999761581421, delay:0.11536549031734467, throughput:4030
episode:396/500, real avg travel time:233.7697270471464
step:3600/3600, q_loss:8.524454137336256e-07, rewards:-2.3626911640167236, queue:0.886904776096344, delay:0.1146790161728859, throughput:3958
episode:397/500, real avg travel time:230.2387569479535
step:3600/3600, q_loss:-6.356139258261666e-06, rewards:-2.3628644943237305, queue:0.863359808921814, delay:0.11323097348213196, throughput:3924
episode:398/500, real avg travel time:222.95897043832824
step:3600/3600, q_loss:7.923976938602411e-05, rewards:-3.8701086044311523, queue:1.1224868297576904, delay:0.12203747034072876, throughput:3912
episode:399/500, real avg travel time:252.96242331288343
step:3600/3600, q_loss:-2.9545092224402145e-06, rewards:-2.3039660453796387, queue:0.8652116656303406, delay:0.11414007097482681, throughput:3991
episode:400/500, real avg travel time:221.9030318215986
Test step:400/500, travel time :223.17591375230083, rewards:-2.741936445236206, queue:0.9256613850593567, delay:0.1131063848733902, throughput:3803
step:3600/3600, q_loss:4.2316194998824765e-05, rewards:-3.0905001163482666, queue:1.0832010507583618, delay:0.11811790615320206, throughput:3876
episode:401/500, real avg travel time:238.5890092879257
step:3600/3600, q_loss:-9.042732643946591e-06, rewards:-2.2550909519195557, queue:0.8481481671333313, delay:0.11365147680044174, throughput:3923
episode:402/500, real avg travel time:220.50853938312517
step:3600/3600, q_loss:-5.918321888505792e-06, rewards:-2.318398952484131, queue:0.85317462682724, delay:0.11134224385023117, throughput:3924
episode:403/500, real avg travel time:223.25713557594293
step:3600/3600, q_loss:0.000105317211677579, rewards:-3.5319018363952637, queue:1.1433862447738647, delay:0.1187206506729126, throughput:3970
episode:404/500, real avg travel time:239.7123425692695
step:3600/3600, q_loss:-1.04333366228578e-05, rewards:-2.251823663711548, queue:0.8578042387962341, delay:0.11479058861732483, throughput:3946
episode:405/500, real avg travel time:220.48023314749113
Test step:405/500, travel time :230.88086741696404, rewards:-4.61358118057251, queue:1.4244709014892578, delay:0.1141376718878746, throughput:3643
step:3600/3600, q_loss:-1.0052807152128985e-05, rewards:-2.4258031845092773, queue:0.9075396656990051, delay:0.11947822570800781, throughput:4059
episode:406/500, real avg travel time:219.2631189948263
step:3600/3600, q_loss:-1.0025948722613975e-05, rewards:-2.1781134605407715, queue:0.8585978746414185, delay:0.11446522176265717, throughput:4053
episode:407/500, real avg travel time:214.15321983715765
step:3600/3600, q_loss:-6.8544534668843775e-06, rewards:-2.3743014335632324, queue:0.8756613731384277, delay:0.11468032002449036, throughput:4047
episode:408/500, real avg travel time:223.92068198665677
step:3600/3600, q_loss:-5.3375999009909316e-06, rewards:-2.266580104827881, queue:0.8582010865211487, delay:0.11391451954841614, throughput:4021
episode:409/500, real avg travel time:215.26038298930615
step:3600/3600, q_loss:-1.6669814714178857e-06, rewards:-2.5387942790985107, queue:0.9187830686569214, delay:0.11558625102043152, throughput:4047
episode:410/500, real avg travel time:237.15369409439091
Test step:410/500, travel time :221.86656200941914, rewards:-2.36777925491333, queue:0.8379629850387573, delay:0.11078864336013794, throughput:3822
step:3600/3600, q_loss:2.6417919596294975e-06, rewards:-2.724780321121216, queue:0.9876984357833862, delay:0.11975078284740448, throughput:4002
episode:411/500, real avg travel time:233.44652673663168
step:3600/3600, q_loss:-5.391979033851789e-06, rewards:-2.174928903579712, queue:0.8482804298400879, delay:0.11379534006118774, throughput:3987
episode:412/500, real avg travel time:213.46902432906947
step:3600/3600, q_loss:9.873902729143284e-05, rewards:-3.6201462745666504, queue:1.1462962627410889, delay:0.11920710653066635, throughput:4048
episode:413/500, real avg travel time:238.15044466403162
step:3600/3600, q_loss:-2.878566616952109e-06, rewards:-2.511831045150757, queue:0.9088624119758606, delay:0.1180548295378685, throughput:4028
episode:414/500, real avg travel time:223.51713008937438
step:3600/3600, q_loss:0.00010393243638746854, rewards:-3.475817918777466, queue:1.173015832901001, delay:0.11864908039569855, throughput:3981
episode:415/500, real avg travel time:236.78598342125093
Test step:415/500, travel time :252.18079868708972, rewards:-5.619750499725342, queue:1.602910041809082, delay:0.12306167185306549, throughput:3656
step:3600/3600, q_loss:4.914935238452421e-07, rewards:-2.4978084564208984, queue:0.9466931223869324, delay:0.1162017434835434, throughput:4067
episode:416/500, real avg travel time:231.33513646422423
step:3600/3600, q_loss:-7.547933637397364e-06, rewards:-2.142247200012207, queue:0.8324074149131775, delay:0.1133437305688858, throughput:3988
episode:417/500, real avg travel time:222.33926780341022
step:3600/3600, q_loss:-5.3214084699801684e-06, rewards:-2.290630578994751, queue:0.8761904835700989, delay:0.11508576571941376, throughput:4034
episode:418/500, real avg travel time:226.6963311849281
step:3600/3600, q_loss:-7.144819796344058e-06, rewards:-2.3195912837982178, queue:0.8742063641548157, delay:0.11476746946573257, throughput:3954
episode:419/500, real avg travel time:229.43500252908447
step:3600/3600, q_loss:4.412293395337959e-05, rewards:-3.026657819747925, queue:0.9867724776268005, delay:0.11715207248926163, throughput:3936
episode:420/500, real avg travel time:241.32799796747966
Test step:420/500, travel time :279.9892096821231, rewards:-8.097631454467773, queue:2.345238208770752, delay:0.1221441999077797, throughput:3429
step:3600/3600, q_loss:-1.2695950135821477e-05, rewards:-2.492889165878296, queue:0.8862434029579163, delay:0.11393992602825165, throughput:3957
episode:421/500, real avg travel time:239.42203689663887
step:3600/3600, q_loss:-7.0439265174273814e-06, rewards:-2.4429609775543213, queue:0.9009259343147278, delay:0.11680340021848679, throughput:3942
episode:422/500, real avg travel time:232.6045154743785
step:3600/3600, q_loss:-1.0757738831064974e-05, rewards:-2.35762882232666, queue:0.8669312000274658, delay:0.11308474838733673, throughput:3989
episode:423/500, real avg travel time:233.86939082476812
step:3600/3600, q_loss:-4.661310999330857e-06, rewards:-2.602968692779541, queue:0.9337301850318909, delay:0.11549795418977737, throughput:3990
episode:424/500, real avg travel time:236.6155388471178
step:3600/3600, q_loss:8.718958755101388e-06, rewards:-3.0053348541259766, queue:1.0218254327774048, delay:0.11840468645095825, throughput:4061
episode:425/500, real avg travel time:236.62546170893867
Test step:425/500, travel time :294.36894337419733, rewards:-8.667515754699707, queue:2.460052967071533, delay:0.13194502890110016, throughput:3426
step:3600/3600, q_loss:7.472691221563664e-05, rewards:-3.5215108394622803, queue:1.1558201313018799, delay:0.11910100281238556, throughput:4042
episode:426/500, real avg travel time:249.7095497278575
step:3600/3600, q_loss:4.138327413885337e-07, rewards:-2.8141510486602783, queue:0.9585978984832764, delay:0.11802200227975845, throughput:4043
episode:427/500, real avg travel time:236.6218154835518
step:3600/3600, q_loss:1.3708065833068557e-07, rewards:-3.1115925312042236, queue:1.0091270208358765, delay:0.11934515088796616, throughput:3982
episode:428/500, real avg travel time:245.93219487694626
step:3600/3600, q_loss:-5.479439116445266e-06, rewards:-2.3841781616210938, queue:0.8443121910095215, delay:0.11022321879863739, throughput:3942
episode:429/500, real avg travel time:233.62455606291223
step:3600/3600, q_loss:-5.604324218842925e-06, rewards:-2.322397470474243, queue:0.8480158448219299, delay:0.110069639980793, throughput:3912
episode:430/500, real avg travel time:224.60582822085888
Test step:430/500, travel time :233.43277645186953, rewards:-2.6173744201660156, queue:0.8996031880378723, delay:0.11286611109972, throughput:3771
step:3600/3600, q_loss:-6.679671666158053e-06, rewards:-2.4332807064056396, queue:0.8699735403060913, delay:0.11207862198352814, throughput:3952
episode:431/500, real avg travel time:225.3512145748988
step:3600/3600, q_loss:1.0330529039492831e-05, rewards:-2.9119811058044434, queue:0.9785714149475098, delay:0.11651411652565002, throughput:3896
episode:432/500, real avg travel time:230.15913757700204
step:3600/3600, q_loss:-6.985346570015989e-06, rewards:-2.1462979316711426, queue:0.811640202999115, delay:0.11071068793535233, throughput:3932
episode:433/500, real avg travel time:223.18285859613428
step:3600/3600, q_loss:-4.942428899489136e-06, rewards:-2.155484437942505, queue:0.8185185194015503, delay:0.10995021462440491, throughput:3912
episode:434/500, real avg travel time:214.41692229038856
step:3600/3600, q_loss:-9.48482201137166e-06, rewards:-2.1809816360473633, queue:0.8247354626655579, delay:0.10958053171634674, throughput:3938
episode:435/500, real avg travel time:224.46597257491112
Test step:435/500, travel time :228.21550802139038, rewards:-2.8503706455230713, queue:0.8830687999725342, delay:0.1065400093793869, throughput:3740
step:3600/3600, q_loss:-1.4248663420504372e-06, rewards:-2.234722375869751, queue:0.8363756537437439, delay:0.1111636534333229, throughput:3902
episode:436/500, real avg travel time:221.78062532034855
step:3600/3600, q_loss:-7.397249767867228e-06, rewards:-2.1293749809265137, queue:0.8082010746002197, delay:0.10955929756164551, throughput:3917
episode:437/500, real avg travel time:225.70589737043656
step:3600/3600, q_loss:-1.0534284067236714e-05, rewards:-1.9301176071166992, queue:0.7742063403129578, delay:0.10679294168949127, throughput:3933
episode:438/500, real avg travel time:215.29316043732518
step:3600/3600, q_loss:2.785744679082806e-05, rewards:-2.861680030822754, queue:0.9408730268478394, delay:0.11358720809221268, throughput:3911
episode:439/500, real avg travel time:244.78905650728714
step:3600/3600, q_loss:0.00023154213170831401, rewards:-4.813302040100098, queue:1.4144179821014404, delay:0.11956322193145752, throughput:3797
episode:440/500, real avg travel time:274.52804845930996
Test step:440/500, travel time :246.5709161147903, rewards:-4.507087230682373, queue:1.3523809909820557, delay:0.11051513254642487, throughput:3624
step:3600/3600, q_loss:0.00010811643765514923, rewards:-3.9106903076171875, queue:1.240079402923584, delay:0.1199754923582077, throughput:3929
episode:441/500, real avg travel time:265.1068974293713
step:3600/3600, q_loss:-1.7069419199186894e-06, rewards:-2.82025408744812, queue:0.9452381134033203, delay:0.11662287265062332, throughput:4001
episode:442/500, real avg travel time:248.65183704073982
step:3600/3600, q_loss:4.213053681370285e-06, rewards:-2.581533432006836, queue:0.8952381014823914, delay:0.10969163477420807, throughput:3919
episode:443/500, real avg travel time:234.2010717019648
step:3600/3600, q_loss:1.5294730676234596e-06, rewards:-2.5233049392700195, queue:0.8875661492347717, delay:0.11339401453733444, throughput:3927
episode:444/500, real avg travel time:234.6855105678635
step:3600/3600, q_loss:1.7315515126231025e-05, rewards:-3.043355941772461, queue:0.9981481432914734, delay:0.11658069491386414, throughput:3910
episode:445/500, real avg travel time:258.8705882352941
Test step:445/500, travel time :233.68154211777133, rewards:-2.7222375869750977, queue:0.8878306746482849, delay:0.10932184010744095, throughput:3787
step:3600/3600, q_loss:-8.123870065901428e-06, rewards:-2.4631056785583496, queue:0.8711640238761902, delay:0.11180558055639267, throughput:3932
episode:446/500, real avg travel time:229.23728382502543
step:3600/3600, q_loss:1.2698803604709813e-06, rewards:-2.7834279537200928, queue:0.9099206328392029, delay:0.11297321319580078, throughput:3929
episode:447/500, real avg travel time:244.370577755154
step:3600/3600, q_loss:2.671296695350773e-07, rewards:-2.7382006645202637, queue:0.9449735283851624, delay:0.11467611789703369, throughput:3893
episode:448/500, real avg travel time:246.6583611610583
step:3600/3600, q_loss:-3.7721239399009694e-06, rewards:-2.4294514656066895, queue:0.8493386507034302, delay:0.11041191220283508, throughput:3935
episode:449/500, real avg travel time:238.2330368487929
step:3600/3600, q_loss:-1.7074957011371024e-06, rewards:-2.595304250717163, queue:0.8828042149543762, delay:0.11158788949251175, throughput:3894
episode:450/500, real avg travel time:246.0010272213662
Test step:450/500, travel time :294.61796209832465, rewards:-5.390991687774658, queue:1.605555534362793, delay:0.12414643168449402, throughput:3641
step:3600/3600, q_loss:-6.142663429879273e-06, rewards:-2.521052837371826, queue:0.8832010626792908, delay:0.11194774508476257, throughput:3882
episode:451/500, real avg travel time:242.06877897990725
step:3600/3600, q_loss:-5.077714659920376e-06, rewards:-2.572303056716919, queue:0.9027777910232544, delay:0.11357559263706207, throughput:4004
episode:452/500, real avg travel time:231.27247752247752
step:3600/3600, q_loss:-4.730269817324976e-08, rewards:-3.2816379070281982, queue:1.0158730745315552, delay:0.11806677281856537, throughput:3904
episode:453/500, real avg travel time:260.54149590163934
step:3600/3600, q_loss:-4.166497941090105e-06, rewards:-2.380704402923584, queue:0.8448412418365479, delay:0.10915514081716537, throughput:3994
episode:454/500, real avg travel time:230.99599399098648
step:3600/3600, q_loss:7.398513035796997e-07, rewards:-2.6312832832336426, queue:0.8916666507720947, delay:0.11350462585687637, throughput:3936
episode:455/500, real avg travel time:240.8513719512195
Test step:455/500, travel time :263.0192307692308, rewards:-3.085088014602661, queue:0.9342592358589172, delay:0.1075155958533287, throughput:3692
step:3600/3600, q_loss:4.966067273118016e-06, rewards:-2.6945297718048096, queue:0.9124338626861572, delay:0.11006004363298416, throughput:3942
episode:456/500, real avg travel time:243.8404363267377
step:3600/3600, q_loss:3.0998023349740025e-06, rewards:-2.591728448867798, queue:0.8641534447669983, delay:0.11065899580717087, throughput:3882
episode:457/500, real avg travel time:245.02627511591962
step:3600/3600, q_loss:-2.106206941082039e-06, rewards:-2.506200075149536, queue:0.8444444537162781, delay:0.1100032851099968, throughput:3883
episode:458/500, real avg travel time:249.09837754313676
step:3600/3600, q_loss:2.505080192349851e-06, rewards:-2.8977863788604736, queue:0.9382275342941284, delay:0.11462511867284775, throughput:3909
episode:459/500, real avg travel time:250.52494244052187
step:3600/3600, q_loss:-1.2774524333912672e-05, rewards:-2.490432024002075, queue:0.8541005253791809, delay:0.11332390457391739, throughput:3912
episode:460/500, real avg travel time:240.80265848670757
Test step:460/500, travel time :284.17027777777776, rewards:-4.454315662384033, queue:1.279894232749939, delay:0.1226547509431839, throughput:3600
step:3600/3600, q_loss:-1.5681404976122495e-06, rewards:-2.520693778991699, queue:0.8805555701255798, delay:0.1148734763264656, throughput:3957
episode:461/500, real avg travel time:248.22870861763963
step:3600/3600, q_loss:-5.898962060907959e-06, rewards:-2.431006908416748, queue:0.8705026507377625, delay:0.11572541296482086, throughput:4002
episode:462/500, real avg travel time:242.65817091454272
step:3600/3600, q_loss:-1.1360097495425078e-05, rewards:-2.701012134552002, queue:0.926455020904541, delay:0.119359590113163, throughput:3965
episode:463/500, real avg travel time:255.87288776796973
step:3600/3600, q_loss:-8.972063369583338e-06, rewards:-2.5773963928222656, queue:0.886904776096344, delay:0.11510445177555084, throughput:3956
episode:464/500, real avg travel time:247.7613751263903
step:3600/3600, q_loss:-1.2204729217854846e-05, rewards:-2.6138830184936523, queue:0.9064815044403076, delay:0.11383382230997086, throughput:3955
episode:465/500, real avg travel time:254.77597977243994
Test step:465/500, travel time :276.5704761904762, rewards:-7.869017124176025, queue:1.9858465194702148, delay:0.14200355112552643, throughput:3150
step:3600/3600, q_loss:-5.617741286793413e-06, rewards:-2.3936054706573486, queue:0.8448412418365479, delay:0.11224546283483505, throughput:3929
episode:466/500, real avg travel time:242.87859506235682
step:3600/3600, q_loss:6.622384551317535e-05, rewards:-3.584027051925659, queue:1.1093915700912476, delay:0.1187254786491394, throughput:3987
episode:467/500, real avg travel time:253.07975921745674
step:3600/3600, q_loss:-6.715028252478482e-06, rewards:-2.499675750732422, queue:0.8736772537231445, delay:0.11219051480293274, throughput:3983
episode:468/500, real avg travel time:241.83429575696712
step:3600/3600, q_loss:-1.3212288750865911e-05, rewards:-2.4355998039245605, queue:0.8723545074462891, delay:0.113008514046669, throughput:3995
episode:469/500, real avg travel time:238.48335419274093
step:3600/3600, q_loss:-9.00135576860824e-06, rewards:-2.631535768508911, queue:0.9017195701599121, delay:0.11511984467506409, throughput:3937
episode:470/500, real avg travel time:240.66192532385065
Test step:470/500, travel time :286.1679061784897, rewards:-6.030879020690918, queue:1.4515873193740845, delay:0.12599025666713715, throughput:3496
step:3600/3600, q_loss:-2.0540074830124568e-06, rewards:-2.811371088027954, queue:0.9177248477935791, delay:0.1143968477845192, throughput:3958
episode:471/500, real avg travel time:253.04017180394138
step:3600/3600, q_loss:-5.533553889512809e-06, rewards:-2.6683926582336426, queue:0.8981481194496155, delay:0.11316428333520889, throughput:3948
episode:472/500, real avg travel time:246.73682877406281
step:3600/3600, q_loss:-1.4368871537347634e-06, rewards:-2.960606098175049, queue:0.9522486925125122, delay:0.11151135712862015, throughput:3879
episode:473/500, real avg travel time:255.62516112400104
step:3600/3600, q_loss:8.375939384374457e-05, rewards:-4.207627773284912, queue:1.2855820655822754, delay:0.11968787759542465, throughput:3709
episode:474/500, real avg travel time:286.16500404421674
step:3600/3600, q_loss:4.775093030831259e-06, rewards:-2.666734218597412, queue:0.8847883343696594, delay:0.112727090716362, throughput:3944
episode:475/500, real avg travel time:253.23605476673427
Test step:475/500, travel time :334.9931675321126, rewards:-6.453505992889404, queue:1.6662698984146118, delay:0.1270061731338501, throughput:3659
step:3600/3600, q_loss:-7.668714412526848e-06, rewards:-2.786841869354248, queue:0.9132274985313416, delay:0.11340133100748062, throughput:3944
episode:476/500, real avg travel time:261.4690669371197
step:3600/3600, q_loss:-7.75079214589722e-06, rewards:-2.5205349922180176, queue:0.8518518805503845, delay:0.10889202356338501, throughput:3907
episode:477/500, real avg travel time:249.74200153570516
step:3600/3600, q_loss:2.4763126728228395e-05, rewards:-3.519202947616577, queue:1.1193121671676636, delay:0.11873193085193634, throughput:3821
episode:478/500, real avg travel time:258.6084794556399
step:3600/3600, q_loss:-2.020558571934493e-06, rewards:-2.5112829208374023, queue:0.8478835821151733, delay:0.1103946790099144, throughput:3934
episode:479/500, real avg travel time:250.1997966446365
step:3600/3600, q_loss:1.7821222718339415e-05, rewards:-3.397447347640991, queue:1.0304232835769653, delay:0.1205371543765068, throughput:3864
episode:480/500, real avg travel time:269.46894409937886
Test step:480/500, travel time :275.76616379310343, rewards:-3.098505973815918, queue:0.9230158925056458, delay:0.11196376383304596, throughput:3712
step:3600/3600, q_loss:-9.54396301595908e-06, rewards:-2.721673011779785, queue:0.8996031880378723, delay:0.11529635637998581, throughput:3892
episode:481/500, real avg travel time:250.49383350462486
step:3600/3600, q_loss:-5.724871799530875e-07, rewards:-2.4444773197174072, queue:0.8541005253791809, delay:0.11070830374956131, throughput:3922
episode:482/500, real avg travel time:243.661652218256
step:3600/3600, q_loss:-7.5100640565829555e-06, rewards:-2.569999933242798, queue:0.8711640238761902, delay:0.11247748881578445, throughput:3882
episode:483/500, real avg travel time:253.26043276661514
step:3600/3600, q_loss:6.467804592426142e-05, rewards:-3.649991750717163, queue:1.075264573097229, delay:0.11370481550693512, throughput:3961
episode:484/500, real avg travel time:281.67710174198436
step:3600/3600, q_loss:-1.4602367931123201e-06, rewards:-2.808720588684082, queue:0.9083333611488342, delay:0.11408457905054092, throughput:3892
episode:485/500, real avg travel time:267.3877183967112
Test step:485/500, travel time :301.84617563739374, rewards:-5.185220241546631, queue:1.410449743270874, delay:0.12440645694732666, throughput:3530
step:3600/3600, q_loss:4.181538032652396e-06, rewards:-2.9633748531341553, queue:0.9455026388168335, delay:0.11018599569797516, throughput:3915
episode:486/500, real avg travel time:252.7249042145594
step:3600/3600, q_loss:3.565811550490455e-05, rewards:-3.4022412300109863, queue:1.006084680557251, delay:0.11373485624790192, throughput:3936
episode:487/500, real avg travel time:264.4296239837398
step:3600/3600, q_loss:0.0003446084641230603, rewards:-5.920509338378906, queue:1.5296295881271362, delay:0.12247820943593979, throughput:3743
episode:488/500, real avg travel time:252.75073470478225
step:3600/3600, q_loss:6.046073289730379e-05, rewards:-3.500990152359009, queue:1.0908730030059814, delay:0.11683902889490128, throughput:3952
episode:489/500, real avg travel time:254.6012145748988
step:3600/3600, q_loss:-3.4389039582391788e-06, rewards:-2.64005708694458, queue:0.8816137313842773, delay:0.11147379875183105, throughput:3913
episode:490/500, real avg travel time:241.3692818809098
Test step:490/500, travel time :333.44571596244134, rewards:-9.252463340759277, queue:2.21150803565979, delay:0.1568145751953125, throughput:3408
step:3600/3600, q_loss:0.00011810204014182091, rewards:-4.63129186630249, queue:1.3518518209457397, delay:0.12153760343790054, throughput:3877
episode:491/500, real avg travel time:262.45447510962083
step:3600/3600, q_loss:8.877030704752542e-05, rewards:-4.055400371551514, queue:1.2432539463043213, delay:0.11915693432092667, throughput:3987
episode:492/500, real avg travel time:273.0293453724605
step:3600/3600, q_loss:-1.0505580656980682e-05, rewards:-2.71151065826416, queue:0.9161375761032104, delay:0.11560291051864624, throughput:4008
episode:493/500, real avg travel time:244.15369261477045
step:3600/3600, q_loss:2.1365234068879445e-05, rewards:-2.868823528289795, queue:0.9637566208839417, delay:0.11102853715419769, throughput:3964
episode:494/500, real avg travel time:250.15993945509587
step:3600/3600, q_loss:7.195041107479482e-05, rewards:-3.816709280014038, queue:1.1440476179122925, delay:0.11881576478481293, throughput:3926
episode:495/500, real avg travel time:269.88690779419255
Test step:495/500, travel time :279.62678843226786, rewards:-8.152337074279785, queue:2.402909994125366, delay:0.11747366935014725, throughput:3285
step:3600/3600, q_loss:5.195155002487203e-07, rewards:-2.6490471363067627, queue:0.9108465313911438, delay:0.1140749379992485, throughput:4015
episode:496/500, real avg travel time:243.373599003736
step:3600/3600, q_loss:8.830770982765696e-06, rewards:-2.69012188911438, queue:0.9284391403198242, delay:0.11279258131980896, throughput:3946
episode:497/500, real avg travel time:237.73973644196656
step:3600/3600, q_loss:-1.1448098019981342e-06, rewards:-2.441986560821533, queue:0.8730158805847168, delay:0.1133446916937828, throughput:3973
episode:498/500, real avg travel time:238.3264535615404
step:3600/3600, q_loss:-6.108493552245717e-06, rewards:-2.4382057189941406, queue:0.8509259223937988, delay:0.11138011515140533, throughput:3949
episode:499/500, real avg travel time:240.63079260572297
Hyperparameters saved to: data/output_data/tsc/sumo_hyperlight_mappo/sumo1x21/c8learned500_sumo1x21_seed1/hyperparameters.json
Loaded best checkpoint for final evaluation
Final Travel Time is 203.3127, mean rewards: -2.6831, queue: 1.0421, delay: 0.1260, throughput: 3834
Total time taken: 22251.017126321793
