group,metric,episode,mean,std,min,max,seed_count
MAPPO+Learned(id),travel_time,0,1325.0383666666667,6.041013118858593,1317.3205,1332.0701,3
MAPPO+Learned(id),travel_time,1,1319.3462000000002,9.579434021207462,1312.3127,1332.8902,3
MAPPO+Learned(id),travel_time,2,1319.2319333333332,33.29649944066527,1277.0729,1358.4759,3
MAPPO+Learned(id),travel_time,3,1315.0468666666666,5.900208610059681,1306.9703,1320.9005,3
MAPPO+Learned(id),travel_time,4,1323.5366000000001,10.599105748442424,1309.3566,1334.8346,3
MAPPO+Learned(id),travel_time,5,1293.6366666666665,14.841515806757203,1273.1062,1307.6809,3
MAPPO+Learned(id),travel_time,6,1305.9388666666666,18.078879809385977,1289.8598,1331.1937,3
MAPPO+Learned(id),travel_time,7,1301.2518666666667,4.607165486017934,1294.9607,1305.8654,3
MAPPO+Learned(id),travel_time,8,1320.8857,24.602940524389837,1288.603,1348.2666,3
MAPPO+Learned(id),travel_time,9,1305.9373333333335,11.068601731725463,1290.3414,1314.8955,3
MAPPO+Learned(id),travel_time,10,1296.3223333333333,12.440269671335779,1285.7319,1313.784,3
MAPPO+Learned(id),travel_time,11,1285.5259666666668,20.798534688343413,1257.2585,1306.7011,3
MAPPO+Learned(id),travel_time,12,1303.4924666666666,5.785152735139218,1295.4692,1308.8906,3
MAPPO+Learned(id),travel_time,13,1298.2671333333335,9.340785377519914,1285.0609,1305.1385,3
MAPPO+Learned(id),travel_time,14,1287.0596,13.57371610797869,1267.8658,1296.9157,3
MAPPO+Learned(id),travel_time,15,1276.5534666666665,15.399448791939138,1265.4178,1298.3297,3
MAPPO+Learned(id),travel_time,16,1295.9003666666667,3.1117793627155392,1293.2004,1300.2599,3
MAPPO+Learned(id),travel_time,17,1275.3020666666669,6.815213658833831,1265.9706,1282.0567,3
MAPPO+Learned(id),travel_time,18,1255.5486,37.25777967861204,1203.9309,1290.5184,3
MAPPO+Learned(id),travel_time,19,1260.1797666666669,41.52134870130736,1228.2284,1318.8212,3
MAPPO+Learned(id),travel_time,20,1278.5743666666667,48.28395937378052,1237.6873,1346.3803,3
MAPPO+Learned(id),travel_time,21,1273.4694333333334,55.85532604997388,1224.1438,1351.5641,3
MAPPO+Learned(id),travel_time,22,1242.7908333333335,41.495703820141316,1187.6785,1287.8059,3
MAPPO+Learned(id),travel_time,23,1250.9431,46.05575528820106,1201.5386,1312.4026,3
MAPPO+Learned(id),travel_time,24,1275.2437333333335,35.773925332876566,1236.7939,1322.9444,3
MAPPO+Learned(id),travel_time,25,1246.9124,27.1805444600851,1215.006,1281.4306,3
MAPPO+Learned(id),travel_time,26,1236.2559,43.42936754371023,1191.818,1295.1916,3
MAPPO+Learned(id),travel_time,27,1204.8760666666667,40.054391263991135,1162.8754,1258.7928,3
MAPPO+Learned(id),travel_time,28,1225.6967666666667,37.521319084162734,1198.3651,1278.7518,3
MAPPO+Learned(id),travel_time,29,1216.3540333333333,56.73582122470974,1174.664,1296.5698,3
MAPPO+Learned(id),travel_time,30,1220.2627666666667,46.159092231277235,1182.9873,1285.3106,3
MAPPO+Learned(id),travel_time,31,1232.4739333333334,44.56149142030844,1192.8283,1294.7203,3
MAPPO+Learned(id),travel_time,32,1215.2000666666668,74.0993334969725,1135.7128,1314.0825,3
MAPPO+Learned(id),travel_time,33,1235.1828333333333,58.58353183471349,1181.137,1316.5871,3
MAPPO+Learned(id),travel_time,34,1206.6195666666665,46.12144544065758,1171.5382,1271.7812,3
MAPPO+Learned(id),travel_time,35,1215.307,24.393456355752512,1191.6848,1248.8909,3
MAPPO+Learned(id),travel_time,36,1173.3334333333335,42.130009737662704,1119.8502,1222.8141,3
MAPPO+Learned(id),travel_time,37,1204.8058333333333,37.13305857465676,1154.0921,1241.9688,3
MAPPO+Learned(id),travel_time,38,1231.5100333333332,11.146126466575238,1221.6473,1247.0903,3
MAPPO+Learned(id),travel_time,39,1199.095,27.408244437881546,1165.7025,1232.836,3
MAPPO+Learned(id),travel_time,40,1226.8167,32.81108013532416,1191.063,1270.3081,3
MAPPO+Learned(id),travel_time,41,1199.7392333333335,40.53308899260231,1155.5984,1253.4812,3
MAPPO+Learned(id),travel_time,42,1193.6214666666667,35.88774118138694,1144.3846,1228.9026,3
MAPPO+Learned(id),travel_time,43,1206.3000333333332,40.71087430988863,1152.2351,1250.4731,3
MAPPO+Learned(id),travel_time,44,1176.0611333333334,46.18335066011941,1142.5768,1241.3672,3
MAPPO+Learned(id),travel_time,45,1190.4152333333332,16.202075196371883,1168.716,1207.6381,3
MAPPO+Learned(id),travel_time,46,1179.205866666667,32.02125069474265,1138.2482,1216.4147,3
MAPPO+Learned(id),travel_time,47,1169.0462666666667,23.580153793721372,1142.0949,1199.5294,3
MAPPO+Learned(id),travel_time,48,1175.0669333333333,11.784578196194486,1164.852,1191.5786,3
MAPPO+Learned(id),travel_time,49,1194.8085333333333,26.73630932051431,1161.7542,1227.2355,3
MAPPO+Learned(id),travel_time,50,1199.9683666666667,41.761826217438724,1144.6455,1245.5354,3
MAPPO+Learned(id),travel_time,51,1177.9948000000002,43.59303799836235,1116.4635,1212.0701,3
MAPPO+Learned(id),travel_time,52,1193.5813333333333,49.05579417909996,1126.7344,1243.0772,3
MAPPO+Learned(id),travel_time,53,1175.8260333333335,49.548639928144254,1105.9841,1215.6643,3
MAPPO+Learned(id),travel_time,54,1169.2075000000002,42.20097352486868,1109.5768,1201.1484,3
MAPPO+Learned(id),travel_time,55,1188.663,51.8492351051264,1116.0772,1233.9554,3
MAPPO+Learned(id),travel_time,56,1202.7372333333333,40.02969047947062,1148.5372,1243.9911,3
MAPPO+Learned(id),travel_time,57,1177.0879333333332,29.73102298277377,1136.2528,1206.1813,3
MAPPO+Learned(id),travel_time,58,1172.3739333333333,28.641927819234255,1149.5899,1212.7695,3
MAPPO+Learned(id),travel_time,59,1177.8757,68.04174788289916,1124.3835,1273.8927,3
MAPPO+Learned(id),travel_time,60,1186.1448,62.77088742248811,1109.6462,1263.3973,3
MAPPO+Learned(id),travel_time,61,1176.6973333333333,34.44467797384994,1133.4295,1217.711,3
MAPPO+Learned(id),travel_time,62,1167.8187,15.796501645617548,1146.4083,1184.0457,3
MAPPO+Learned(id),travel_time,63,1157.6823666666667,23.443932881996407,1124.6654,1176.8056,3
MAPPO+Learned(id),travel_time,64,1145.6371666666666,40.78763685148834,1088.7489,1182.3421,3
MAPPO+Learned(id),travel_time,65,1148.3514000000002,24.179072103508613,1114.2918,1168.0078,3
MAPPO+Learned(id),travel_time,66,1141.2731,17.046409019106246,1119.4472,1161.0513,3
MAPPO+Learned(id),travel_time,67,1139.6803666666667,18.644234374614495,1113.3155,1153.1484,3
MAPPO+Learned(id),travel_time,68,1096.8165666666666,30.963462341964046,1064.4586,1138.546,3
MAPPO+Learned(id),travel_time,69,1110.5195999999999,22.15300366331092,1084.0152,1138.238,3
MAPPO+Learned(id),travel_time,70,1142.2958999999998,26.896488163822934,1110.0637,1175.9033,3
MAPPO+Learned(id),travel_time,71,1097.6885,32.11334328686435,1055.9055,1133.9922,3
MAPPO+Learned(id),travel_time,72,1104.0183,31.180528508670232,1060.7079,1132.8495,3
MAPPO+Learned(id),travel_time,73,1067.7732333333333,54.33179061349711,997.7822,1130.2252,3
MAPPO+Learned(id),travel_time,74,1076.9587000000001,34.25526373333013,1028.7047,1104.8003,3
MAPPO+Learned(id),travel_time,75,1052.8594999999998,75.46049872098644,955.6324,1139.5729,3
MAPPO+Learned(id),travel_time,76,1045.0428666666667,83.79005102669146,931.5542,1131.3067,3
MAPPO+Learned(id),travel_time,77,1026.1501333333333,84.01367839938654,907.4044,1088.9922,3
MAPPO+Learned(id),travel_time,78,1011.1719666666668,71.64370481702417,910.943,1074.1257,3
MAPPO+Learned(id),travel_time,79,1003.3220000000001,81.44662934539815,898.0103,1096.381,3
MAPPO+Learned(id),travel_time,80,988.9252999999999,59.13564975821829,921.255,1065.3173,3
MAPPO+Learned(id),travel_time,81,977.3982666666667,99.49962933118005,860.7465,1103.875,3
MAPPO+Learned(id),travel_time,82,1010.0360000000001,48.95040463680218,943.461,1059.7564,3
MAPPO+Learned(id),travel_time,83,1015.0643333333334,52.265441696805915,955.3839,1082.6696,3
MAPPO+Learned(id),travel_time,84,997.0449666666667,59.040053682582524,932.619,1075.2532,3
MAPPO+Learned(id),travel_time,85,996.9463,73.72698159507141,910.4529,1090.6179,3
MAPPO+Learned(id),travel_time,86,967.6488666666668,25.470545695676716,931.7458,988.1204,3
MAPPO+Learned(id),travel_time,87,953.1004333333334,45.79332667375113,914.6303,1017.4529,3
MAPPO+Learned(id),travel_time,88,966.7153,59.96587505089876,900.4274,1045.6664,3
MAPPO+Learned(id),travel_time,89,945.7184666666667,28.605114061455634,922.3265,985.9975,3
MAPPO+Learned(id),travel_time,90,931.1258000000001,35.368539693631725,902.7153,980.9826,3
MAPPO+Learned(id),travel_time,91,904.6750666666667,31.50282570440662,878.9543,949.039,3
MAPPO+Learned(id),travel_time,92,881.4216333333334,56.931885063019735,828.6374,960.4657,3
MAPPO+Learned(id),travel_time,93,956.8289666666666,76.52710567297197,886.4763,1063.2266,3
MAPPO+Learned(id),travel_time,94,920.1145,49.547417518440504,852.1891,968.9777,3
MAPPO+Learned(id),travel_time,95,881.7190666666667,40.96174564821292,851.6349,939.6331,3
MAPPO+Learned(id),travel_time,96,885.7274666666667,55.989153218954435,844.9065,964.8952,3
MAPPO+Learned(id),travel_time,97,833.2713666666667,28.168603734930766,801.0818,869.6905,3
MAPPO+Learned(id),travel_time,98,819.7225,24.59657812149217,787.4232,847.0549,3
MAPPO+Learned(id),travel_time,99,818.68,39.429661826853156,766.0853,861.0209,3
MAPPO+Learned(id),travel_time,100,799.7081,26.6879699881176,763.801,827.7305,3
MAPPO+Learned(id),travel_time,101,827.8779666666668,41.0928773663055,775.3102,875.619,3
MAPPO+Learned(id),travel_time,102,805.9785,22.035911449419693,782.659,835.5414,3
MAPPO+Learned(id),travel_time,103,814.4143,31.296370221587438,784.801,857.7075,3
MAPPO+Learned(id),travel_time,104,823.6331333333334,21.16619571869783,803.1356,852.7737,3
MAPPO+Learned(id),travel_time,105,791.8486666666666,67.95974479853662,696.2008,847.8215,3
MAPPO+Learned(id),travel_time,106,760.1199333333334,52.14089414757754,692.6275,819.5875,3
MAPPO+Learned(id),travel_time,107,717.0048333333333,77.20328671606038,613.1586,798.1254,3
MAPPO+Learned(id),travel_time,108,718.7946333333333,59.46640180451105,661.8842,800.8715,3
MAPPO+Learned(id),travel_time,109,716.6415000000001,78.64846930220577,644.4943,826.0258,3
MAPPO+Learned(id),travel_time,110,702.7623,79.926058592218,624.1512,812.4062,3
MAPPO+Learned(id),travel_time,111,702.0849000000002,61.93188397925582,637.2936,785.5188,3
MAPPO+Learned(id),travel_time,112,674.5916,115.76112754429555,518.3913,795.1424,3
MAPPO+Learned(id),travel_time,113,619.8836,99.75256212392073,492.7355,736.381,3
MAPPO+Learned(id),travel_time,114,640.0018666666667,108.23659156281465,489.9348,741.1629,3
MAPPO+Learned(id),travel_time,115,647.6478999999999,84.08693556104105,542.5878,748.4242,3
MAPPO+Learned(id),travel_time,116,669.525,88.2485921979873,553.3633,767.1225,3
MAPPO+Learned(id),travel_time,117,665.8557333333333,90.39402940763782,538.5871,739.9132,3
MAPPO+Learned(id),travel_time,118,639.0332666666667,130.54850646941756,454.7266,740.5492,3
MAPPO+Learned(id),travel_time,119,586.8228,117.4230860029662,420.8116,673.3615,3
MAPPO+Learned(id),travel_time,120,584.2672666666666,113.23146133780821,424.1771,667.5372,3
MAPPO+Learned(id),travel_time,121,577.5619333333333,138.32505789350756,384.5113,701.461,3
MAPPO+Learned(id),travel_time,122,603.8654,129.73191073772097,424.0591,725.3569,3
MAPPO+Learned(id),travel_time,123,598.2559,152.28272841606167,385.5145,733.6243,3
MAPPO+Learned(id),travel_time,124,567.4975000000001,148.59436268239338,358.4483,690.5761,3
MAPPO+Learned(id),travel_time,125,544.8226,134.09692615077597,355.8573,653.164,3
MAPPO+Learned(id),travel_time,126,538.5520333333334,112.29852875905759,380.6147,631.9529,3
MAPPO+Learned(id),travel_time,127,485.13973333333325,102.94312063067748,339.6802,563.0726,3
MAPPO+Learned(id),travel_time,128,490.47663333333327,85.43777775341665,384.6034,593.8371,3
MAPPO+Learned(id),travel_time,129,496.3132666666667,74.91456406824746,390.653,555.8679,3
MAPPO+Learned(id),travel_time,130,462.26443333333333,75.32515825160205,366.3782,550.397,3
MAPPO+Learned(id),travel_time,131,471.945,80.8117934990102,359.0195,543.6292,3
MAPPO+Learned(id),travel_time,132,440.3816,71.48151592549411,342.5825,511.4377,3
MAPPO+Learned(id),travel_time,133,441.2661666666666,92.97241849603688,328.5004,556.2043,3
MAPPO+Learned(id),travel_time,134,396.53136666666666,61.26529356203414,309.9295,442.1218,3
MAPPO+Learned(id),travel_time,135,408.08899999999994,60.00547168206135,323.7606,458.4706,3
MAPPO+Learned(id),travel_time,136,387.58899999999994,52.47042565261565,313.4525,427.4055,3
MAPPO+Learned(id),travel_time,137,369.10726666666665,36.7952882375206,317.2928,399.1721,3
MAPPO+Learned(id),travel_time,138,356.49343333333337,30.223852386962335,314.8322,385.5992,3
MAPPO+Learned(id),travel_time,139,358.51736666666665,44.92929416630338,310.284,418.4547,3
MAPPO+Learned(id),travel_time,140,369.96566666666666,38.53781947345864,319.3364,412.7518,3
MAPPO+Learned(id),travel_time,141,364.9177333333333,45.39372730692596,302.6572,409.5981,3
MAPPO+Learned(id),travel_time,142,350.3453666666666,38.960617992218175,297.3403,389.8764,3
MAPPO+Learned(id),travel_time,143,345.59336666666667,35.13092959699314,300.5365,386.2514,3
MAPPO+Learned(id),travel_time,144,336.80016666666666,27.702299237949337,299.8722,366.5942,3
MAPPO+Learned(id),travel_time,145,344.9524333333334,38.41840395108688,301.9118,395.1884,3
MAPPO+Learned(id),travel_time,146,321.555,21.248425109797363,294.0489,345.7868,3
MAPPO+Learned(id),travel_time,147,324.2902333333334,22.898751355963107,293.7103,348.8095,3
MAPPO+Learned(id),travel_time,148,324.00933333333336,31.00260685451394,283.3421,358.5336,3
MAPPO+Learned(id),travel_time,149,319.5971333333334,19.528468743748334,292.0616,335.2054,3
MAPPO+Learned(id),travel_time,150,311.2241666666667,25.240515594355216,280.8233,342.6254,3
MAPPO+Learned(id),travel_time,151,331.39140000000003,32.2125994781545,288.494,366.1193,3
MAPPO+Learned(id),travel_time,152,311.6765666666667,29.938412327569335,285.085,353.5053,3
MAPPO+Learned(id),travel_time,153,307.3421,25.52169014034926,278.6307,340.6392,3
MAPPO+Learned(id),travel_time,154,297.5446,23.03966956837706,273.6657,328.6827,3
MAPPO+Learned(id),travel_time,155,301.67810000000003,24.214321568856725,273.2737,332.4451,3
MAPPO+Learned(id),travel_time,156,293.5801666666667,18.998878326949267,273.4253,319.045,3
MAPPO+Learned(id),travel_time,157,288.3568333333333,20.355729166393324,267.0354,315.7681,3
MAPPO+Learned(id),travel_time,158,290.1899,21.166052360797007,266.7344,318.023,3
MAPPO+Learned(id),travel_time,159,284.5889,22.728514859679382,259.3906,314.4699,3
MAPPO+Learned(id),travel_time,160,290.31716666666665,19.60638885828347,267.1565,315.0999,3
MAPPO+Learned(id),travel_time,161,287.2874333333333,21.102320051332953,261.7351,313.4154,3
MAPPO+Learned(id),travel_time,162,286.3779666666667,24.257384157177558,256.3605,315.7688,3
MAPPO+Learned(id),travel_time,163,280.82516666666663,21.00554788531407,258.063,308.7369,3
MAPPO+Learned(id),travel_time,164,274.64456666666666,31.423657806641305,231.4444,305.2712,3
MAPPO+Learned(id),travel_time,165,270.69936666666666,29.335186499075736,232.318,303.5276,3
MAPPO+Learned(id),travel_time,166,278.7088,27.05529255838864,241.1317,303.7387,3
MAPPO+Learned(id),travel_time,167,277.44606666666664,27.863281385643653,238.7525,303.2465,3
MAPPO+Learned(id),travel_time,168,274.83366666666666,31.466756812264943,230.8003,302.421,3
MAPPO+Learned(id),travel_time,169,273.00033333333334,34.07241479812601,224.8877,299.3534,3
MAPPO+Learned(id),travel_time,170,263.7504666666667,29.576127709165867,224.3495,295.608,3
MAPPO+Learned(id),travel_time,171,259.29036666666667,33.28193927205698,217.2231,298.6076,3
MAPPO+Learned(id),travel_time,172,254.02586666666664,30.376819781573946,216.4023,290.7953,3
MAPPO+Learned(id),travel_time,173,257.4413333333333,33.42092294559734,215.2057,296.9317,3
MAPPO+Learned(id),travel_time,174,254.26263333333335,32.76269242917756,213.9419,294.1909,3
MAPPO+Learned(id),travel_time,175,253.42493333333334,33.75552992892013,211.0248,293.6204,3
MAPPO+Learned(id),travel_time,176,254.27266666666665,32.60531859010463,212.1916,291.6395,3
MAPPO+Learned(id),travel_time,177,253.61353333333332,31.567354002654206,212.2188,288.7886,3
MAPPO+Learned(id),travel_time,178,250.40993333333336,32.334990117140215,208.6912,287.4862,3
MAPPO+Learned(id),travel_time,179,252.29556666666667,31.73213548169881,209.9664,286.3665,3
MAPPO+Learned(id),travel_time,180,255.32863333333333,33.989694627865596,209.4873,290.7744,3
MAPPO+Learned(id),travel_time,181,253.84666666666666,32.03568265360085,210.6512,287.2783,3
MAPPO+Learned(id),travel_time,182,249.69723333333332,31.352617351914258,208.9274,285.1767,3
MAPPO+Learned(id),travel_time,183,249.74353333333332,31.554719098769073,207.4685,283.2571,3
MAPPO+Learned(id),travel_time,184,249.27089999999998,31.80430735681359,206.8456,283.4196,3
MAPPO+Learned(id),travel_time,185,247.77196666666669,30.876510087803357,206.995,281.687,3
MAPPO+Learned(id),travel_time,186,249.04309999999998,31.488579847726797,207.9161,284.3959,3
MAPPO+Learned(id),travel_time,187,247.6036333333333,31.80478936599887,206.1165,283.3948,3
MAPPO+Learned(id),travel_time,188,243.1626666666667,30.321176999179215,206.0783,280.3495,3
MAPPO+Learned(id),travel_time,189,243.59406666666666,31.127176725206258,205.4724,281.7181,3
MAPPO+Learned(id),travel_time,190,240.4342333333333,31.970268738348473,203.6551,281.597,3
MAPPO+Learned(id),travel_time,191,236.10339999999997,28.73856669112084,205.4996,274.5659,3
MAPPO+Learned(id),travel_time,192,235.25676666666664,31.028786365495442,203.3159,277.2851,3
MAPPO+Learned(id),travel_time,193,233.55326666666667,31.25309855159253,203.0542,276.5064,3
MAPPO+Learned(id),travel_time,194,232.36626666666666,30.474622645553616,202.6611,274.2606,3
MAPPO+Learned(id),travel_time,195,233.51276666666664,31.038838690618277,202.7727,276.0195,3
MAPPO+Learned(id),travel_time,196,230.0858333333333,28.654756502115934,202.4419,269.5691,3
MAPPO+Learned(id),travel_time,197,231.73006666666666,31.88822355523884,201.0241,275.6863,3
MAPPO+Learned(id),travel_time,198,229.6118,31.230915491651317,200.6059,272.96,3
MAPPO+Learned(id),travel_time,199,231.93236666666667,31.52905412793449,201.7989,275.4614,3
MAPPO+Learned(id),travel_time,200,230.98030000000003,31.38621917604392,199.9178,273.9703,3
MAPPO+Learned(id),travel_time,201,230.62216666666666,29.463918740196267,200.7985,270.7351,3
MAPPO+Learned(id),travel_time,202,229.08630000000002,29.85583981244986,200.8573,270.3927,3
MAPPO+Learned(id),travel_time,203,228.11683333333335,30.932131588833144,200.6459,271.3346,3
MAPPO+Learned(id),travel_time,204,226.345,29.942170582975443,199.4012,268.1069,3
MAPPO+Learned(id),travel_time,205,227.12296666666666,30.393085432965773,199.5885,269.4734,3
MAPPO+Learned(id),travel_time,206,226.62160000000003,30.5953121161832,199.653,269.4083,3
MAPPO+Learned(id),travel_time,207,226.0246666666667,31.552070871744,199.5531,270.369,3
MAPPO+Learned(id),travel_time,208,225.38656666666668,30.21321751886453,197.9968,267.4823,3
MAPPO+Learned(id),travel_time,209,225.29356666666664,31.102960671757415,196.9717,268.6006,3
MAPPO+Learned(id),travel_time,210,224.3135,30.275445673790955,197.6873,266.6643,3
MAPPO+Learned(id),travel_time,211,224.16053333333332,30.599840490361306,197.659,267.0386,3
MAPPO+Learned(id),travel_time,212,223.25896666666668,29.59153622466321,196.5602,264.5166,3
MAPPO+Learned(id),travel_time,213,220.59526666666667,26.716344332553366,196.7822,257.9055,3
MAPPO+Learned(id),travel_time,214,223.0819,30.21202111445046,196.9178,265.4168,3
MAPPO+Learned(id),travel_time,215,222.1879333333333,29.53222750627222,197.0914,263.6473,3
MAPPO+Learned(id),travel_time,216,221.25873333333334,29.07155475057286,196.1126,262.0007,3
MAPPO+Learned(id),travel_time,217,220.34489999999997,29.773916720624218,194.3736,262.0333,3
MAPPO+Learned(id),travel_time,218,218.52253333333337,27.332614708602044,194.972,256.8428,3
MAPPO+Learned(id),travel_time,219,214.90616666666665,22.105519771817672,194.1473,245.5287,3
MAPPO+Learned(id),travel_time,220,214.8685,21.309053874820435,194.6739,244.3371,3
MAPPO+Learned(id),travel_time,221,213.33676666666668,20.90331011910687,194.1774,242.4129,3
MAPPO+Learned(id),travel_time,222,213.46326666666667,21.286818578223983,194.6296,243.2188,3
MAPPO+Learned(id),travel_time,223,209.31503333333333,16.399650245118707,193.9182,232.0343,3
MAPPO+Learned(id),travel_time,224,209.70040000000003,17.238015715466403,193.7489,233.6413,3
MAPPO+Learned(id),travel_time,225,206.15546666666668,11.664023185943268,194.0475,221.9111,3
MAPPO+Learned(id),travel_time,226,206.55949999999999,13.397485582003812,193.1661,224.8623,3
MAPPO+Learned(id),travel_time,227,203.9351,10.640731883036368,192.6477,218.1976,3
MAPPO+Learned(id),travel_time,228,203.67776666666668,9.507803510917881,193.4508,216.3513,3
MAPPO+Learned(id),travel_time,229,203.55213333333336,10.084030496560173,193.2528,217.2443,3
MAPPO+Learned(id),travel_time,230,201.82449999999997,7.908442831978151,193.3283,212.3715,3
MAPPO+Learned(id),travel_time,231,200.62036666666665,7.701202407128097,192.5715,210.9989,3
MAPPO+Learned(id),travel_time,232,200.49113333333332,6.962964177385628,192.7036,209.6041,3
MAPPO+Learned(id),travel_time,233,199.8117,6.934204531643604,191.9341,208.8084,3
MAPPO+Learned(id),travel_time,234,199.22390000000004,7.1314609905684865,191.4341,208.6664,3
MAPPO+Learned(id),travel_time,235,198.79296666666664,6.393629505131567,191.7893,207.2475,3
MAPPO+Learned(id),travel_time,236,198.50626666666668,7.342860322033159,190.7157,208.3477,3
MAPPO+Learned(id),travel_time,237,198.69083333333333,6.536343626897913,191.7489,207.4479,3
MAPPO+Learned(id),travel_time,238,198.17066666666665,7.139186955731643,190.9805,207.904,3
MAPPO+Learned(id),travel_time,239,197.3042,6.098327224739578,190.4841,205.2858,3
MAPPO+Learned(id),travel_time,240,197.1453,5.841978522726691,190.5368,204.7436,3
MAPPO+Learned(id),travel_time,241,197.0305666666667,6.036056225899674,190.2383,204.9044,3
MAPPO+Learned(id),travel_time,242,196.81433333333334,5.975247623506678,189.8835,204.4664,3
MAPPO+Learned(id),travel_time,243,196.71693333333334,6.03859437856932,189.9253,204.5963,3
MAPPO+Learned(id),travel_time,244,195.73806666666667,5.172378427978978,189.8722,202.4557,3
MAPPO+Learned(id),travel_time,245,195.77846666666665,5.92291149932943,188.6183,203.1229,3
MAPPO+Learned(id),travel_time,246,194.92669999999998,5.223256865851681,189.301,201.8853,3
MAPPO+Learned(id),travel_time,247,195.15853333333334,5.05235720189651,189.2571,201.5977,3
MAPPO+Learned(id),travel_time,248,195.89260000000002,5.452747388243845,190.0914,203.193,3
MAPPO+Learned(id),travel_time,249,195.0235,5.41947826517154,189.3715,202.3325,3
MAPPO+Learned(id),loss,0,0.0021319999999999998,2.776088375154265e-05,0.002098,0.002166,3
MAPPO+Learned(id),loss,1,0.0020533333333333332,6.790843508398327e-05,0.001992,0.002148,3
MAPPO+Learned(id),loss,2,0.0020716666666666665,0.0002083863932431504,0.001843,0.002347,3
MAPPO+Learned(id),loss,3,0.0019073333333333331,1.8909139471577165e-05,0.001888,0.001933,3
MAPPO+Learned(id),loss,4,0.0018976666666666666,4.267968551378461e-05,0.001841,0.001944,3
MAPPO+Learned(id),loss,5,0.0018139999999999999,0.00010655515003977986,0.001684,0.001945,3
MAPPO+Learned(id),loss,6,0.0017853333333333332,0.00013810221657244398,0.001657,0.001977,3
MAPPO+Learned(id),loss,7,0.0016503333333333335,9.568118356755877e-05,0.001552,0.00178,3
MAPPO+Learned(id),loss,8,0.001582,4.818713521262708e-05,0.001519,0.001636,3
MAPPO+Learned(id),loss,9,0.00151,1.5577761927397257e-05,0.00149,0.001528,3
MAPPO+Learned(id),loss,10,0.0014123333333333331,1.05303793326209e-05,0.001398,0.001423,3
MAPPO+Learned(id),loss,11,0.0013363333333333335,6.995395310885261e-05,0.00126,0.001429,3
MAPPO+Learned(id),loss,12,0.0012843333333333335,2.1638443156156667e-05,0.001263,0.001314,3
MAPPO+Learned(id),loss,13,0.0012156666666666668,2.5746628689769983e-05,0.001185,0.001248,3
MAPPO+Learned(id),loss,14,0.0011533333333333335,7.519899526515558e-05,0.001047,0.001208,3
MAPPO+Learned(id),loss,15,0.0010953333333333334,1.8838494867926346e-05,0.001069,0.001112,3
MAPPO+Learned(id),loss,16,0.0011353333333333335,6.442739238001864e-05,0.00107,0.001223,3
MAPPO+Learned(id),loss,17,0.000968,3.4322004603461026e-05,0.000927,0.001011,3
MAPPO+Learned(id),loss,18,0.0009193333333333333,4.818252334151417e-05,0.000861,0.000979,3
MAPPO+Learned(id),loss,19,0.000892,6.375473838599499e-05,0.000804,0.000953,3
MAPPO+Learned(id),loss,20,0.000873,7.229107828771129e-05,0.000771,0.00093,3
MAPPO+Learned(id),loss,21,0.0008186666666666667,0.00014732805420406375,0.000712,0.001027,3
MAPPO+Learned(id),loss,22,0.0007140000000000001,3.9021361671098396e-05,0.000662,0.000756,3
MAPPO+Learned(id),loss,23,0.0006810000000000001,7.219879962067695e-05,0.000598,0.000774,3
MAPPO+Learned(id),loss,24,0.0007376666666666665,6.34209919681348e-05,0.000651,0.000801,3
MAPPO+Learned(id),loss,25,0.0005853333333333334,3.229379025275432e-05,0.000562,0.000631,3
MAPPO+Learned(id),loss,26,0.000572,1.512172829628504e-05,0.000551,0.000586,3
MAPPO+Learned(id),loss,27,0.0005093333333333333,1.1145502331533646e-05,0.0005,0.000525,3
MAPPO+Learned(id),loss,28,0.00052,6.557946833168646e-05,0.000459,0.000611,3
MAPPO+Learned(id),loss,29,0.00046833333333333335,4.242902570437157e-05,0.000433,0.000528,3
MAPPO+Learned(id),loss,30,0.00047299999999999995,6.056951928706936e-05,0.000396,0.000544,3
MAPPO+Learned(id),loss,31,0.0003956666666666666,2.8429249413627187e-05,0.000366,0.000434,3
MAPPO+Learned(id),loss,32,0.0003653333333333334,2.169997439834637e-05,0.000349,0.000396,3
MAPPO+Learned(id),loss,33,0.0003413333333333333,3.8784303812524766e-05,0.000294,0.000389,3
MAPPO+Learned(id),loss,34,0.0003303333333333333,1.956754682858555e-05,0.000316,0.000358,3
MAPPO+Learned(id),loss,35,0.00029466666666666666,2.8051539866625654e-05,0.000255,0.000315,3
MAPPO+Learned(id),loss,36,0.000254,1.414213562373095e-05,0.000244,0.000274,3
MAPPO+Learned(id),loss,37,0.000269,5.048432099837204e-05,0.000227,0.00034,3
MAPPO+Learned(id),loss,38,0.00024033333333333337,3.0269162892657317e-05,0.000211,0.000282,3
MAPPO+Learned(id),loss,39,0.00021066666666666665,1.1440668201153677e-05,0.000197,0.000225,3
MAPPO+Learned(id),loss,40,0.0002813333333333333,5.888029287366777e-05,0.000207,0.000351,3
MAPPO+Learned(id),loss,41,0.00017866666666666668,2.080598204576964e-05,0.000162,0.000208,3
MAPPO+Learned(id),loss,42,0.000159,1.6391054470859006e-05,0.00014,0.00018,3
MAPPO+Learned(id),loss,43,0.00015,1.9304576314093677e-05,0.000133,0.000177,3
MAPPO+Learned(id),loss,44,0.00014466666666666667,1.744196726926817e-05,0.00012,0.000157,3
MAPPO+Learned(id),loss,45,0.000128,1.2355835328567093e-05,0.000116,0.000145,3
MAPPO+Learned(id),loss,46,0.00010533333333333332,7.586537784494029e-06,9.9e-05,0.000116,3
MAPPO+Learned(id),loss,47,0.00010566666666666667,1.1897712198383164e-05,9.4e-05,0.000122,3
MAPPO+Learned(id),loss,48,0.00011066666666666668,3.774770044504551e-05,8.2e-05,0.000164,3
MAPPO+Learned(id),loss,49,9.833333333333334e-05,3.465384378231207e-05,6.9e-05,0.000147,3
MAPPO+Learned(id),loss,50,0.00010433333333333334,4.014418457953226e-05,7.3e-05,0.000161,3
MAPPO+Learned(id),loss,51,8.433333333333333e-05,2.2395436042987767e-05,6.8e-05,0.000116,3
MAPPO+Learned(id),loss,52,7.166666666666667e-05,2.1761331658599287e-05,5.2e-05,0.000102,3
MAPPO+Learned(id),loss,53,6.5e-05,1.4352700094407328e-05,5.2e-05,8.5e-05,3
MAPPO+Learned(id),loss,54,5.066666666666667e-05,4.10960933531265e-06,4.6e-05,5.6e-05,3
MAPPO+Learned(id),loss,55,4.466666666666667e-05,1.7211107524567448e-05,2.7e-05,6.8e-05,3
MAPPO+Learned(id),loss,56,5.6000000000000006e-05,9.201449161228175e-06,4.3e-05,6.3e-05,3
MAPPO+Learned(id),loss,57,2.9333333333333333e-05,7.318166133366715e-06,1.9e-05,3.5e-05,3
MAPPO+Learned(id),loss,58,3.5000000000000004e-05,1.1860297916438131e-05,2.1e-05,5e-05,3
MAPPO+Learned(id),loss,59,3.866666666666667e-05,2.4689178916188275e-05,1.3e-05,7.2e-05,3
MAPPO+Learned(id),loss,60,2.8666666666666668e-05,1.4704496666741853e-05,8e-06,4.1e-05,3
MAPPO+Learned(id),loss,61,1.7666666666666668e-05,6.342099196813483e-06,9e-06,2.4e-05,3
MAPPO+Learned(id),loss,62,1.8e-05,1.1045361017187262e-05,4e-06,3.1e-05,3
MAPPO+Learned(id),loss,63,1.3333333333333332e-05,5.734883511361752e-06,6e-06,2e-05,3
MAPPO+Learned(id),loss,64,4e-06,8.831760866327847e-06,-5e-06,1.6e-05,3
MAPPO+Learned(id),loss,65,1.3333333333333332e-05,2.6246692913372704e-06,1.1e-05,1.7e-05,3
MAPPO+Learned(id),loss,66,8.666666666666668e-06,5.436502143433363e-06,1e-06,1.3e-05,3
MAPPO+Learned(id),loss,67,7.666666666666667e-06,7.93025150224688e-06,-3e-06,1.6e-05,3
MAPPO+Learned(id),loss,68,1.4000000000000001e-05,1.699019324983288e-05,1e-06,3.8e-05,3
MAPPO+Learned(id),loss,69,1.6e-05,1.5769168230019827e-05,-1e-06,3.7e-05,3
MAPPO+Learned(id),loss,70,6e-06,9.273618495495703e-06,-2e-06,1.9e-05,3
MAPPO+Learned(id),loss,71,9.666666666666667e-06,1.8116904322268257e-05,-1.5e-05,2.8e-05,3
MAPPO+Learned(id),loss,72,-3.3333333333333325e-07,7.318166133366717e-06,-6e-06,1e-05,3
MAPPO+Learned(id),loss,73,1.9333333333333333e-05,1.327487183449325e-05,1e-06,3.2e-05,3
MAPPO+Learned(id),loss,74,9e-06,3.559026084010437e-06,6e-06,1.4e-05,3
MAPPO+Learned(id),loss,75,1.3666666666666669e-05,2.107657994604965e-05,-1.6e-05,3.1e-05,3
MAPPO+Learned(id),loss,76,8.666666666666666e-06,2.559079695689231e-05,-2.5e-05,3.7e-05,3
MAPPO+Learned(id),loss,77,2.5333333333333334e-05,1.438363267359428e-05,5e-06,3.6e-05,3
MAPPO+Learned(id),loss,78,1.2333333333333333e-05,1.0656244908763855e-05,2e-06,2.7e-05,3
MAPPO+Learned(id),loss,79,1.7666666666666668e-05,1.878533707147383e-05,-5e-06,4.1e-05,3
MAPPO+Learned(id),loss,80,1.1000000000000001e-05,9.797958971132714e-06,-1e-06,2.3e-05,3
MAPPO+Learned(id),loss,81,2.7333333333333328e-05,2.946561084081276e-05,6e-06,6.9e-05,3
MAPPO+Learned(id),loss,82,2.966666666666667e-05,3.0575952787916345e-05,-2e-06,7.1e-05,3
MAPPO+Learned(id),loss,83,1.6666666666666667e-05,2.494438257849295e-06,1.4e-05,2e-05,3
MAPPO+Learned(id),loss,84,1.9666666666666666e-05,7.930251502246879e-06,9e-06,2.8e-05,3
MAPPO+Learned(id),loss,85,9e-06,3.741657386773941e-06,4e-06,1.3e-05,3
MAPPO+Learned(id),loss,86,2.533333333333333e-05,3.2998316455372222e-06,2.1e-05,2.9e-05,3
MAPPO+Learned(id),loss,87,1.3666666666666667e-05,8.993825042154696e-06,3e-06,2.5e-05,3
MAPPO+Learned(id),loss,88,2.8333333333333335e-05,5.249338582674543e-06,2.1e-05,3.3e-05,3
MAPPO+Learned(id),loss,89,2.1e-05,6.68331255192114e-06,1.2e-05,2.8e-05,3
MAPPO+Learned(id),loss,90,2.6e-05,5.656854249492381e-06,2.2e-05,3.4e-05,3
MAPPO+Learned(id),loss,91,2.9e-05,1.4165686240583853e-05,1e-05,4.4e-05,3
MAPPO+Learned(id),loss,92,2.9999999999999997e-05,5.656854249492382e-06,2.6e-05,3.8e-05,3
MAPPO+Learned(id),loss,93,3.6666666666666666e-05,2.5746628689770027e-05,9e-06,7.1e-05,3
MAPPO+Learned(id),loss,94,4.066666666666667e-05,1.3199326582148889e-05,2.6e-05,5.8e-05,3
MAPPO+Learned(id),loss,95,2.2000000000000003e-05,7.874007874011813e-06,1.5e-05,3.3e-05,3
MAPPO+Learned(id),loss,96,5.366666666666667e-05,1.922382780706162e-05,3.1e-05,7.8e-05,3
MAPPO+Learned(id),loss,97,5.633333333333333e-05,4.109609335312651e-06,5.1e-05,6.1e-05,3
MAPPO+Learned(id),loss,98,5.933333333333333e-05,4.134677200889515e-05,1e-06,9.2e-05,3
MAPPO+Learned(id),loss,99,5.466666666666667e-05,1.3572848714334888e-05,3.7e-05,7e-05,3
MAPPO+Learned(id),loss,100,4.333333333333334e-05,1.483988619303471e-05,2.3e-05,5.8e-05,3
MAPPO+Learned(id),loss,101,3.7e-05,1.0801234497346432e-05,2.2e-05,4.7e-05,3
MAPPO+Learned(id),loss,102,3.633333333333333e-05,1.592342788332825e-05,1.7e-05,5.6e-05,3
MAPPO+Learned(id),loss,103,4.366666666666667e-05,1.755625877635159e-05,2e-05,6.2e-05,3
MAPPO+Learned(id),loss,104,2.5666666666666666e-05,8.993825042154692e-06,1.5e-05,3.7e-05,3
MAPPO+Learned(id),loss,105,2.633333333333333e-05,1.1728408057172786e-05,1e-05,3.7e-05,3
MAPPO+Learned(id),loss,106,3.866666666666667e-05,1.6779617264870958e-05,1.9e-05,6e-05,3
MAPPO+Learned(id),loss,107,6.833333333333333e-05,3.798537730349521e-05,2.1e-05,0.000114,3
MAPPO+Learned(id),loss,108,6.433333333333333e-05,3.983577398380618e-05,8e-06,9.3e-05,3
MAPPO+Learned(id),loss,109,4.8e-05,2.5922962793631442e-05,1.2e-05,7.2e-05,3
MAPPO+Learned(id),loss,110,4.4000000000000006e-05,3.753220839048332e-05,1.5e-05,9.7e-05,3
MAPPO+Learned(id),loss,111,5.133333333333333e-05,2.653718564999352e-05,1.9e-05,8.4e-05,3
MAPPO+Learned(id),loss,112,4.7333333333333336e-05,2.6637484032009395e-05,1.9e-05,8.3e-05,3
MAPPO+Learned(id),loss,113,6.1e-05,3.476588366008646e-05,3.3e-05,0.00011,3
MAPPO+Learned(id),loss,114,5.1666666666666664e-05,2.876726534718856e-05,2.3e-05,9.1e-05,3
MAPPO+Learned(id),loss,115,6.033333333333333e-05,8.806563209081936e-06,4.8e-05,6.8e-05,3
MAPPO+Learned(id),loss,116,4.8666666666666666e-05,1.7518244457961216e-05,2.4e-05,6.3e-05,3
MAPPO+Learned(id),loss,117,6.166666666666667e-05,1.8408935028645436e-05,4e-05,8.5e-05,3
MAPPO+Learned(id),loss,118,2.9999999999999997e-05,1.4764823060233398e-05,1.1e-05,4.7e-05,3
MAPPO+Learned(id),loss,119,3.1666666666666666e-05,3.0390056853443952e-05,-3e-06,7.1e-05,3
MAPPO+Learned(id),loss,120,3.466666666666667e-05,2.8802006102970603e-05,-6e-06,5.7e-05,3
MAPPO+Learned(id),loss,121,5e-05,3.402939905434711e-05,2e-06,7.7e-05,3
MAPPO+Learned(id),loss,122,2.5e-05,2.8600699292150187e-05,-6e-06,6.3e-05,3
MAPPO+Learned(id),loss,123,6.566666666666666e-05,8.289082511888087e-05,-5e-06,0.000182,3
MAPPO+Learned(id),loss,124,4.233333333333333e-05,2.661244487494943e-05,6e-06,6.9e-05,3
MAPPO+Learned(id),loss,125,2.1e-05,2.79045993819418e-05,-1.1e-05,5.7e-05,3
MAPPO+Learned(id),loss,126,3.5333333333333336e-05,3.6754440396894754e-05,-9e-06,8.1e-05,3
MAPPO+Learned(id),loss,127,4.7000000000000004e-05,4.121488404286328e-05,-7e-06,9.3e-05,3
MAPPO+Learned(id),loss,128,2.4666666666666665e-05,3.564017707899643e-05,-1.4e-05,7.2e-05,3
MAPPO+Learned(id),loss,129,3.766666666666667e-05,4.7751672454713275e-05,-1.6e-05,0.0001,3
MAPPO+Learned(id),loss,130,5.3333333333333345e-06,1.7745108872274887e-05,-1.8e-05,2.5e-05,3
MAPPO+Learned(id),loss,131,2.3666666666666668e-05,4.2350390264501176e-05,-2e-05,8.1e-05,3
MAPPO+Learned(id),loss,132,1.5e-05,3.785058343892029e-05,-2.2e-05,6.7e-05,3
MAPPO+Learned(id),loss,133,1.4666666666666666e-05,3.322983933488428e-05,-2.1e-05,5.9e-05,3
MAPPO+Learned(id),loss,134,-6e-06,1.6391054470858995e-05,-2.7e-05,1.3e-05,3
MAPPO+Learned(id),loss,135,-2e-05,6.4807406984078604e-06,-2.9e-05,-1.4e-05,3
MAPPO+Learned(id),loss,136,-1.9e-05,1.0708252269472674e-05,-3.1e-05,-5e-06,3
MAPPO+Learned(id),loss,137,-1.1333333333333334e-05,2.3098821518760555e-05,-3.7e-05,1.9e-05,3
MAPPO+Learned(id),loss,138,-1.4999999999999999e-05,2.513961017995307e-05,-4.1e-05,1.9e-05,3
MAPPO+Learned(id),loss,139,-1.2333333333333333e-05,1.6357125528513727e-05,-3.5e-05,3e-06,3
MAPPO+Learned(id),loss,140,-2.7333333333333335e-05,1.2498888839501783e-05,-4.5e-05,-1.8e-05,3
MAPPO+Learned(id),loss,141,-2.3e-05,9.092121131323903e-06,-3.5e-05,-1.3e-05,3
MAPPO+Learned(id),loss,142,-1.9e-05,1.4719601443879745e-05,-3.4e-05,1e-06,3
MAPPO+Learned(id),loss,143,-1.5333333333333334e-05,1.9067132861433456e-05,-3.6e-05,1e-05,3
MAPPO+Learned(id),loss,144,-1.9999999999999998e-05,9.416297927883692e-06,-3.3e-05,-1.1e-05,3
MAPPO+Learned(id),loss,145,-2.7000000000000002e-05,1.2961481396815723e-05,-4.5e-05,-1.5e-05,3
MAPPO+Learned(id),loss,146,-2.6e-05,1.1575836902790225e-05,-4.2e-05,-1.5e-05,3
MAPPO+Learned(id),loss,147,-2.533333333333333e-05,7.760297817881876e-06,-3.5e-05,-1.6e-05,3
MAPPO+Learned(id),loss,148,-2.5666666666666666e-05,6.018490028422596e-06,-3.4e-05,-2e-05,3
MAPPO+Learned(id),loss,149,-3.1e-05,4.320493798938573e-06,-3.7e-05,-2.7e-05,3
MAPPO+Learned(id),loss,150,-3.066666666666667e-05,5.557777333511023e-06,-3.6e-05,-2.3e-05,3
MAPPO+Learned(id),loss,151,-3.5000000000000004e-05,4.546060565661952e-06,-4.1e-05,-3e-05,3
MAPPO+Learned(id),loss,152,-3.1666666666666666e-05,3.6817870057290877e-06,-3.6e-05,-2.7e-05,3
MAPPO+Learned(id),loss,153,-3.466666666666667e-05,7.93025150224688e-06,-4.3e-05,-2.4e-05,3
MAPPO+Learned(id),loss,154,-3.3e-05,1.6329931618554503e-06,-3.5e-05,-3.1e-05,3
MAPPO+Learned(id),loss,155,-3.2e-05,1.6329931618554515e-06,-3.4e-05,-3e-05,3
MAPPO+Learned(id),loss,156,-3.366666666666667e-05,3.3993463423951887e-06,-3.7e-05,-2.9e-05,3
MAPPO+Learned(id),loss,157,-3.1666666666666666e-05,2.624669291337271e-06,-3.4e-05,-2.8e-05,3
MAPPO+Learned(id),loss,158,-3.266666666666666e-05,2.4944382578492945e-06,-3.6e-05,-3e-05,3
MAPPO+Learned(id),loss,159,-3.433333333333334e-05,1.2472191289246468e-06,-3.6e-05,-3.3e-05,3
MAPPO+Learned(id),loss,160,-3.5000000000000004e-05,1.6329931618554503e-06,-3.7e-05,-3.3e-05,3
MAPPO+Learned(id),loss,161,-3.266666666666667e-05,4.7140452079103357e-07,-3.3e-05,-3.2e-05,3
MAPPO+Learned(id),loss,162,-3.5000000000000004e-05,4.898979485566357e-06,-4.1e-05,-2.9e-05,3
MAPPO+Learned(id),loss,163,-3.266666666666666e-05,2.0548046676563242e-06,-3.5e-05,-3e-05,3
MAPPO+Learned(id),loss,164,-2.9999999999999997e-05,3.7416573867739407e-06,-3.5e-05,-2.6e-05,3
MAPPO+Learned(id),loss,165,-2.9333333333333333e-05,2.494438257849295e-06,-3.2e-05,-2.6e-05,3
MAPPO+Learned(id),loss,166,-3.266666666666666e-05,3.0912061651652332e-06,-3.7e-05,-3e-05,3
MAPPO+Learned(id),loss,167,-3.433333333333334e-05,7.84573486395988e-06,-4.3e-05,-2.4e-05,3
MAPPO+Learned(id),loss,168,-3.233333333333333e-05,2.4944382578492936e-06,-3.5e-05,-2.9e-05,3
MAPPO+Learned(id),loss,169,-3.2e-05,2.160246899469287e-06,-3.4e-05,-2.9e-05,3
MAPPO+Learned(id),loss,170,-2.7333333333333335e-05,3.858612300930076e-06,-3.1e-05,-2.2e-05,3
MAPPO+Learned(id),loss,171,-2.8666666666666668e-05,9.42809041582064e-07,-3e-05,-2.8e-05,3
MAPPO+Learned(id),loss,172,-2.8000000000000003e-05,4.320493798938574e-06,-3.2e-05,-2.2e-05,3
MAPPO+Learned(id),loss,173,-2.9333333333333333e-05,4.496912521077348e-06,-3.3e-05,-2.3e-05,3
MAPPO+Learned(id),loss,174,-2.6666666666666663e-05,3.681787005729088e-06,-3.1e-05,-2.2e-05,3
MAPPO+Learned(id),loss,175,-2.7666666666666667e-05,2.054804667656325e-06,-3e-05,-2.5e-05,3
MAPPO+Learned(id),loss,176,-2.7333333333333335e-05,9.42809041582064e-07,-2.8e-05,-2.6e-05,3
MAPPO+Learned(id),loss,177,-2.8333333333333335e-05,2.8674417556808745e-06,-3.2e-05,-2.5e-05,3
MAPPO+Learned(id),loss,178,-2.8333333333333335e-05,3.681787005729088e-06,-3.3e-05,-2.4e-05,3
MAPPO+Learned(id),loss,179,-2.8e-05,3.5590260840104375e-06,-3.1e-05,-2.3e-05,3
MAPPO+Learned(id),loss,180,-2.6666666666666663e-05,4.7140452079103193e-07,-2.7e-05,-2.6e-05,3
MAPPO+Learned(id),loss,181,-2.9e-05,2.1602468994692864e-06,-3.2e-05,-2.7e-05,3
MAPPO+Learned(id),loss,182,-2.7333333333333335e-05,3.858612300930076e-06,-3.1e-05,-2.2e-05,3
MAPPO+Learned(id),loss,183,-2.6e-05,8.164965809277251e-07,-2.7e-05,-2.5e-05,3
MAPPO+Learned(id),loss,184,-3.066666666666667e-05,3.771236166328254e-06,-3.6e-05,-2.8e-05,3
MAPPO+Learned(id),loss,185,-2.8333333333333335e-05,3.771236166328254e-06,-3.1e-05,-2.3e-05,3
MAPPO+Learned(id),loss,186,-3e-05,8.164965809277265e-07,-3.1e-05,-2.9e-05,3
MAPPO+Learned(id),loss,187,-2.9666666666666665e-05,2.4944382578492958e-06,-3.3e-05,-2.7e-05,3
MAPPO+Learned(id),loss,188,-3.2e-05,3.559026084010436e-06,-3.7e-05,-2.9e-05,3
MAPPO+Learned(id),loss,189,-2.7000000000000002e-05,2.160246899469287e-06,-3e-05,-2.5e-05,3
MAPPO+Learned(id),loss,190,-2.8666666666666668e-05,3.2998316455372227e-06,-3.3e-05,-2.5e-05,3
MAPPO+Learned(id),loss,191,-2.7000000000000002e-05,2.160246899469287e-06,-3e-05,-2.5e-05,3
MAPPO+Learned(id),loss,192,-2.4333333333333333e-05,4.642796092394706e-06,-2.9e-05,-1.8e-05,3
MAPPO+Learned(id),loss,193,-2.6e-05,8.164965809277251e-07,-2.7e-05,-2.5e-05,3
MAPPO+Learned(id),loss,194,-2.3666666666666665e-05,2.494438257849294e-06,-2.7e-05,-2.1e-05,3
MAPPO+Learned(id),loss,195,-2.3333333333333332e-05,2.6246692913372704e-06,-2.7e-05,-2.1e-05,3
MAPPO+Learned(id),loss,196,-2.7666666666666667e-05,1.699673171197596e-06,-3e-05,-2.6e-05,3
MAPPO+Learned(id),loss,197,-2.3666666666666665e-05,1.6996731711975944e-06,-2.6e-05,-2.2e-05,3
MAPPO+Learned(id),loss,198,-2.5e-05,4.5460605656619516e-06,-3.1e-05,-2e-05,3
MAPPO+Learned(id),loss,199,-2.7333333333333335e-05,1.885618083164128e-06,-3e-05,-2.6e-05,3
MAPPO+Learned(id),loss,200,-2.5e-05,8.164965809277251e-07,-2.6e-05,-2.4e-05,3
MAPPO+Learned(id),loss,201,-2.633333333333333e-05,3.2998316455372222e-06,-3e-05,-2.2e-05,3
MAPPO+Learned(id),loss,202,-2.4333333333333333e-05,3.091206165165233e-06,-2.7e-05,-2e-05,3
MAPPO+Learned(id),loss,203,-2.633333333333333e-05,2.494438257849294e-06,-2.9e-05,-2.3e-05,3
MAPPO+Learned(id),loss,204,-2.3333333333333336e-05,4.109609335312651e-06,-2.8e-05,-1.8e-05,3
MAPPO+Learned(id),loss,205,-2.633333333333333e-05,3.3993463423951904e-06,-3.1e-05,-2.3e-05,3
MAPPO+Learned(id),loss,206,-2.3333333333333332e-05,4.7140452079103193e-07,-2.4e-05,-2.3e-05,3
MAPPO+Learned(id),loss,207,-2.4e-05,1.6329931618554515e-06,-2.6e-05,-2.2e-05,3
MAPPO+Learned(id),loss,208,-2.466666666666667e-05,3.091206165165235e-06,-2.9e-05,-2.2e-05,3
MAPPO+Learned(id),loss,209,-2.5e-05,2.4494897427831784e-06,-2.8e-05,-2.2e-05,3
MAPPO+Learned(id),loss,210,-2.2333333333333335e-05,1.2472191289246479e-06,-2.4e-05,-2.1e-05,3
MAPPO+Learned(id),loss,211,-2.6e-05,2.1602468994692864e-06,-2.8e-05,-2.3e-05,3
MAPPO+Learned(id),loss,212,-2.3333333333333332e-05,3.0912061651652336e-06,-2.6e-05,-1.9e-05,3
MAPPO+Learned(id),loss,213,-2.4333333333333333e-05,1.699673171197595e-06,-2.6e-05,-2.2e-05,3
MAPPO+Learned(id),loss,214,-2.4333333333333333e-05,3.299831645537221e-06,-2.8e-05,-2e-05,3
MAPPO+Learned(id),loss,215,-2.1e-05,2.4494897427831784e-06,-2.4e-05,-1.8e-05,3
MAPPO+Learned(id),loss,216,-2.1e-05,4.320493798938574e-06,-2.5e-05,-1.5e-05,3
MAPPO+Learned(id),loss,217,-2.2333333333333335e-05,2.0548046676563255e-06,-2.5e-05,-2e-05,3
MAPPO+Learned(id),loss,218,-2.4e-05,3.7416573867739407e-06,-2.8e-05,-1.9e-05,3
MAPPO+Learned(id),loss,219,-2.166666666666667e-05,2.6246692913372704e-06,-2.4e-05,-1.8e-05,3
MAPPO+Learned(id),loss,220,-2.4333333333333333e-05,3.3993463423951904e-06,-2.9e-05,-2.1e-05,3
MAPPO+Learned(id),loss,221,-2.133333333333333e-05,3.091206165165235e-06,-2.4e-05,-1.7e-05,3
MAPPO+Learned(id),loss,222,-2.166666666666667e-05,1.2472191289246464e-06,-2.3e-05,-2e-05,3
MAPPO+Learned(id),loss,223,-1.9666666666666666e-05,3.858612300930076e-06,-2.5e-05,-1.6e-05,3
MAPPO+Learned(id),loss,224,-2.1666666666666664e-05,2.4944382578492945e-06,-2.5e-05,-1.9e-05,3
MAPPO+Learned(id),loss,225,-1.9e-05,2.160246899469287e-06,-2.1e-05,-1.6e-05,3
MAPPO+Learned(id),loss,226,-2.133333333333333e-05,3.091206165165235e-06,-2.4e-05,-1.7e-05,3
MAPPO+Learned(id),loss,227,-1.9e-05,1.4142135623730943e-06,-2.1e-05,-1.8e-05,3
MAPPO+Learned(id),loss,228,-2.133333333333333e-05,4.642796092394706e-06,-2.6e-05,-1.5e-05,3
MAPPO+Learned(id),loss,229,-2.2333333333333335e-05,2.624669291337269e-06,-2.6e-05,-2e-05,3
MAPPO+Learned(id),loss,230,-2.0333333333333334e-05,3.858612300930075e-06,-2.4e-05,-1.5e-05,3
MAPPO+Learned(id),loss,231,-1.8e-05,8.164965809277265e-07,-1.9e-05,-1.7e-05,3
MAPPO+Learned(id),loss,232,-1.8e-05,1.4142135623730958e-06,-1.9e-05,-1.6e-05,3
MAPPO+Learned(id),loss,233,-1.9e-05,4.320493798938574e-06,-2.3e-05,-1.3e-05,3
MAPPO+Learned(id),loss,234,-1.9999999999999998e-05,2.4494897427831784e-06,-2.3e-05,-1.7e-05,3
MAPPO+Learned(id),loss,235,-1.9333333333333333e-05,3.091206165165234e-06,-2.2e-05,-1.5e-05,3
MAPPO+Learned(id),loss,236,-2.2000000000000003e-05,4.898979485566357e-06,-2.8e-05,-1.6e-05,3
MAPPO+Learned(id),loss,237,-2.166666666666667e-05,1.699673171197595e-06,-2.4e-05,-2e-05,3
MAPPO+Learned(id),loss,238,-2.2333333333333335e-05,3.299831645537221e-06,-2.6e-05,-1.8e-05,3
MAPPO+Learned(id),loss,239,-2.166666666666667e-05,5.557777333511022e-06,-2.7e-05,-1.4e-05,3
MAPPO+Learned(id),loss,240,-2.0333333333333334e-05,3.858612300930075e-06,-2.4e-05,-1.5e-05,3
MAPPO+Learned(id),loss,241,-2.2000000000000003e-05,4.08248290463863e-06,-2.7e-05,-1.7e-05,3
MAPPO+Learned(id),loss,242,-1.9e-05,1.6329931618554515e-06,-2.1e-05,-1.7e-05,3
MAPPO+Learned(id),loss,243,-1.9999999999999998e-05,3.5590260840104375e-06,-2.5e-05,-1.7e-05,3
MAPPO+Learned(id),loss,244,-1.6666666666666667e-05,3.3993463423951904e-06,-2e-05,-1.2e-05,3
MAPPO+Learned(id),loss,245,-1.7000000000000003e-05,2.9439202887759497e-06,-2e-05,-1.3e-05,3
MAPPO+Learned(id),loss,246,-1.633333333333333e-05,1.6996731711975952e-06,-1.8e-05,-1.4e-05,3
MAPPO+Learned(id),loss,247,-2.0666666666666663e-05,1.8856180831641262e-06,-2.2e-05,-1.8e-05,3
MAPPO+Learned(id),loss,248,-1.6e-05,4.320493798938574e-06,-2e-05,-1e-05,3
MAPPO+Learned(id),loss,249,-1.6e-05,2.1602468994692872e-06,-1.8e-05,-1.3e-05,3
MAPPO+Learned(id),reward,0,-67.43756666666665,0.8706223725333219,-68.6659,-66.7501,3
MAPPO+Learned(id),reward,1,-66.90070000000001,0.6246691977892506,-67.3627,-66.0176,3
MAPPO+Learned(id),reward,2,-67.0809,2.5112223358356793,-70.1528,-64.0016,3
MAPPO+Learned(id),reward,3,-67.3113,0.41161159685639087,-67.6573,-66.7329,3
MAPPO+Learned(id),reward,4,-67.0727,0.7762589816979006,-68.0726,-66.1803,3
MAPPO+Learned(id),reward,5,-65.5118,0.9641371513776816,-66.422,-64.1775,3
MAPPO+Learned(id),reward,6,-66.09843333333333,1.0676073008784153,-67.4848,-64.8874,3
MAPPO+Learned(id),reward,7,-65.88206666666666,0.5879746101850136,-66.6188,-65.1798,3
MAPPO+Learned(id),reward,8,-67.34383333333334,1.6910058157466192,-69.0414,-65.0363,3
MAPPO+Learned(id),reward,9,-66.7285,0.4146503185416143,-67.3136,-66.4021,3
MAPPO+Learned(id),reward,10,-65.9194,1.0183808357715085,-67.0237,-64.5666,3
MAPPO+Learned(id),reward,11,-65.21643333333333,1.5026029800168639,-66.7659,-63.1823,3
MAPPO+Learned(id),reward,12,-66.49313333333333,0.3885182992973331,-66.9741,-66.0226,3
MAPPO+Learned(id),reward,13,-65.69796666666666,0.1475634176285641,-65.8702,-65.5098,3
MAPPO+Learned(id),reward,14,-65.72386666666667,1.2705661660150618,-67.064,-64.0172,3
MAPPO+Learned(id),reward,15,-65.3094,0.8630550542501143,-66.5296,-64.6742,3
MAPPO+Learned(id),reward,16,-65.7222,0.29611566433856196,-65.9581,-65.3046,3
MAPPO+Learned(id),reward,17,-64.28786666666667,0.2519196476833233,-64.6076,-63.9919,3
MAPPO+Learned(id),reward,18,-63.59226666666666,2.3185011786832326,-65.6488,-60.3524,3
MAPPO+Learned(id),reward,19,-64.52746666666667,2.398114829518293,-67.89,-62.4635,3
MAPPO+Learned(id),reward,20,-65.04416666666667,2.5641990956675382,-68.6703,-63.1988,3
MAPPO+Learned(id),reward,21,-64.82029999999999,3.4799328796209066,-69.636,-61.534,3
MAPPO+Learned(id),reward,22,-63.551566666666666,2.065070485210827,-66.0436,-60.9868,3
MAPPO+Learned(id),reward,23,-64.03053333333334,1.8376413965249647,-66.5428,-62.1984,3
MAPPO+Learned(id),reward,24,-65.18580000000001,1.5015892847246888,-66.9415,-63.2734,3
MAPPO+Learned(id),reward,25,-63.422333333333334,1.410735033787547,-64.8788,-61.5133,3
MAPPO+Learned(id),reward,26,-62.8251,1.9556691812948983,-65.2773,-60.4913,3
MAPPO+Learned(id),reward,27,-61.2442,1.493099293416215,-63.2697,-59.7147,3
MAPPO+Learned(id),reward,28,-62.41416666666667,1.565028916310776,-64.5594,-60.8699,3
MAPPO+Learned(id),reward,29,-61.59823333333333,2.842833668874932,-65.6102,-59.3672,3
MAPPO+Learned(id),reward,30,-62.39419999999999,2.156231213637966,-65.4399,-60.7418,3
MAPPO+Learned(id),reward,31,-62.59016666666667,1.975097976191449,-65.241,-60.5023,3
MAPPO+Learned(id),reward,32,-61.906800000000004,4.140331514102063,-67.4256,-57.4531,3
MAPPO+Learned(id),reward,33,-63.2562,2.929121101399984,-67.3154,-60.5112,3
MAPPO+Learned(id),reward,34,-61.26886666666667,2.3188273334214036,-64.547,-59.5535,3
MAPPO+Learned(id),reward,35,-62.4152,0.7814494737345473,-63.339,-61.428,3
MAPPO+Learned(id),reward,36,-59.392066666666665,2.0953419805739464,-61.5939,-56.5737,3
MAPPO+Learned(id),reward,37,-60.86000000000001,2.1648159937201745,-62.6629,-57.8157,3
MAPPO+Learned(id),reward,38,-62.76376666666666,0.5802161742737691,-63.4843,-62.0635,3
MAPPO+Learned(id),reward,39,-60.47729999999999,1.2249019661453187,-61.9601,-58.9603,3
MAPPO+Learned(id),reward,40,-62.33950000000001,2.0039483226869894,-64.6417,-59.7571,3
MAPPO+Learned(id),reward,41,-60.43096666666667,2.110422954975822,-63.1911,-58.0675,3
MAPPO+Learned(id),reward,42,-60.137766666666664,2.1348936871787214,-62.0371,-57.1556,3
MAPPO+Learned(id),reward,43,-61.51266666666667,2.480936772448844,-63.7653,-58.0568,3
MAPPO+Learned(id),reward,44,-58.5995,2.198607281894607,-61.7088,-57.0438,3
MAPPO+Learned(id),reward,45,-60.163666666666664,0.30979137424330727,-60.5844,-59.8475,3
MAPPO+Learned(id),reward,46,-59.38113333333333,2.06206277358916,-61.8576,-56.8093,3
MAPPO+Learned(id),reward,47,-58.806900000000006,1.0998722865254245,-60.1156,-57.4245,3
MAPPO+Learned(id),reward,48,-59.02653333333333,0.8163368966847518,-59.9878,-57.9922,3
MAPPO+Learned(id),reward,49,-60.569966666666666,1.750610457970465,-62.9284,-58.7386,3
MAPPO+Learned(id),reward,50,-60.75066666666667,1.8940492783686707,-62.9349,-58.3158,3
MAPPO+Learned(id),reward,51,-59.32876666666667,1.85341399284911,-60.8056,-56.715,3
MAPPO+Learned(id),reward,52,-60.0825,2.4936661685157464,-63.2055,-57.1023,3
MAPPO+Learned(id),reward,53,-59.141999999999996,2.1705996514020427,-61.2487,-56.1551,3
MAPPO+Learned(id),reward,54,-58.735733333333336,2.1450395137515654,-60.6016,-55.7314,3
MAPPO+Learned(id),reward,55,-59.610299999999995,2.747938168882263,-62.1734,-55.799,3
MAPPO+Learned(id),reward,56,-60.0611,1.9274053647325975,-61.9947,-57.4305,3
MAPPO+Learned(id),reward,57,-58.7974,0.8046224953355477,-59.8712,-57.9344,3
MAPPO+Learned(id),reward,58,-58.52406666666667,2.050264562332274,-61.3187,-56.4575,3
MAPPO+Learned(id),reward,59,-58.920899999999996,3.960199101897105,-64.5182,-55.9566,3
MAPPO+Learned(id),reward,60,-59.63233333333334,3.4646125876095035,-64.021,-55.5512,3
MAPPO+Learned(id),reward,61,-58.75526666666667,1.7094652659693172,-60.9471,-56.776,3
MAPPO+Learned(id),reward,62,-58.126599999999996,0.8556687365252202,-59.0808,-57.005,3
MAPPO+Learned(id),reward,63,-57.36496666666667,2.2624402052258135,-59.4026,-54.2098,3
MAPPO+Learned(id),reward,64,-56.974266666666665,2.426297923907029,-58.7984,-53.5453,3
MAPPO+Learned(id),reward,65,-56.78026666666667,1.8123837164230854,-58.6749,-54.338,3
MAPPO+Learned(id),reward,66,-56.549566666666664,1.572441308567313,-58.6981,-54.9786,3
MAPPO+Learned(id),reward,67,-56.777366666666666,1.7024436189065275,-58.5291,-54.4711,3
MAPPO+Learned(id),reward,68,-53.63793333333333,2.454538702530929,-56.6523,-50.64,3
MAPPO+Learned(id),reward,69,-54.55013333333333,1.6304922862606717,-56.3323,-52.3919,3
MAPPO+Learned(id),reward,70,-56.55793333333333,1.8947359294166106,-58.856,-54.2155,3
MAPPO+Learned(id),reward,71,-53.85476666666667,1.8890436757494222,-56.1025,-51.4805,3
MAPPO+Learned(id),reward,72,-54.28636666666667,2.586357874609692,-56.2782,-50.6337,3
MAPPO+Learned(id),reward,73,-51.06106666666667,3.50171739039892,-54.9517,-46.4624,3
MAPPO+Learned(id),reward,74,-51.775200000000005,2.758887519756225,-54.4854,-47.9894,3
MAPPO+Learned(id),reward,75,-51.03803333333334,4.715612335164496,-55.8731,-44.6428,3
MAPPO+Learned(id),reward,76,-50.26703333333333,4.907228309567656,-55.2875,-43.6074,3
MAPPO+Learned(id),reward,77,-49.32146666666667,6.120906060561806,-55.0671,-40.8416,3
MAPPO+Learned(id),reward,78,-47.953,4.285952736556948,-51.315,-41.9043,3
MAPPO+Learned(id),reward,79,-48.0488,5.054597226947631,-54.3008,-41.9215,3
MAPPO+Learned(id),reward,80,-47.1351,3.026336620404281,-50.7262,-43.3231,3
MAPPO+Learned(id),reward,81,-46.03333333333334,5.582620637498325,-52.7392,-39.0718,3
MAPPO+Learned(id),reward,82,-47.66426666666666,2.918683596341945,-50.2975,-43.5949,3
MAPPO+Learned(id),reward,83,-48.42676666666667,3.7900396350903165,-53.1003,-43.8173,3
MAPPO+Learned(id),reward,84,-47.0671,4.378203408553176,-52.2024,-41.5037,3
MAPPO+Learned(id),reward,85,-46.967999999999996,3.974381894919845,-52.3852,-42.9617,3
MAPPO+Learned(id),reward,86,-44.6368,0.9827145363736113,-45.953,-43.5923,3
MAPPO+Learned(id),reward,87,-43.368233333333336,2.9603724825696425,-46.9955,-39.7441,3
MAPPO+Learned(id),reward,88,-44.42176666666666,3.3036385661200205,-49.0607,-41.6214,3
MAPPO+Learned(id),reward,89,-43.5541,1.996380586628378,-45.1625,-40.7404,3
MAPPO+Learned(id),reward,90,-42.395700000000005,2.1076985220851654,-45.0635,-39.9104,3
MAPPO+Learned(id),reward,91,-40.79306666666667,1.8933998104526726,-43.4571,-39.2273,3
MAPPO+Learned(id),reward,92,-39.47343333333333,3.6607535484135254,-44.3625,-35.5543,3
MAPPO+Learned(id),reward,93,-44.0691,3.941158436297634,-49.6174,-40.8352,3
MAPPO+Learned(id),reward,94,-41.53043333333333,2.9759016698958463,-44.6026,-37.5033,3
MAPPO+Learned(id),reward,95,-39.2773,2.756354666342245,-43.0524,-36.5485,3
MAPPO+Learned(id),reward,96,-39.8098,3.8615130531955977,-44.87,-35.5013,3
MAPPO+Learned(id),reward,97,-36.2923,1.5840230574921157,-37.7256,-34.0847,3
MAPPO+Learned(id),reward,98,-35.84406666666666,0.7634150349289409,-36.8894,-35.0876,3
MAPPO+Learned(id),reward,99,-36.31236666666666,2.5588861656761703,-38.3859,-32.7071,3
MAPPO+Learned(id),reward,100,-34.574999999999996,2.0499379697932327,-36.1344,-31.6788,3
MAPPO+Learned(id),reward,101,-36.647999999999996,2.815857611220187,-38.7883,-32.6696,3
MAPPO+Learned(id),reward,102,-34.734766666666665,1.8815703022268986,-36.1727,-32.0768,3
MAPPO+Learned(id),reward,103,-34.7916,2.463963657740645,-37.9276,-31.908,3
MAPPO+Learned(id),reward,104,-35.199533333333335,1.1169616565586413,-36.7406,-34.1286,3
MAPPO+Learned(id),reward,105,-33.095400000000005,4.197800036527069,-36.3816,-27.1706,3
MAPPO+Learned(id),reward,106,-31.1947,3.593803620121723,-34.6704,-26.2455,3
MAPPO+Learned(id),reward,107,-28.5586,4.797379093491222,-33.1046,-21.9241,3
MAPPO+Learned(id),reward,108,-29.005266666666667,3.15697888318704,-33.1845,-25.5554,3
MAPPO+Learned(id),reward,109,-28.658533333333335,4.307552598505198,-34.7157,-25.0682,3
MAPPO+Learned(id),reward,110,-27.673666666666662,5.1208565600775104,-34.6722,-22.5619,3
MAPPO+Learned(id),reward,111,-27.401266666666668,3.48553368112004,-32.0687,-23.6947,3
MAPPO+Learned(id),reward,112,-26.31736666666667,6.967848106999909,-32.9698,-16.6955,3
MAPPO+Learned(id),reward,113,-22.737233333333336,6.527613530397018,-30.1701,-14.2796,3
MAPPO+Learned(id),reward,114,-24.7216,6.047437606678274,-30.0051,-16.2557,3
MAPPO+Learned(id),reward,115,-25.335266666666666,5.205309593311642,-31.8285,-19.0851,3
MAPPO+Learned(id),reward,116,-26.265966666666667,5.329287668681019,-32.3933,-19.4018,3
MAPPO+Learned(id),reward,117,-26.229533333333332,5.120028015765365,-30.3197,-19.01,3
MAPPO+Learned(id),reward,118,-24.670533333333335,8.259664626094425,-31.0274,-13.0053,3
MAPPO+Learned(id),reward,119,-21.7209,6.7379367183137004,-26.7747,-12.198,3
MAPPO+Learned(id),reward,120,-20.691733333333335,6.061884142923075,-25.0465,-12.1193,3
MAPPO+Learned(id),reward,121,-20.81226666666667,7.374379527496233,-27.7403,-10.5974,3
MAPPO+Learned(id),reward,122,-22.673133333333336,7.222377559748283,-28.3973,-12.4851,3
MAPPO+Learned(id),reward,123,-22.2771,8.770005675406752,-30.6269,-10.1599,3
MAPPO+Learned(id),reward,124,-20.3313,8.38115477962315,-26.7947,-8.4953,3
MAPPO+Learned(id),reward,125,-18.9272,7.360851890915887,-24.9074,-8.558,3
MAPPO+Learned(id),reward,126,-18.548066666666667,6.472052596270283,-24.5942,-9.574,3
MAPPO+Learned(id),reward,127,-14.930266666666668,5.172494238652074,-19.3366,-7.6704,3
MAPPO+Learned(id),reward,128,-15.044866666666666,4.740306419303386,-21.2742,-9.7849,3
MAPPO+Learned(id),reward,129,-15.009300000000001,3.656503660602571,-18.3217,-9.9142,3
MAPPO+Learned(id),reward,130,-13.070133333333333,3.506859640127554,-17.0679,-8.5295,3
MAPPO+Learned(id),reward,131,-14.226133333333332,4.281541373799342,-18.2335,-8.2914,3
MAPPO+Learned(id),reward,132,-12.4007,4.034743239249143,-17.1317,-7.2726,3
MAPPO+Learned(id),reward,133,-12.8322,5.331132810826107,-19.7835,-6.8285,3
MAPPO+Learned(id),reward,134,-9.823433333333332,2.752544647331911,-12.3539,-5.9965,3
MAPPO+Learned(id),reward,135,-10.477766666666668,2.777998350531468,-12.4777,-6.5493,3
MAPPO+Learned(id),reward,136,-9.558933333333334,2.5137225640250933,-11.393,-6.0046,3
MAPPO+Learned(id),reward,137,-8.981366666666668,2.1778102922175955,-10.8938,-5.9344,3
MAPPO+Learned(id),reward,138,-8.334433333333333,1.847152766346688,-10.0129,-5.7617,3
MAPPO+Learned(id),reward,139,-8.3521,2.0473305611616968,-10.7331,-5.7349,3
MAPPO+Learned(id),reward,140,-9.021433333333333,2.096482014126417,-10.7649,-6.0729,3
MAPPO+Learned(id),reward,141,-8.9907,2.726432908887851,-11.7863,-5.2932,3
MAPPO+Learned(id),reward,142,-8.1898,2.284115900445218,-10.6225,-5.133,3
MAPPO+Learned(id),reward,143,-7.775633333333334,2.005811989084609,-9.989,-5.1325,3
MAPPO+Learned(id),reward,144,-7.2973333333333334,1.683715307157227,-8.9146,-4.9752,3
MAPPO+Learned(id),reward,145,-7.878699999999999,2.148493320135454,-10.4029,-5.1519,3
MAPPO+Learned(id),reward,146,-6.5331,1.2683178334576342,-7.7196,-4.7749,3
MAPPO+Learned(id),reward,147,-6.7068,1.40611917228472,-7.7136,-4.7183,3
MAPPO+Learned(id),reward,148,-6.685633333333333,1.8110657752335282,-8.7875,-4.3672,3
MAPPO+Learned(id),reward,149,-6.453233333333333,1.4067683446664399,-7.7356,-4.4948,3
MAPPO+Learned(id),reward,150,-6.1696,1.4345600858799885,-7.5002,-4.178,3
MAPPO+Learned(id),reward,151,-7.050366666666666,1.9103345890765375,-8.416,-4.3488,3
MAPPO+Learned(id),reward,152,-6.337433333333333,1.432919519334177,-7.7508,-4.3731,3
MAPPO+Learned(id),reward,153,-6.103366666666666,1.4585410526352087,-7.3064,-4.0508,3
MAPPO+Learned(id),reward,154,-5.756766666666667,1.2115809763372083,-6.8005,-4.0581,3
MAPPO+Learned(id),reward,155,-5.744433333333333,1.3228940530350701,-6.8507,-3.8847,3
MAPPO+Learned(id),reward,156,-5.4661,0.9940880879814757,-6.2058,-4.0609,3
MAPPO+Learned(id),reward,157,-5.2932,1.0246017112354764,-6.0212,-3.8442,3
MAPPO+Learned(id),reward,158,-5.296133333333333,1.0478461220787885,-6.0967,-3.8159,3
MAPPO+Learned(id),reward,159,-5.196666666666666,0.9519861355199571,-5.9763,-3.8563,3
MAPPO+Learned(id),reward,160,-5.207,0.9938110383770146,-5.9494,-3.8023,3
MAPPO+Learned(id),reward,161,-5.020533333333334,0.8937825288563707,-5.8714,-3.7856,3
MAPPO+Learned(id),reward,162,-5.1244,1.0347361435006832,-6.0207,-3.6745,3
MAPPO+Learned(id),reward,163,-4.7471,0.8804838026146005,-5.5813,-3.5294,3
MAPPO+Learned(id),reward,164,-4.732166666666667,0.7739933089001624,-5.3136,-3.6383,3
MAPPO+Learned(id),reward,165,-4.6023,0.7941441472847778,-5.4173,-3.5256,3
MAPPO+Learned(id),reward,166,-4.6791,0.7504176970194667,-5.2187,-3.6179,3
MAPPO+Learned(id),reward,167,-4.680499999999999,0.8286534498811912,-5.343,-3.5121,3
MAPPO+Learned(id),reward,168,-4.591566666666666,0.7418769005404844,-5.1656,-3.544,3
MAPPO+Learned(id),reward,169,-4.530166666666666,0.7927719736609148,-5.1502,-3.4112,3
MAPPO+Learned(id),reward,170,-4.2876,0.7222437307908367,-4.9196,-3.2767,3
MAPPO+Learned(id),reward,171,-4.081933333333333,0.7698305628874157,-4.8576,-3.0325,3
MAPPO+Learned(id),reward,172,-4.008066666666667,0.6948659359105819,-4.5555,-3.0276,3
MAPPO+Learned(id),reward,173,-4.0063,0.7933946937054722,-4.8048,-2.9244,3
MAPPO+Learned(id),reward,174,-3.9417000000000004,0.7893359783176407,-4.6813,-2.8478,3
MAPPO+Learned(id),reward,175,-3.9078,0.880126767384487,-4.737,-2.6893,3
MAPPO+Learned(id),reward,176,-3.892,0.829484406122261,-4.5269,-2.7203,3
MAPPO+Learned(id),reward,177,-3.8113000000000006,0.8042258430731176,-4.4482,-2.6768,3
MAPPO+Learned(id),reward,178,-3.6660333333333335,0.795966872565826,-4.2681,-2.5413,3
MAPPO+Learned(id),reward,179,-3.6572333333333336,0.7583857168720648,-4.2148,-2.585,3
MAPPO+Learned(id),reward,180,-3.8013333333333335,0.8642079623691405,-4.4211,-2.5792,3
MAPPO+Learned(id),reward,181,-3.6456666666666666,0.7218788094656576,-4.2452,-2.6303,3
MAPPO+Learned(id),reward,182,-3.615266666666667,0.7675963797610188,-4.175,-2.5299,3
MAPPO+Learned(id),reward,183,-3.5185333333333335,0.7344075813576242,-4.0543,-2.4801,3
MAPPO+Learned(id),reward,184,-3.538933333333333,0.7673508990170158,-4.1312,-2.4553,3
MAPPO+Learned(id),reward,185,-3.4445333333333337,0.715620161507175,-4.0207,-2.4359,3
MAPPO+Learned(id),reward,186,-3.5121,0.7294607186134149,-4.1442,-2.49,3
MAPPO+Learned(id),reward,187,-3.4217,0.7279115651414438,-3.9871,-2.394,3
MAPPO+Learned(id),reward,188,-3.3194,0.6737376690275427,-3.8703,-2.3707,3
MAPPO+Learned(id),reward,189,-3.3697,0.7000116046657132,-3.9634,-2.3868,3
MAPPO+Learned(id),reward,190,-3.2982,0.7083508217448939,-3.897,-2.3033,3
MAPPO+Learned(id),reward,191,-3.1570666666666667,0.5487989937632499,-3.5652,-2.3813,3
MAPPO+Learned(id),reward,192,-3.1061,0.5924542401457404,-3.6269,-2.2773,3
MAPPO+Learned(id),reward,193,-3.0464,0.5773326770589035,-3.596,-2.2487,3
MAPPO+Learned(id),reward,194,-3.0035666666666665,0.5513438511693244,-3.5633,-2.2536,3
MAPPO+Learned(id),reward,195,-3.0321,0.5841736956305605,-3.6135,-2.2331,3
MAPPO+Learned(id),reward,196,-2.9613,0.5716242821994181,-3.5647,-2.1937,3
MAPPO+Learned(id),reward,197,-2.9233999999999996,0.5753627435511154,-3.5625,-2.1677,3
MAPPO+Learned(id),reward,198,-2.8542,0.5227990882419999,-3.4454,-2.1741,3
MAPPO+Learned(id),reward,199,-2.923433333333333,0.554670234363526,-3.537,-2.1934,3
MAPPO+Learned(id),reward,200,-2.9092333333333333,0.584670171027126,-3.4583,-2.0993,3
MAPPO+Learned(id),reward,201,-2.9338666666666664,0.5692185188679494,-3.4172,-2.1347,3
MAPPO+Learned(id),reward,202,-2.8488666666666664,0.5017771439814912,-3.3714,-2.1718,3
MAPPO+Learned(id),reward,203,-2.7652666666666668,0.4841603132113256,-3.3528,-2.167,3
MAPPO+Learned(id),reward,204,-2.710366666666667,0.48852761323070465,-3.3016,-2.1052,3
MAPPO+Learned(id),reward,205,-2.6860999999999997,0.45432724622970466,-3.2294,-2.1174,3
MAPPO+Learned(id),reward,206,-2.6742666666666666,0.48210065569569843,-3.2709,-2.0902,3
MAPPO+Learned(id),reward,207,-2.634533333333333,0.5048173685161353,-3.2923,-2.0653,3
MAPPO+Learned(id),reward,208,-2.625033333333333,0.47750966715054277,-3.1822,-2.016,3
MAPPO+Learned(id),reward,209,-2.6056333333333335,0.5020810979203348,-3.1763,-1.9544,3
MAPPO+Learned(id),reward,210,-2.5520333333333336,0.47142216984590607,-3.1211,-1.9667,3
MAPPO+Learned(id),reward,211,-2.5279666666666665,0.4632745070569812,-3.1012,-1.9666,3
MAPPO+Learned(id),reward,212,-2.5285333333333333,0.4827958597815667,-3.1243,-1.9418,3
MAPPO+Learned(id),reward,213,-2.4827333333333335,0.4827180152244395,-3.1086,-1.9337,3
MAPPO+Learned(id),reward,214,-2.4850333333333334,0.484414673142294,-3.0966,-1.9119,3
MAPPO+Learned(id),reward,215,-2.4542333333333333,0.4407146191761235,-3.0158,-1.9393,3
MAPPO+Learned(id),reward,216,-2.4454999999999996,0.47223731322291757,-3.0517,-1.8997,3
MAPPO+Learned(id),reward,217,-2.4011666666666667,0.47263210734025335,-3.0058,-1.8521,3
MAPPO+Learned(id),reward,218,-2.390966666666667,0.4613879519690801,-2.9924,-1.8711,3
MAPPO+Learned(id),reward,219,-2.4044000000000003,0.47174637253507307,-2.9964,-1.842,3
MAPPO+Learned(id),reward,220,-2.376333333333333,0.4520116321020462,-2.943,-1.8368,3
MAPPO+Learned(id),reward,221,-2.3835,0.5087839882176588,-3.0499,-1.8153,3
MAPPO+Learned(id),reward,222,-2.3297,0.4687309889478185,-2.9452,-1.8088,3
MAPPO+Learned(id),reward,223,-2.300966666666666,0.4531918235018025,-2.8958,-1.7969,3
MAPPO+Learned(id),reward,224,-2.314,0.49838701829000326,-2.9758,-1.7731,3
MAPPO+Learned(id),reward,225,-2.2936666666666667,0.470372152898343,-2.9099,-1.7686,3
MAPPO+Learned(id),reward,226,-2.2789333333333333,0.474851277302226,-2.9013,-1.7493,3
MAPPO+Learned(id),reward,227,-2.2569,0.5007674576753832,-2.9262,-1.7218,3
MAPPO+Learned(id),reward,228,-2.2517,0.45178992905995585,-2.8581,-1.7742,3
MAPPO+Learned(id),reward,229,-2.2687666666666666,0.5047785807218403,-2.9528,-1.7499,3
MAPPO+Learned(id),reward,230,-2.2002333333333333,0.43454153873811513,-2.7859,-1.7462,3
MAPPO+Learned(id),reward,231,-2.1608,0.4418282094509887,-2.7568,-1.7003,3
MAPPO+Learned(id),reward,232,-2.1566,0.39954821986839095,-2.6857,-1.7203,3
MAPPO+Learned(id),reward,233,-2.1335,0.4051649293806166,-2.6678,-1.6871,3
MAPPO+Learned(id),reward,234,-2.0955,0.39830506733742,-2.6353,-1.6862,3
MAPPO+Learned(id),reward,235,-2.0730333333333335,0.3741958162364845,-2.5768,-1.6808,3
MAPPO+Learned(id),reward,236,-2.0671,0.42599091539609146,-2.6416,-1.6228,3
MAPPO+Learned(id),reward,237,-2.0771333333333333,0.37049545506284165,-2.5721,-1.6808,3
MAPPO+Learned(id),reward,238,-2.0505333333333335,0.3929265354009859,-2.5896,-1.6642,3
MAPPO+Learned(id),reward,239,-2.0139333333333336,0.35969891421700034,-2.4925,-1.6253,3
MAPPO+Learned(id),reward,240,-1.9918666666666667,0.3591891454682647,-2.4695,-1.6033,3
MAPPO+Learned(id),reward,241,-1.9786666666666666,0.36121282123178056,-2.4584,-1.5868,3
MAPPO+Learned(id),reward,242,-1.9861666666666666,0.3436616003506291,-2.436,-1.6019,3
MAPPO+Learned(id),reward,243,-1.9667000000000001,0.3458027472418343,-2.4261,-1.5918,3
MAPPO+Learned(id),reward,244,-1.9206,0.28755646402054685,-2.2972,-1.5994,3
MAPPO+Learned(id),reward,245,-1.9103333333333332,0.32042765520819544,-2.3213,-1.5395,3
MAPPO+Learned(id),reward,246,-1.8691333333333333,0.27303754727550233,-2.2276,-1.5656,3
MAPPO+Learned(id),reward,247,-1.8839333333333332,0.28772487244279427,-2.2557,-1.5548,3
MAPPO+Learned(id),reward,248,-1.8972,0.2903219247662843,-2.2886,-1.5941,3
MAPPO+Learned(id),reward,249,-1.8659666666666668,0.2871826054775756,-2.2493,-1.5581,3
MAPPO+Learned(id),queue,0,16.872533333333333,0.220036214191109,16.6979,17.1829,3
MAPPO+Learned(id),queue,1,16.7383,0.158557644617555,16.5141,16.8538,3
MAPPO+Learned(id),queue,2,16.782766666666667,0.630702858369577,16.0101,17.555,3
MAPPO+Learned(id),queue,3,16.841333333333335,0.1025051001441165,16.6975,16.9289,3
MAPPO+Learned(id),queue,4,16.7807,0.1944525820519403,16.5558,17.0302,3
MAPPO+Learned(id),queue,5,16.389733333333336,0.24086325765647387,16.0565,16.6175,3
MAPPO+Learned(id),queue,6,16.535666666666668,0.26928352262170663,16.2315,16.8862,3
MAPPO+Learned(id),queue,7,16.482033333333334,0.14918242374876242,16.3031,16.6683,3
MAPPO+Learned(id),queue,8,16.848833333333335,0.42363649774567563,16.2707,17.274,3
MAPPO+Learned(id),queue,9,16.692800000000002,0.10391563886153092,16.6095,16.8393,3
MAPPO+Learned(id),queue,10,16.491866666666667,0.25654920688935107,16.1503,16.7686,3
MAPPO+Learned(id),queue,11,16.31716666666667,0.3763043301490018,15.808,16.7058,3
MAPPO+Learned(id),queue,12,16.633399999999998,0.09737463735490814,16.515,16.7535,3
MAPPO+Learned(id),queue,13,16.43596666666667,0.0359941044555297,16.3904,16.4784,3
MAPPO+Learned(id),queue,14,16.442733333333333,0.31971679481830306,16.0133,16.78,3
MAPPO+Learned(id),queue,15,16.33996666666667,0.21625950974594396,16.1802,16.6457,3
MAPPO+Learned(id),queue,16,16.439833333333333,0.07580753407295426,16.3333,16.5035,3
MAPPO+Learned(id),queue,17,16.082600000000003,0.06252599459424944,16.0081,16.1611,3
MAPPO+Learned(id),queue,18,15.9064,0.5833249580351131,15.0913,16.424,3
MAPPO+Learned(id),queue,19,16.1414,0.6011961576723527,15.626,16.9847,3
MAPPO+Learned(id),queue,20,16.270166666666668,0.6435847021868125,15.8084,17.1803,3
MAPPO+Learned(id),queue,21,16.214266666666663,0.8732099416647877,15.3898,17.4227,3
MAPPO+Learned(id),queue,22,15.899233333333333,0.5176329480325695,15.257,16.5246,3
MAPPO+Learned(id),queue,23,16.01823333333333,0.46181363003801457,15.5584,16.6498,3
MAPPO+Learned(id),queue,24,16.309933333333333,0.3775478277281195,15.8285,16.7506,3
MAPPO+Learned(id),queue,25,15.8651,0.3541300420278782,15.3855,16.2298,3
MAPPO+Learned(id),queue,26,15.715266666666666,0.4917797632635515,15.1277,16.3313,3
MAPPO+Learned(id),queue,27,15.317433333333334,0.3749587118011199,14.9319,15.8255,3
MAPPO+Learned(id),queue,28,15.612966666666665,0.39272480893821243,15.2252,16.1512,3
MAPPO+Learned(id),queue,29,15.4071,0.7123164652502882,14.8473,16.4123,3
MAPPO+Learned(id),queue,30,15.606833333333334,0.5415370737283114,15.1892,16.3716,3
MAPPO+Learned(id),queue,31,15.657033333333333,0.4965181858591784,15.1336,16.3241,3
MAPPO+Learned(id),queue,32,15.486066666666668,1.0385132396310073,14.3681,16.8699,3
MAPPO+Learned(id),queue,33,15.824300000000001,0.733328480286973,15.138,16.8408,3
MAPPO+Learned(id),queue,34,15.324233333333332,0.5809369979227995,14.8943,16.1455,3
MAPPO+Learned(id),queue,35,15.614766666666668,0.19625433045469934,15.3667,15.8466,3
MAPPO+Learned(id),queue,36,14.8563,0.5275705260910625,14.1466,15.4105,3
MAPPO+Learned(id),queue,37,15.222699999999998,0.5433575802360728,14.4584,15.6737,3
MAPPO+Learned(id),queue,38,15.702066666666667,0.1426089369180244,15.5301,15.8793,3
MAPPO+Learned(id),queue,39,15.128133333333333,0.307719789563312,14.7469,15.5005,3
MAPPO+Learned(id),queue,40,15.594133333333332,0.5014742155773205,14.9483,16.1708,3
MAPPO+Learned(id),queue,41,15.118733333333333,0.5288632421419445,14.5258,15.81,3
MAPPO+Learned(id),queue,42,15.041766666666666,0.5357534341674559,14.2927,15.5149,3
MAPPO+Learned(id),queue,43,15.386833333333334,0.621460335732611,14.5208,15.9495,3
MAPPO+Learned(id),queue,44,14.654833333333334,0.5515928470247681,14.2628,15.4349,3
MAPPO+Learned(id),queue,45,15.049866666666667,0.07653000863858704,14.9701,15.1531,3
MAPPO+Learned(id),queue,46,14.852766666666668,0.5194502820824676,14.2057,15.4775,3
MAPPO+Learned(id),queue,47,14.707666666666666,0.278376320033791,14.3589,15.0402,3
MAPPO+Learned(id),queue,48,14.764266666666666,0.20478037557886752,14.5044,15.0049,3
MAPPO+Learned(id),queue,49,15.1489,0.44068978507184275,14.687,15.7422,3
MAPPO+Learned(id),queue,50,15.195300000000001,0.4740190713462915,14.5849,15.7405,3
MAPPO+Learned(id),queue,51,14.839933333333335,0.4656571294656856,14.1832,15.2105,3
MAPPO+Learned(id),queue,52,15.026466666666666,0.6242025597156385,14.2814,15.809,3
MAPPO+Learned(id),queue,53,14.791666666666666,0.5455978148375922,14.0406,15.3203,3
MAPPO+Learned(id),queue,54,14.6912,0.5384769323440576,13.9367,15.1578,3
MAPPO+Learned(id),queue,55,14.911666666666667,0.6917509490817884,13.9526,15.5583,3
MAPPO+Learned(id),queue,56,15.024133333333333,0.48282634789561996,14.365,15.5081,3
MAPPO+Learned(id),queue,57,14.707866666666666,0.20018795057534192,14.4935,14.9752,3
MAPPO+Learned(id),queue,58,14.638933333333332,0.5155640040016585,14.1175,15.341,3
MAPPO+Learned(id),queue,59,14.738066666666667,0.993989142574282,13.9977,16.1431,3
MAPPO+Learned(id),queue,60,14.917633333333333,0.868307266403368,13.8959,16.0184,3
MAPPO+Learned(id),queue,61,14.6976,0.4289362734330903,14.2021,15.2484,3
MAPPO+Learned(id),queue,62,14.538499999999999,0.21633628143856687,14.2549,14.7797,3
MAPPO+Learned(id),queue,63,14.349466666666666,0.565993794626368,13.5599,14.8581,3
MAPPO+Learned(id),queue,64,14.2487,0.6069799172954569,13.3908,14.703,3
MAPPO+Learned(id),queue,65,14.200666666666669,0.4531065535708889,13.5898,14.6737,3
MAPPO+Learned(id),queue,66,14.144766666666664,0.39612728874553554,13.7495,14.6862,3
MAPPO+Learned(id),queue,67,14.198366666666667,0.4277461266790018,13.6187,14.638,3
MAPPO+Learned(id),queue,68,13.411566666666666,0.61535492378157,12.6591,14.1664,3
MAPPO+Learned(id),queue,69,13.644799999999998,0.41021443985635875,13.101,14.0917,3
MAPPO+Learned(id),queue,70,14.145000000000001,0.47297421353247876,13.5605,14.7189,3
MAPPO+Learned(id),queue,71,13.467133333333331,0.4742962669986862,12.8723,14.033,3
MAPPO+Learned(id),queue,72,13.576666666666666,0.6488705075402611,12.6602,14.0751,3
MAPPO+Learned(id),queue,73,12.7656,0.8801157537506078,11.6101,13.744,3
MAPPO+Learned(id),queue,74,12.948099999999998,0.6915057628104045,11.999,13.6268,3
MAPPO+Learned(id),queue,75,12.7594,1.182250810953412,11.1556,13.9705,3
MAPPO+Learned(id),queue,76,12.565199999999999,1.2361192849667324,10.8863,13.8265,3
MAPPO+Learned(id),queue,77,12.329133333333333,1.540166087003462,10.1957,13.776,3
MAPPO+Learned(id),queue,78,11.983466666666667,1.0772890430252329,10.4633,12.831,3
MAPPO+Learned(id),queue,79,12.006300000000001,1.271338643582687,10.4661,13.5797,3
MAPPO+Learned(id),queue,80,11.777033333333334,0.761895584855446,10.817,12.6807,3
MAPPO+Learned(id),queue,81,11.499600000000001,1.404065155183334,9.7484,13.1858,3
MAPPO+Learned(id),queue,82,11.910666666666666,0.7345074282961487,10.8864,12.5725,3
MAPPO+Learned(id),queue,83,12.105200000000002,0.9524019739584747,10.945,13.2778,3
MAPPO+Learned(id),queue,84,11.7617,1.0994131646777137,10.3671,13.0543,3
MAPPO+Learned(id),queue,85,11.7357,0.99952132877026,10.7269,13.0976,3
MAPPO+Learned(id),queue,86,11.153,0.24617558774175843,10.8891,11.4816,3
MAPPO+Learned(id),queue,87,10.831433333333335,0.7440325276640956,9.9203,11.7428,3
MAPPO+Learned(id),queue,88,11.097233333333334,0.8299196038706935,10.3911,12.2622,3
MAPPO+Learned(id),queue,89,10.878099999999998,0.4992617149351631,10.1746,11.2819,3
MAPPO+Learned(id),queue,90,10.587333333333335,0.5295228313197542,9.9646,11.2589,3
MAPPO+Learned(id),queue,91,10.183133333333332,0.47349075551224373,9.7963,10.8499,3
MAPPO+Learned(id),queue,92,9.853,0.9190863978248548,8.8721,11.082,3
MAPPO+Learned(id),queue,93,11.00693333333333,0.9896282006670761,10.1914,12.3997,3
MAPPO+Learned(id),queue,94,10.370166666666668,0.7498772225430566,9.3543,11.1417,3
MAPPO+Learned(id),queue,95,9.805633333333333,0.690143918968275,9.1263,10.7522,3
MAPPO+Learned(id),queue,96,9.939300000000001,0.9675968616457306,8.8624,11.2089,3
MAPPO+Learned(id),queue,97,9.053533333333332,0.398408587033741,8.4985,9.415,3
MAPPO+Learned(id),queue,98,8.94,0.19381281347389448,8.7419,9.2031,3
MAPPO+Learned(id),queue,99,9.057633333333333,0.6422388773311338,8.153,9.5802,3
MAPPO+Learned(id),queue,100,8.6228,0.5124966601517189,7.8986,9.01,3
MAPPO+Learned(id),queue,101,9.141133333333332,0.7035883566088589,8.1469,9.6726,3
MAPPO+Learned(id),queue,102,8.664266666666668,0.4705032364984916,7.9996,9.0235,3
MAPPO+Learned(id),queue,103,8.6733,0.618484605036105,7.9512,9.4618,3
MAPPO+Learned(id),queue,104,8.780233333333333,0.27937379181941135,8.5131,9.1659,3
MAPPO+Learned(id),queue,105,8.251866666666666,1.0523113111411257,6.7667,9.0766,3
MAPPO+Learned(id),queue,106,7.770366666666667,0.9023725850347084,6.5289,8.647,3
MAPPO+Learned(id),queue,107,7.109233333333333,1.207208665567897,5.4394,8.252,3
MAPPO+Learned(id),queue,108,7.224633333333333,0.7917457055281211,6.3597,8.2729,3
MAPPO+Learned(id),queue,109,7.133400000000001,1.0845132640959263,6.2286,8.6583,3
MAPPO+Learned(id),queue,110,6.885466666666667,1.2895748765473922,5.5982,8.6479,3
MAPPO+Learned(id),queue,111,6.817066666666666,0.8766024577246452,5.8867,7.9918,3
MAPPO+Learned(id),queue,112,6.545733333333334,1.7544193613716066,4.1225,8.2188,3
MAPPO+Learned(id),queue,113,5.640999999999999,1.6439976236803588,3.5112,7.5134,3
MAPPO+Learned(id),queue,114,6.141466666666666,1.5232213547464322,4.0092,7.4729,3
MAPPO+Learned(id),queue,115,6.2983,1.3080534035988998,4.7269,7.9293,3
MAPPO+Learned(id),queue,116,6.5333,1.3419305670066042,4.8044,8.0755,3
MAPPO+Learned(id),queue,117,6.522566666666667,1.2914411699940327,4.7014,7.5525,3
MAPPO+Learned(id),queue,118,6.1270999999999995,2.083872400124345,3.1838,7.7273,3
MAPPO+Learned(id),queue,119,5.383500000000001,1.7003616928955634,2.9804,6.6604,3
MAPPO+Learned(id),queue,120,5.127199999999999,1.52928252458465,2.9646,6.2292,3
MAPPO+Learned(id),queue,121,5.1582,1.8596617972093743,2.5822,6.9052,3
MAPPO+Learned(id),queue,122,5.6248000000000005,1.8216544147193965,3.0552,7.0693,3
MAPPO+Learned(id),queue,123,5.526533333333333,2.2086756308299824,2.474,7.6263,3
MAPPO+Learned(id),queue,124,5.040466666666667,2.1135815989820586,2.0556,6.6699,3
MAPPO+Learned(id),queue,125,4.6816,1.8564181210061486,2.0666,6.191,3
MAPPO+Learned(id),queue,126,4.589133333333333,1.6313868953201207,2.3269,6.1125,3
MAPPO+Learned(id),queue,127,3.6767000000000003,1.3008867462875724,1.8507,4.784,3
MAPPO+Learned(id),queue,128,3.7054666666666667,1.1952192834603848,2.3817,5.2776,3
MAPPO+Learned(id),queue,129,3.698066666666667,0.9168357371355508,2.4206,4.529,3
MAPPO+Learned(id),queue,130,3.204366666666667,0.8813212518082659,2.063,4.2087,3
MAPPO+Learned(id),queue,131,3.4988333333333337,1.0748559634770707,2.0087,4.5039,3
MAPPO+Learned(id),queue,132,3.0396,1.012771507629765,1.7529,4.2278,3
MAPPO+Learned(id),queue,133,3.1496666666666666,1.3420242852579911,1.6422,4.902,3
MAPPO+Learned(id),queue,134,2.3912999999999998,0.6885542292852951,1.4343,3.0256,3
MAPPO+Learned(id),queue,135,2.555633333333333,0.6926556255135415,1.5761,3.052,3
MAPPO+Learned(id),queue,136,2.3244333333333334,0.629714826109583,1.434,2.7822,3
MAPPO+Learned(id),queue,137,2.1807000000000003,0.5448390832775001,1.4189,2.6617,3
MAPPO+Learned(id),queue,138,2.0174,0.45892867274410587,1.3787,2.4366,3
MAPPO+Learned(id),queue,139,2.0214,0.5073860923070976,1.3725,2.6111,3
MAPPO+Learned(id),queue,140,2.1914000000000002,0.5246931357152166,1.4538,2.6303,3
MAPPO+Learned(id),queue,141,2.1818000000000004,0.6800622177418768,1.2611,2.8829,3
MAPPO+Learned(id),queue,142,1.9821666666666669,0.568808821622481,1.2209,2.5879,3
MAPPO+Learned(id),queue,143,1.8785333333333334,0.5003808971395912,1.2194,2.4311,3
MAPPO+Learned(id),queue,144,1.7613333333333336,0.4168472968472855,1.1863,2.1613,3
MAPPO+Learned(id),queue,145,1.9041000000000003,0.5350847845591078,1.2263,2.5344,3
MAPPO+Learned(id),queue,146,1.5674333333333335,0.31550998223335014,1.1298,1.8616,3
MAPPO+Learned(id),queue,147,1.6076,0.3514746458376004,1.1106,1.8628,3
MAPPO+Learned(id),queue,148,1.6059666666666665,0.44913068872607176,1.0319,2.1284,3
MAPPO+Learned(id),queue,149,1.5482666666666667,0.3477266391226815,1.0641,1.8649,3
MAPPO+Learned(id),queue,150,1.4767666666666666,0.35614486128852435,0.983,1.8097,3
MAPPO+Learned(id),queue,151,1.6959333333333333,0.47279784498474847,1.0273,2.0322,3
MAPPO+Learned(id),queue,152,1.5202333333333333,0.35375758492064713,1.0355,1.8698,3
MAPPO+Learned(id),queue,153,1.4594333333333334,0.3590935749293707,0.9541,1.7557,3
MAPPO+Learned(id),queue,154,1.3755,0.29968921680078286,0.9553,1.6335,3
MAPPO+Learned(id),queue,155,1.3718666666666668,0.32719625439312244,0.9122,1.6477,3
MAPPO+Learned(id),queue,156,1.3015999999999999,0.24510940414435342,0.9552,1.4859,3
MAPPO+Learned(id),queue,157,1.26,0.25152941511216276,0.9043,1.4408,3
MAPPO+Learned(id),queue,158,1.2616333333333334,0.2593794817551218,0.8955,1.4641,3
MAPPO+Learned(id),queue,159,1.2357333333333334,0.23575668719159493,0.9039,1.4297,3
MAPPO+Learned(id),queue,160,1.2381,0.2444612171013363,0.8925,1.4188,3
MAPPO+Learned(id),queue,161,1.1929999999999998,0.2209063300737819,0.8895,1.4089,3
MAPPO+Learned(id),queue,162,1.2196333333333333,0.25597768565942525,0.8614,1.4439,3
MAPPO+Learned(id),queue,163,1.1256000000000002,0.2178635505693109,0.8249,1.3341,3
MAPPO+Learned(id),queue,164,1.1209,0.19121277851301327,0.8506,1.2629,3
MAPPO+Learned(id),queue,165,1.0875,0.19742473671418848,0.8212,1.2933,3
MAPPO+Learned(id),queue,166,1.1093666666666666,0.18428590709968998,0.8488,1.2442,3
MAPPO+Learned(id),queue,167,1.1086,0.20747872180057406,0.8158,1.2715,3
MAPPO+Learned(id),queue,168,1.0857666666666665,0.18414226987727603,0.8258,1.229,3
MAPPO+Learned(id),queue,169,1.0716666666666665,0.19470075044082968,0.7968,1.2232,3
MAPPO+Learned(id),queue,170,1.0115666666666667,0.17891357938649846,0.7616,1.1705,3
MAPPO+Learned(id),queue,171,0.9626000000000001,0.1902976090233401,0.7034,1.1549,3
MAPPO+Learned(id),queue,172,0.9448333333333334,0.17295657129914305,0.7009,1.0824,3
MAPPO+Learned(id),queue,173,0.9426,0.19700817241931873,0.6737,1.1402,3
MAPPO+Learned(id),queue,174,0.9267666666666665,0.1970571716251121,0.6537,1.1115,3
MAPPO+Learned(id),queue,175,0.9162333333333333,0.21855892162577628,0.6138,1.1227,3
MAPPO+Learned(id),queue,176,0.9125333333333333,0.20906964283595925,0.6172,1.0724,3
MAPPO+Learned(id),queue,177,0.8904333333333333,0.2015552254070553,0.6064,1.0532,3
MAPPO+Learned(id),queue,178,0.8588666666666667,0.1963278267479054,0.5815,1.0084,3
MAPPO+Learned(id),queue,179,0.8546999999999999,0.18896615217193438,0.5876,0.9957,3
MAPPO+Learned(id),queue,180,0.891,0.21532488631522986,0.5865,1.0459,3
MAPPO+Learned(id),queue,181,0.8529333333333332,0.18186940980335928,0.5971,1.0038,3
MAPPO+Learned(id),queue,182,0.8448666666666668,0.19164850348721457,0.5739,0.9855,3
MAPPO+Learned(id),queue,183,0.8193333333333332,0.18214399675958456,0.5618,0.9528,3
MAPPO+Learned(id),queue,184,0.8278,0.19191822911507567,0.5569,0.9777,3
MAPPO+Learned(id),queue,185,0.8011666666666666,0.1793581209634946,0.5487,0.9486,3
MAPPO+Learned(id),queue,186,0.8208666666666667,0.1816279224740024,0.5664,0.9784,3
MAPPO+Learned(id),queue,187,0.7978666666666667,0.18036092210404728,0.5432,0.9376,3
MAPPO+Learned(id),queue,188,0.7733,0.16890117426076906,0.5354,0.9108,3
MAPPO+Learned(id),queue,189,0.7853333333333333,0.1742218190188078,0.5411,0.9356,3
MAPPO+Learned(id),queue,190,0.7678666666666666,0.1750235095319737,0.5218,0.9141,3
MAPPO+Learned(id),queue,191,0.7310666666666666,0.1356263822254194,0.5394,0.8332,3
MAPPO+Learned(id),queue,192,0.7216999999999999,0.14797839932458612,0.5146,0.8513,3
MAPPO+Learned(id),queue,193,0.7068333333333333,0.1440306988881961,0.5079,0.8442,3
MAPPO+Learned(id),queue,194,0.6930999999999999,0.13380336318643116,0.5116,0.8302,3
MAPPO+Learned(id),queue,195,0.7012666666666667,0.14424124082784218,0.5043,0.8457,3
MAPPO+Learned(id),queue,196,0.6837333333333332,0.1428080607746713,0.4932,0.837,3
MAPPO+Learned(id),queue,197,0.6753666666666667,0.1437130551558286,0.4881,0.8374,3
MAPPO+Learned(id),queue,198,0.6575333333333333,0.1289073655338937,0.4905,0.8043,3
MAPPO+Learned(id),queue,199,0.6749333333333333,0.1385504079949083,0.4933,0.8294,3
MAPPO+Learned(id),queue,200,0.6712333333333333,0.1434685641138465,0.473,0.8078,3
MAPPO+Learned(id),queue,201,0.6799,0.14309838107633036,0.4791,0.8021,3
MAPPO+Learned(id),queue,202,0.6595666666666667,0.12448615273283299,0.4912,0.7883,3
MAPPO+Learned(id),queue,203,0.6356333333333334,0.12035174374400327,0.4881,0.7829,3
MAPPO+Learned(id),queue,204,0.6223333333333333,0.120534402650124,0.4732,0.7684,3
MAPPO+Learned(id),queue,205,0.6167,0.1115823462739514,0.4791,0.7524,3
MAPPO+Learned(id),queue,206,0.6133666666666666,0.11804251588116695,0.4715,0.7605,3
MAPPO+Learned(id),queue,207,0.6040666666666666,0.12572860542542505,0.4631,0.7684,3
MAPPO+Learned(id),queue,208,0.6002333333333333,0.1180025235135061,0.4513,0.7399,3
MAPPO+Learned(id),queue,209,0.5985333333333333,0.1234601240167133,0.441,0.7425,3
MAPPO+Learned(id),queue,210,0.5850333333333333,0.11704604032412011,0.4413,0.728,3
MAPPO+Learned(id),queue,211,0.5771666666666667,0.11548498699927288,0.4377,0.7205,3
MAPPO+Learned(id),queue,212,0.5792666666666667,0.11881785312915824,0.4373,0.7281,3
MAPPO+Learned(id),queue,213,0.5677333333333333,0.12138636203828208,0.4304,0.7256,3
MAPPO+Learned(id),queue,214,0.5686999999999999,0.1215364965761314,0.4261,0.7231,3
MAPPO+Learned(id),queue,215,0.5604333333333333,0.11191167151920402,0.4311,0.7041,3
MAPPO+Learned(id),queue,216,0.5595333333333333,0.11838672035137875,0.4244,0.7127,3
MAPPO+Learned(id),queue,217,0.5497666666666666,0.11840825797027651,0.4131,0.7019,3
MAPPO+Learned(id),queue,218,0.5461333333333332,0.11467636586886108,0.419,0.6969,3
MAPPO+Learned(id),queue,219,0.5504666666666667,0.11741164999928906,0.4128,0.6997,3
MAPPO+Learned(id),queue,220,0.5438333333333333,0.11215656715304527,0.4111,0.6854,3
MAPPO+Learned(id),queue,221,0.5439666666666666,0.12675546887171726,0.4041,0.711,3
MAPPO+Learned(id),queue,222,0.5310333333333334,0.11578728581133405,0.4043,0.6842,3
MAPPO+Learned(id),queue,223,0.5249333333333334,0.11217077258458295,0.4004,0.6723,3
MAPPO+Learned(id),queue,224,0.5267666666666667,0.12495573438444334,0.3925,0.6934,3
MAPPO+Learned(id),queue,225,0.5196333333333333,0.11610054072034101,0.392,0.6729,3
MAPPO+Learned(id),queue,226,0.5187666666666666,0.11739237151062624,0.3873,0.6723,3
MAPPO+Learned(id),queue,227,0.5130333333333333,0.1249768600803987,0.3812,0.6809,3
MAPPO+Learned(id),queue,228,0.5097333333333333,0.11033984875022362,0.3939,0.6582,3
MAPPO+Learned(id),queue,229,0.5149333333333334,0.12403016658144993,0.3889,0.6836,3
MAPPO+Learned(id),queue,230,0.4966,0.10887849496878009,0.3823,0.6431,3
MAPPO+Learned(id),queue,231,0.4888666666666667,0.108190490442655,0.377,0.6352,3
MAPPO+Learned(id),queue,232,0.4868333333333334,0.0989097343821909,0.3788,0.6178,3
MAPPO+Learned(id),queue,233,0.48279999999999995,0.10017754239349254,0.3733,0.6154,3
MAPPO+Learned(id),queue,234,0.47426666666666667,0.09704494949363529,0.3741,0.6056,3
MAPPO+Learned(id),queue,235,0.46736666666666665,0.09350452157813309,0.3706,0.5938,3
MAPPO+Learned(id),queue,236,0.46769999999999995,0.10608835939913482,0.3558,0.6102,3
MAPPO+Learned(id),queue,237,0.47046666666666664,0.09261955637025164,0.3706,0.5938,3
MAPPO+Learned(id),queue,238,0.4627333333333333,0.09730660591941104,0.3685,0.5967,3
MAPPO+Learned(id),queue,239,0.45396666666666663,0.09101154993857771,0.3565,0.5755,3
MAPPO+Learned(id),queue,240,0.4498666666666667,0.08973577262657792,0.355,0.5703,3
MAPPO+Learned(id),queue,241,0.4452,0.09093869730025092,0.3464,0.5659,3
MAPPO+Learned(id),queue,242,0.4507666666666667,0.0846180963046453,0.3571,0.5621,3
MAPPO+Learned(id),queue,243,0.4438,0.08542474270764103,0.3514,0.5574,3
MAPPO+Learned(id),queue,244,0.4345666666666667,0.07217207831903477,0.3543,0.5293,3
MAPPO+Learned(id),queue,245,0.43,0.0792561669524839,0.3389,0.5321,3
MAPPO+Learned(id),queue,246,0.41896666666666665,0.06744500640439503,0.3438,0.5074,3
MAPPO+Learned(id),queue,247,0.42263333333333336,0.07157198396641586,0.3421,0.516,3
MAPPO+Learned(id),queue,248,0.42313333333333336,0.07026200174268371,0.3501,0.518,3
MAPPO+Learned(id),queue,249,0.4190333333333333,0.07088207734603218,0.342,0.5131,3
MAPPO+Learned(id),delay,0,0.13263333333333335,0.0019014614262602226,0.131,0.1353,3
MAPPO+Learned(id),delay,1,0.13343333333333332,0.0007133644853010804,0.1327,0.1344,3
MAPPO+Learned(id),delay,2,0.13276666666666667,0.001554205763583301,0.1308,0.1346,3
MAPPO+Learned(id),delay,3,0.13156666666666667,0.0009741092797468267,0.1306,0.1329,3
MAPPO+Learned(id),delay,4,0.13313333333333333,0.0028170118131728753,0.1297,0.1366,3
MAPPO+Learned(id),delay,5,0.13249999999999998,0.001003327796219495,0.1311,0.1334,3
MAPPO+Learned(id),delay,6,0.13319999999999999,0.0014165686240583803,0.1312,0.1343,3
MAPPO+Learned(id),delay,7,0.13096666666666668,0.000903081145609607,0.1298,0.132,3
MAPPO+Learned(id),delay,8,0.1329,0.0012832251036613482,0.1311,0.134,3
MAPPO+Learned(id),delay,9,0.13116666666666665,0.0010530379332620878,0.1301,0.1326,3
MAPPO+Learned(id),delay,10,0.13066666666666668,0.0009533566430716817,0.1294,0.1317,3
MAPPO+Learned(id),delay,11,0.13096666666666668,0.0004496912521077421,0.1304,0.1315,3
MAPPO+Learned(id),delay,12,0.1328,0.0015748015748023685,0.1306,0.1342,3
MAPPO+Learned(id),delay,13,0.13293333333333335,0.0013474255287605147,0.1313,0.1346,3
MAPPO+Learned(id),delay,14,0.13136666666666666,0.0010208928554075712,0.1301,0.1326,3
MAPPO+Learned(id),delay,15,0.13106666666666666,0.0004496912521077373,0.1307,0.1317,3
MAPPO+Learned(id),delay,16,0.13153333333333334,0.0006944222218666468,0.1307,0.1324,3
MAPPO+Learned(id),delay,17,0.12999999999999998,0.0011045361017187293,0.1286,0.1313,3
MAPPO+Learned(id),delay,18,0.13176666666666667,0.0018263503375736932,0.1292,0.1333,3
MAPPO+Learned(id),delay,19,0.132,0.0014764823060233485,0.1301,0.1337,3
MAPPO+Learned(id),delay,20,0.13160000000000002,0.0027288581250527887,0.1279,0.1344,3
MAPPO+Learned(id),delay,21,0.13243333333333332,0.0015326085243430212,0.1313,0.1346,3
MAPPO+Learned(id),delay,22,0.13166666666666668,0.0010402991022884795,0.1302,0.1325,3
MAPPO+Learned(id),delay,23,0.13016666666666668,0.0005312459150169726,0.1295,0.1308,3
MAPPO+Learned(id),delay,24,0.13153333333333336,0.001249888883950182,0.1298,0.1327,3
MAPPO+Learned(id),delay,25,0.1315666666666667,0.0008730533902472553,0.1309,0.1328,3
MAPPO+Learned(id),delay,26,0.13196666666666668,0.0006128258770283417,0.1312,0.1327,3
MAPPO+Learned(id),delay,27,0.1312333333333333,0.0020805982045769647,0.1283,0.1329,3
MAPPO+Learned(id),delay,28,0.13306666666666667,0.00110855260988773,0.1318,0.1345,3
MAPPO+Learned(id),delay,29,0.13063333333333335,0.0015326085243430243,0.1286,0.1323,3
MAPPO+Learned(id),delay,30,0.12983333333333333,0.0007930251502246822,0.129,0.1309,3
MAPPO+Learned(id),delay,31,0.132,0.0006164414002968973,0.1312,0.1327,3
MAPPO+Learned(id),delay,32,0.13003333333333333,0.0011953614051360684,0.1287,0.1316,3
MAPPO+Learned(id),delay,33,0.13186666666666666,0.0004496912521077373,0.1315,0.1325,3
MAPPO+Learned(id),delay,34,0.12916666666666665,0.0008576453553512481,0.1281,0.1302,3
MAPPO+Learned(id),delay,35,0.12983333333333336,0.0006182412330330517,0.1293,0.1307,3
MAPPO+Learned(id),delay,36,0.1287,0.0017682382946499744,0.1262,0.13,3
MAPPO+Learned(id),delay,37,0.12926666666666667,0.0008730533902472607,0.1281,0.1302,3
MAPPO+Learned(id),delay,38,0.13133333333333333,0.0006018490028422533,0.1305,0.1319,3
MAPPO+Learned(id),delay,39,0.1287,0.0007788880963698553,0.1277,0.1296,3
MAPPO+Learned(id),delay,40,0.13043333333333332,0.0016048537489614359,0.1292,0.1327,3
MAPPO+Learned(id),delay,41,0.12959999999999997,0.000927361849549567,0.1283,0.1304,3
MAPPO+Learned(id),delay,42,0.12906666666666666,0.0005436502143433361,0.1283,0.1295,3
MAPPO+Learned(id),delay,43,0.12873333333333334,0.0007039570693980976,0.1278,0.1295,3
MAPPO+Learned(id),delay,44,0.12876666666666667,0.0009463379711052254,0.1277,0.13,3
MAPPO+Learned(id),delay,45,0.1287,0.0010424330514074607,0.1276,0.1301,3
MAPPO+Learned(id),delay,46,0.1285666666666667,0.0014974051630144156,0.1265,0.13,3
MAPPO+Learned(id),delay,47,0.1278,0.0023622023622035405,0.1245,0.1299,3
MAPPO+Learned(id),delay,48,0.12826666666666667,0.0003299831645537251,0.1278,0.1285,3
MAPPO+Learned(id),delay,49,0.12873333333333334,0.0010656244908763821,0.1275,0.1301,3
MAPPO+Learned(id),delay,50,0.12746666666666667,0.0018624953392932016,0.125,0.1295,3
MAPPO+Learned(id),delay,51,0.1285,0.0013140268896284651,0.1267,0.1298,3
MAPPO+Learned(id),delay,52,0.1277,0.0012754084313139301,0.1259,0.1287,3
MAPPO+Learned(id),delay,53,0.12799999999999997,0.0011775681155103788,0.1268,0.1296,3
MAPPO+Learned(id),delay,54,0.1267,0.0012027745701779203,0.1251,0.128,3
MAPPO+Learned(id),delay,55,0.12910000000000002,0.002192411153654047,0.126,0.1307,3
MAPPO+Learned(id),delay,56,0.129,0.001208304597359462,0.1273,0.13,3
MAPPO+Learned(id),delay,57,0.12760000000000002,0.0014854853303438193,0.1265,0.1297,3
MAPPO+Learned(id),delay,58,0.1268,0.0017907168024751058,0.1243,0.1284,3
MAPPO+Learned(id),delay,59,0.1281,0.0020848661028149214,0.1253,0.1303,3
MAPPO+Learned(id),delay,60,0.12616666666666668,0.0031721006008987545,0.1219,0.1295,3
MAPPO+Learned(id),delay,61,0.1259,0.0018018509002319498,0.1238,0.1282,3
MAPPO+Learned(id),delay,62,0.1259,0.0006976149845485477,0.125,0.1267,3
MAPPO+Learned(id),delay,63,0.12563333333333335,0.0028778850258865856,0.1226,0.1295,3
MAPPO+Learned(id),delay,64,0.12533333333333332,0.0034567164895155764,0.1207,0.129,3
MAPPO+Learned(id),delay,65,0.12566666666666668,0.0016779617264870927,0.1237,0.1278,3
MAPPO+Learned(id),delay,66,0.12560000000000002,0.0006683312551921097,0.1247,0.1263,3
MAPPO+Learned(id),delay,67,0.12553333333333333,0.0020677416559027727,0.1228,0.1278,3
MAPPO+Learned(id),delay,68,0.12486666666666668,0.001611072796479277,0.1226,0.1262,3
MAPPO+Learned(id),delay,69,0.12483333333333334,0.00046427960923946666,0.1242,0.1253,3
MAPPO+Learned(id),delay,70,0.12469999999999999,0.0017281975195754253,0.1223,0.1263,3
MAPPO+Learned(id),delay,71,0.12353333333333333,0.0015412837362262495,0.1219,0.1256,3
MAPPO+Learned(id),delay,72,0.1234,0.0026191601707417586,0.1199,0.1262,3
MAPPO+Learned(id),delay,73,0.12216666666666666,0.00140079342596338,0.1206,0.124,3
MAPPO+Learned(id),delay,74,0.12166666666666666,0.003072819913731067,0.1181,0.1256,3
MAPPO+Learned(id),delay,75,0.12046666666666667,0.004099864496405816,0.1152,0.1252,3
MAPPO+Learned(id),delay,76,0.11983333333333333,0.004819635763093398,0.1134,0.125,3
MAPPO+Learned(id),delay,77,0.11996666666666667,0.004733802793620462,0.1135,0.1247,3
MAPPO+Learned(id),delay,78,0.11976666666666667,0.0036279777042068813,0.1147,0.123,3
MAPPO+Learned(id),delay,79,0.11923333333333334,0.004482806660514764,0.1134,0.1243,3
MAPPO+Learned(id),delay,80,0.11913333333333335,0.004302195821773912,0.1157,0.1252,3
MAPPO+Learned(id),delay,81,0.11793333333333333,0.004927699485786672,0.1143,0.1249,3
MAPPO+Learned(id),delay,82,0.11873333333333334,0.00402685430026411,0.1144,0.1241,3
MAPPO+Learned(id),delay,83,0.12163333333333333,0.004859583887078768,0.1156,0.1275,3
MAPPO+Learned(id),delay,84,0.11783333333333333,0.003966806720216598,0.1123,0.1214,3
MAPPO+Learned(id),delay,85,0.11850000000000001,0.004102032016777372,0.1155,0.1243,3
MAPPO+Learned(id),delay,86,0.11663333333333332,0.0006847546194724712,0.1161,0.1176,3
MAPPO+Learned(id),delay,87,0.1155,0.0030626785662227138,0.1117,0.1192,3
MAPPO+Learned(id),delay,88,0.11526666666666667,0.003068477726097348,0.1129,0.1196,3
MAPPO+Learned(id),delay,89,0.11333333333333334,0.0029825417944356718,0.1096,0.1169,3
MAPPO+Learned(id),delay,90,0.11223333333333334,0.00396848697728604,0.1084,0.1177,3
MAPPO+Learned(id),delay,91,0.11016666666666668,0.0021312489817527738,0.1081,0.1131,3
MAPPO+Learned(id),delay,92,0.10866666666666665,0.0049694623004461515,0.103,0.1151,3
MAPPO+Learned(id),delay,93,0.1139,0.00631558917811052,0.1088,0.1228,3
MAPPO+Learned(id),delay,94,0.11109999999999999,0.0030210373494325878,0.1074,0.1148,3
MAPPO+Learned(id),delay,95,0.1095,0.004733568069296847,0.1046,0.1159,3
MAPPO+Learned(id),delay,96,0.10946666666666666,0.003916063783387036,0.1065,0.115,3
MAPPO+Learned(id),delay,97,0.10809999999999999,0.0013952299690970903,0.1065,0.1099,3
MAPPO+Learned(id),delay,98,0.10723333333333335,0.0010964589468932366,0.1057,0.1082,3
MAPPO+Learned(id),delay,99,0.10613333333333334,0.0035490217744549783,0.1012,0.1094,3
MAPPO+Learned(id),delay,100,0.10389999999999999,0.0019304576314093662,0.1017,0.1064,3
MAPPO+Learned(id),delay,101,0.10763333333333334,0.002040152499746582,0.1049,0.1098,3
MAPPO+Learned(id),delay,102,0.10573333333333335,0.0006847546194724712,0.1052,0.1067,3
MAPPO+Learned(id),delay,103,0.10666666666666667,0.003458644564308718,0.1036,0.1115,3
MAPPO+Learned(id),delay,104,0.1069,0.0013490737563232,0.1058,0.1088,3
MAPPO+Learned(id),delay,105,0.105,0.0038995726261561846,0.0995,0.1081,3
MAPPO+Learned(id),delay,106,0.10306666666666665,0.0021746008573733434,0.1008,0.106,3
MAPPO+Learned(id),delay,107,0.10136666666666666,0.00417957998953111,0.0968,0.1069,3
MAPPO+Learned(id),delay,108,0.10313333333333334,0.0026449112566503167,0.0994,0.1052,3
MAPPO+Learned(id),delay,109,0.10116666666666667,0.004956028876249837,0.0954,0.1075,3
MAPPO+Learned(id),delay,110,0.09843333333333333,0.003946587837050576,0.0942,0.1037,3
MAPPO+Learned(id),delay,111,0.09953333333333332,0.0008178562764256869,0.0985,0.1005,3
MAPPO+Learned(id),delay,112,0.09923333333333334,0.0068975035741604025,0.0898,0.1061,3
MAPPO+Learned(id),delay,113,0.09323333333333333,0.006691453919407614,0.0838,0.0986,3
MAPPO+Learned(id),delay,114,0.09703333333333335,0.005268986830712542,0.0907,0.1036,3
MAPPO+Learned(id),delay,115,0.09806666666666668,0.004676418382575374,0.0917,0.1028,3
MAPPO+Learned(id),delay,116,0.09733333333333334,0.0031372316175606488,0.0931,0.1006,3
MAPPO+Learned(id),delay,117,0.09853333333333335,0.004045024378445972,0.0931,0.1028,3
MAPPO+Learned(id),delay,118,0.09630000000000001,0.008904306074403926,0.0839,0.1044,3
MAPPO+Learned(id),delay,119,0.09216666666666667,0.005686436103180586,0.0842,0.0971,3
MAPPO+Learned(id),delay,120,0.09083333333333332,0.007095695095541302,0.0808,0.096,3
MAPPO+Learned(id),delay,121,0.0917,0.008154753215150046,0.0802,0.0982,3
MAPPO+Learned(id),delay,122,0.09253333333333334,0.00772283770528827,0.082,0.1003,3
MAPPO+Learned(id),delay,123,0.09219999999999999,0.010208819716304137,0.0778,0.1003,3
MAPPO+Learned(id),delay,124,0.09076666666666666,0.010030730559413689,0.0768,0.0999,3
MAPPO+Learned(id),delay,125,0.08879999999999999,0.008132650244538988,0.0773,0.0947,3
MAPPO+Learned(id),delay,126,0.0892,0.007963667496825817,0.0781,0.0964,3
MAPPO+Learned(id),delay,127,0.0855,0.009577403962800502,0.072,0.0932,3
MAPPO+Learned(id),delay,128,0.08439999999999999,0.007405853540724843,0.075,0.0931,3
MAPPO+Learned(id),delay,129,0.0843,0.0068600291544569985,0.0746,0.0893,3
MAPPO+Learned(id),delay,130,0.0821,0.0068736210738348565,0.0728,0.0892,3
MAPPO+Learned(id),delay,131,0.08446666666666668,0.009343209060893134,0.0714,0.0927,3
MAPPO+Learned(id),delay,132,0.08136666666666666,0.008446827149225254,0.0699,0.09,3
MAPPO+Learned(id),delay,133,0.08020000000000001,0.010185283501208989,0.0673,0.0922,3
MAPPO+Learned(id),delay,134,0.07496666666666667,0.007185324550003908,0.0649,0.0812,3
MAPPO+Learned(id),delay,135,0.077,0.00806267118681313,0.0656,0.0829,3
MAPPO+Learned(id),delay,136,0.0751,0.007849840762716144,0.064,0.0808,3
MAPPO+Learned(id),delay,137,0.0747,0.007850265388295266,0.0637,0.0815,3
MAPPO+Learned(id),delay,138,0.07366666666666667,0.007148115524776829,0.0636,0.0795,3
MAPPO+Learned(id),delay,139,0.0737,0.008515084654110413,0.0621,0.0823,3
MAPPO+Learned(id),delay,140,0.0731,0.008208938217983288,0.0617,0.0807,3
MAPPO+Learned(id),delay,141,0.0722,0.009302687783646187,0.0591,0.0798,3
MAPPO+Learned(id),delay,142,0.07073333333333333,0.008710274903175495,0.0585,0.0781,3
MAPPO+Learned(id),delay,143,0.0705,0.010290124715797504,0.0567,0.0814,3
MAPPO+Learned(id),delay,144,0.0696,0.009315578350268973,0.0568,0.0787,3
MAPPO+Learned(id),delay,145,0.06976666666666666,0.009450338030403401,0.0565,0.0778,3
MAPPO+Learned(id),delay,146,0.06603333333333333,0.007741805703810675,0.0551,0.072,3
MAPPO+Learned(id),delay,147,0.06626666666666668,0.008466535432053788,0.0543,0.0726,3
MAPPO+Learned(id),delay,148,0.0656,0.00953729521405309,0.0524,0.0746,3
MAPPO+Learned(id),delay,149,0.06443333333333333,0.008024268744807146,0.0531,0.0706,3
MAPPO+Learned(id),delay,150,0.06283333333333334,0.009122986840332987,0.0501,0.071,3
MAPPO+Learned(id),delay,151,0.0659,0.01018528350120899,0.0515,0.0734,3
MAPPO+Learned(id),delay,152,0.0635,0.009095420092918558,0.0507,0.071,3
MAPPO+Learned(id),delay,153,0.06236666666666666,0.008687666864904268,0.0501,0.0691,3
MAPPO+Learned(id),delay,154,0.061033333333333335,0.008411235871671231,0.0492,0.068,3
MAPPO+Learned(id),delay,155,0.05983333333333333,0.008734732712313273,0.0475,0.0666,3
MAPPO+Learned(id),delay,156,0.059533333333333334,0.007108836441750194,0.0495,0.0651,3
MAPPO+Learned(id),delay,157,0.05843333333333333,0.007600584772824316,0.0477,0.0643,3
MAPPO+Learned(id),delay,158,0.0583,0.007782030583337488,0.0473,0.0641,3
MAPPO+Learned(id),delay,159,0.05740000000000001,0.006651315659326355,0.048,0.0624,3
MAPPO+Learned(id),delay,160,0.05676666666666667,0.0062216467987896,0.048,0.0618,3
MAPPO+Learned(id),delay,161,0.055833333333333325,0.006247310532452257,0.047,0.0604,3
MAPPO+Learned(id),delay,162,0.056299999999999996,0.007072953178599916,0.0463,0.0615,3
MAPPO+Learned(id),delay,163,0.054799999999999995,0.006941661664664064,0.045,0.0602,3
MAPPO+Learned(id),delay,164,0.053733333333333334,0.0050015553136554996,0.0467,0.0579,3
MAPPO+Learned(id),delay,165,0.05386666666666667,0.005956695579112822,0.0455,0.0589,3
MAPPO+Learned(id),delay,166,0.05386666666666667,0.005492014404771915,0.0461,0.0578,3
MAPPO+Learned(id),delay,167,0.05280000000000001,0.005629091104846913,0.0449,0.0576,3
MAPPO+Learned(id),delay,168,0.05263333333333333,0.0047119234100547755,0.046,0.0565,3
MAPPO+Learned(id),delay,169,0.052333333333333336,0.005208539995899896,0.045,0.0566,3
MAPPO+Learned(id),delay,170,0.0515,0.004384822307308092,0.0453,0.0547,3
MAPPO+Learned(id),delay,171,0.050300000000000004,0.004305810028322197,0.0443,0.0542,3
MAPPO+Learned(id),delay,172,0.050333333333333334,0.004202644669993196,0.0444,0.0536,3
MAPPO+Learned(id),delay,173,0.0499,0.003734523619776247,0.0447,0.0533,3
MAPPO+Learned(id),delay,174,0.04993333333333333,0.003785351884420904,0.0446,0.053,3
MAPPO+Learned(id),delay,175,0.04956666666666667,0.0043052938988593515,0.0436,0.0536,3
MAPPO+Learned(id),delay,176,0.04903333333333334,0.0035649528592800344,0.044,0.0518,3
MAPPO+Learned(id),delay,177,0.04866666666666667,0.0037464056848605636,0.0434,0.0518,3
MAPPO+Learned(id),delay,178,0.048100000000000004,0.003677861697599117,0.0429,0.0508,3
MAPPO+Learned(id),delay,179,0.048133333333333334,0.003350953429829917,0.0434,0.0507,3
MAPPO+Learned(id),delay,180,0.048466666666666665,0.003308910528994233,0.0438,0.0511,3
MAPPO+Learned(id),delay,181,0.04756666666666667,0.0028546258754675526,0.0436,0.0502,3
MAPPO+Learned(id),delay,182,0.0472,0.0033950945004029964,0.0424,0.0497,3
MAPPO+Learned(id),delay,183,0.04683333333333334,0.0032221455929585547,0.0423,0.0495,3
MAPPO+Learned(id),delay,184,0.04650000000000001,0.0028577380332470404,0.0425,0.049,3
MAPPO+Learned(id),delay,185,0.04583333333333334,0.0027108834148463273,0.042,0.0478,3
MAPPO+Learned(id),delay,186,0.04633333333333334,0.0027860764925289145,0.0424,0.0485,3
MAPPO+Learned(id),delay,187,0.04573333333333334,0.0029227080289043984,0.0416,0.0478,3
MAPPO+Learned(id),delay,188,0.04533333333333334,0.002735365098523818,0.0415,0.0477,3
MAPPO+Learned(id),delay,189,0.0456,0.002688246020487462,0.0418,0.0476,3
MAPPO+Learned(id),delay,190,0.0451,0.0030430248109405865,0.0408,0.0474,3
MAPPO+Learned(id),delay,191,0.044300000000000006,0.0018547236990991414,0.0417,0.0459,3
MAPPO+Learned(id),delay,192,0.0441,0.002550816862627865,0.0405,0.0461,3
MAPPO+Learned(id),delay,193,0.043833333333333335,0.0027475241379993163,0.04,0.0463,3
MAPPO+Learned(id),delay,194,0.0441,0.002765260686927484,0.0403,0.0468,3
MAPPO+Learned(id),delay,195,0.044000000000000004,0.0026882460204874603,0.0402,0.046,3
MAPPO+Learned(id),delay,196,0.044066666666666664,0.0033028607129106857,0.0395,0.0472,3
MAPPO+Learned(id),delay,197,0.043833333333333335,0.0032765157645821817,0.0392,0.0462,3
MAPPO+Learned(id),delay,198,0.04306666666666666,0.0023697163449568313,0.0399,0.0456,3
MAPPO+Learned(id),delay,199,0.04326666666666667,0.0025170529504870464,0.0398,0.0457,3
MAPPO+Learned(id),delay,200,0.04306666666666667,0.003183638728806325,0.0387,0.0462,3
MAPPO+Learned(id),delay,201,0.043199999999999995,0.0029676028485406654,0.0392,0.0463,3
MAPPO+Learned(id),delay,202,0.0429,0.0024344746182013628,0.0397,0.0456,3
MAPPO+Learned(id),delay,203,0.04243333333333333,0.0021913973218524807,0.0394,0.0445,3
MAPPO+Learned(id),delay,204,0.042133333333333335,0.0026549743668986482,0.0386,0.045,3
MAPPO+Learned(id),delay,205,0.042,0.0022196095752781988,0.039,0.0443,3
MAPPO+Learned(id),delay,206,0.041633333333333335,0.002309882151876055,0.0386,0.0442,3
MAPPO+Learned(id),delay,207,0.0408,0.0019949937343260015,0.038,0.0425,3
MAPPO+Learned(id),delay,208,0.0412,0.002384673283002656,0.0381,0.0439,3
MAPPO+Learned(id),delay,209,0.04083333333333333,0.002584999462712173,0.0375,0.0438,3
MAPPO+Learned(id),delay,210,0.040299999999999996,0.00248596057893121,0.037,0.043,3
MAPPO+Learned(id),delay,211,0.0401,0.002353720459187965,0.037,0.0427,3
MAPPO+Learned(id),delay,212,0.04013333333333333,0.002288133640230736,0.037,0.0424,3
MAPPO+Learned(id),delay,213,0.0396,0.0018402898322456367,0.037,0.041,3
MAPPO+Learned(id),delay,214,0.03956666666666667,0.002145279054627211,0.0366,0.0416,3
MAPPO+Learned(id),delay,215,0.0394,0.0019646882704388493,0.0369,0.0417,3
MAPPO+Learned(id),delay,216,0.03903333333333334,0.0019154343864744847,0.0364,0.0409,3
MAPPO+Learned(id),delay,217,0.038733333333333335,0.0019754043186705414,0.036,0.0406,3
MAPPO+Learned(id),delay,218,0.03883333333333334,0.002053181812591268,0.036,0.0408,3
MAPPO+Learned(id),delay,219,0.03903333333333334,0.0023098821518760548,0.0359,0.0414,3
MAPPO+Learned(id),delay,220,0.038733333333333335,0.002067741655902778,0.036,0.041,3
MAPPO+Learned(id),delay,221,0.0385,0.002404163056034262,0.0351,0.0402,3
MAPPO+Learned(id),delay,222,0.038033333333333336,0.0021545816814923075,0.035,0.0398,3
MAPPO+Learned(id),delay,223,0.03793333333333333,0.002080598204576964,0.035,0.0396,3
MAPPO+Learned(id),delay,224,0.03796666666666667,0.0022691163233490032,0.0348,0.04,3
MAPPO+Learned(id),delay,225,0.037700000000000004,0.002122891110412088,0.0347,0.0393,3
MAPPO+Learned(id),delay,226,0.03766666666666666,0.0024225789747475504,0.0343,0.0399,3
MAPPO+Learned(id),delay,227,0.037566666666666665,0.002345681611434558,0.0343,0.0397,3
MAPPO+Learned(id),delay,228,0.0376,0.0018055470085267793,0.0351,0.0393,3
MAPPO+Learned(id),delay,229,0.037766666666666664,0.002344260129668966,0.0346,0.0402,3
MAPPO+Learned(id),delay,230,0.03716666666666666,0.0020531818125912667,0.0343,0.039,3
MAPPO+Learned(id),delay,231,0.0367,0.0023790754506740628,0.0335,0.0392,3
MAPPO+Learned(id),delay,232,0.0371,0.0021771541057077244,0.0341,0.0392,3
MAPPO+Learned(id),delay,233,0.03673333333333333,0.0023041026211713922,0.0335,0.0387,3
MAPPO+Learned(id),delay,234,0.03613333333333333,0.002015495527710796,0.0334,0.0382,3
MAPPO+Learned(id),delay,235,0.0366,0.0022553639765383023,0.0337,0.0392,3
MAPPO+Learned(id),delay,236,0.0363,0.0025390286856722725,0.0329,0.039,3
MAPPO+Learned(id),delay,237,0.0367,0.0020607442021431653,0.0339,0.0388,3
MAPPO+Learned(id),delay,238,0.03613333333333333,0.002286676384818997,0.0333,0.0389,3
MAPPO+Learned(id),delay,239,0.035899999999999994,0.0024055491403558284,0.0327,0.0385,3
MAPPO+Learned(id),delay,240,0.0354,0.002299275248130737,0.0323,0.0378,3
MAPPO+Learned(id),delay,241,0.03553333333333333,0.002280838052607466,0.0325,0.038,3
MAPPO+Learned(id),delay,242,0.03576666666666667,0.0021561282171728316,0.0329,0.0381,3
MAPPO+Learned(id),delay,243,0.035399999999999994,0.0024859605789312126,0.0321,0.0381,3
MAPPO+Learned(id),delay,244,0.0354,0.0020607442021431635,0.0327,0.0377,3
MAPPO+Learned(id),delay,245,0.03516666666666667,0.002663748403200938,0.0316,0.038,3
MAPPO+Learned(id),delay,246,0.03493333333333333,0.0020677416559027753,0.0322,0.0372,3
MAPPO+Learned(id),delay,247,0.03496666666666667,0.0022881336402307355,0.0321,0.0377,3
MAPPO+Learned(id),delay,248,0.035366666666666664,0.002205044721138831,0.0327,0.0381,3
MAPPO+Learned(id),delay,249,0.034833333333333334,0.002408780235351957,0.0319,0.0378,3
MAPPO+Learned(id),throughput,0,1643.0,23.25224003546038,1612.0,1668.0,3
MAPPO+Learned(id),throughput,1,1655.6666666666667,21.060758665241753,1627.0,1677.0,3
MAPPO+Learned(id),throughput,2,1652.6666666666667,42.05023450852827,1601.0,1704.0,3
MAPPO+Learned(id),throughput,3,1643.0,11.430952132988164,1627.0,1653.0,3
MAPPO+Learned(id),throughput,4,1626.0,17.107503227141788,1603.0,1644.0,3
MAPPO+Learned(id),throughput,5,1681.0,26.993826454703797,1652.0,1717.0,3
MAPPO+Learned(id),throughput,6,1661.0,30.23243291566195,1620.0,1692.0,3
MAPPO+Learned(id),throughput,7,1647.3333333333333,50.38738819276991,1579.0,1699.0,3
MAPPO+Learned(id),throughput,8,1628.3333333333333,46.76418382575375,1581.0,1692.0,3
MAPPO+Learned(id),throughput,9,1622.6666666666667,15.797327481430381,1611.0,1645.0,3
MAPPO+Learned(id),throughput,10,1636.6666666666667,1.699673171197595,1635.0,1639.0,3
MAPPO+Learned(id),throughput,11,1647.3333333333333,52.81624329271777,1580.0,1709.0,3
MAPPO+Learned(id),throughput,12,1684.6666666666667,11.115554667022044,1674.0,1700.0,3
MAPPO+Learned(id),throughput,13,1669.6666666666667,18.372685039360892,1647.0,1692.0,3
MAPPO+Learned(id),throughput,14,1656.3333333333333,22.48456260538674,1628.0,1683.0,3
MAPPO+Learned(id),throughput,15,1640.0,54.57716250105594,1566.0,1696.0,3
MAPPO+Learned(id),throughput,16,1655.6666666666667,17.55625877635159,1634.0,1677.0,3
MAPPO+Learned(id),throughput,17,1663.0,31.88521078284832,1618.0,1688.0,3
MAPPO+Learned(id),throughput,18,1692.3333333333333,28.311756490114767,1664.0,1731.0,3
MAPPO+Learned(id),throughput,19,1703.0,75.45859791965393,1598.0,1772.0,3
MAPPO+Learned(id),throughput,20,1686.3333333333333,44.94688223027513,1630.0,1740.0,3
MAPPO+Learned(id),throughput,21,1676.6666666666667,47.84233364802441,1610.0,1720.0,3
MAPPO+Learned(id),throughput,22,1728.6666666666667,21.23414441151065,1703.0,1755.0,3
MAPPO+Learned(id),throughput,23,1677.3333333333333,48.37584337479009,1611.0,1725.0,3
MAPPO+Learned(id),throughput,24,1670.0,52.32590180780452,1623.0,1743.0,3
MAPPO+Learned(id),throughput,25,1687.0,72.26340706055866,1598.0,1775.0,3
MAPPO+Learned(id),throughput,26,1712.0,49.82636517614612,1642.0,1754.0,3
MAPPO+Learned(id),throughput,27,1739.0,53.29790489941107,1664.0,1783.0,3
MAPPO+Learned(id),throughput,28,1743.3333333333333,24.567367696917707,1712.0,1772.0,3
MAPPO+Learned(id),throughput,29,1738.3333333333333,76.84761255599003,1630.0,1800.0,3
MAPPO+Learned(id),throughput,30,1707.0,73.59800721939872,1607.0,1782.0,3
MAPPO+Learned(id),throughput,31,1704.0,63.31403214664713,1625.0,1780.0,3
MAPPO+Learned(id),throughput,32,1728.0,65.79260343432738,1635.0,1777.0,3
MAPPO+Learned(id),throughput,33,1734.6666666666667,50.28143019268865,1666.0,1785.0,3
MAPPO+Learned(id),throughput,34,1732.0,66.6783323126786,1645.0,1807.0,3
MAPPO+Learned(id),throughput,35,1713.0,37.17526059088221,1672.0,1762.0,3
MAPPO+Learned(id),throughput,36,1767.6666666666667,52.613897614814874,1708.0,1836.0,3
MAPPO+Learned(id),throughput,37,1741.3333333333333,37.67698973585278,1708.0,1794.0,3
MAPPO+Learned(id),throughput,38,1713.6666666666667,25.090945688745084,1681.0,1742.0,3
MAPPO+Learned(id),throughput,39,1772.0,39.06404996924922,1732.0,1825.0,3
MAPPO+Learned(id),throughput,40,1728.3333333333333,40.00277768133385,1686.0,1782.0,3
MAPPO+Learned(id),throughput,41,1733.6666666666667,37.14236873915765,1683.0,1771.0,3
MAPPO+Learned(id),throughput,42,1755.3333333333333,52.027770362460174,1700.0,1825.0,3
MAPPO+Learned(id),throughput,43,1747.3333333333333,57.96742380184083,1672.0,1813.0,3
MAPPO+Learned(id),throughput,44,1751.6666666666667,42.679685513784605,1695.0,1798.0,3
MAPPO+Learned(id),throughput,45,1748.0,6.48074069840786,1739.0,1754.0,3
MAPPO+Learned(id),throughput,46,1743.6666666666667,22.528993664954402,1723.0,1775.0,3
MAPPO+Learned(id),throughput,47,1734.6666666666667,41.55585264302597,1692.0,1791.0,3
MAPPO+Learned(id),throughput,48,1730.3333333333333,36.444783196257625,1679.0,1760.0,3
MAPPO+Learned(id),throughput,49,1708.0,43.48179695765421,1658.0,1764.0,3
MAPPO+Learned(id),throughput,50,1732.6666666666667,64.39634220115991,1644.0,1795.0,3
MAPPO+Learned(id),throughput,51,1738.6666666666667,66.4345960743012,1665.0,1826.0,3
MAPPO+Learned(id),throughput,52,1732.0,45.32107677449864,1677.0,1788.0,3
MAPPO+Learned(id),throughput,53,1767.6666666666667,73.91135832122752,1676.0,1857.0,3
MAPPO+Learned(id),throughput,54,1749.3333333333333,27.920522121829233,1710.0,1772.0,3
MAPPO+Learned(id),throughput,55,1740.0,69.29646455628166,1669.0,1834.0,3
MAPPO+Learned(id),throughput,56,1708.6666666666667,25.61683474245447,1673.0,1732.0,3
MAPPO+Learned(id),throughput,57,1740.3333333333333,42.4682888230213,1689.0,1793.0,3
MAPPO+Learned(id),throughput,58,1785.6666666666667,36.444783196257625,1756.0,1837.0,3
MAPPO+Learned(id),throughput,59,1748.0,84.57343948703202,1631.0,1828.0,3
MAPPO+Learned(id),throughput,60,1759.6666666666667,47.204048790566915,1693.0,1796.0,3
MAPPO+Learned(id),throughput,61,1766.6666666666667,37.1872140511882,1720.0,1811.0,3
MAPPO+Learned(id),throughput,62,1767.6666666666667,38.784303812524755,1734.0,1822.0,3
MAPPO+Learned(id),throughput,63,1761.0,29.223278392404914,1736.0,1802.0,3
MAPPO+Learned(id),throughput,64,1787.3333333333333,17.594190960528863,1765.0,1808.0,3
MAPPO+Learned(id),throughput,65,1757.6666666666667,6.944222218666553,1748.0,1764.0,3
MAPPO+Learned(id),throughput,66,1775.3333333333333,17.613126418163876,1760.0,1800.0,3
MAPPO+Learned(id),throughput,67,1755.6666666666667,17.594190960528863,1735.0,1778.0,3
MAPPO+Learned(id),throughput,68,1820.3333333333333,27.34146220587984,1801.0,1859.0,3
MAPPO+Learned(id),throughput,69,1791.3333333333333,54.84726266845249,1716.0,1845.0,3
MAPPO+Learned(id),throughput,70,1750.3333333333333,54.80470377217229,1681.0,1815.0,3
MAPPO+Learned(id),throughput,71,1785.0,31.283648551066843,1759.0,1829.0,3
MAPPO+Learned(id),throughput,72,1787.6666666666667,43.14574782705192,1743.0,1846.0,3
MAPPO+Learned(id),throughput,73,1846.3333333333333,42.63279905841927,1809.0,1906.0,3
MAPPO+Learned(id),throughput,74,1795.0,26.981475126464083,1757.0,1817.0,3
MAPPO+Learned(id),throughput,75,1826.0,54.5221667458903,1784.0,1903.0,3
MAPPO+Learned(id),throughput,76,1821.0,56.680390495008645,1746.0,1883.0,3
MAPPO+Learned(id),throughput,77,1856.3333333333333,79.84290130555684,1786.0,1968.0,3
MAPPO+Learned(id),throughput,78,1874.6666666666667,63.730334657489095,1815.0,1963.0,3
MAPPO+Learned(id),throughput,79,1877.6666666666667,65.7486797501584,1822.0,1970.0,3
MAPPO+Learned(id),throughput,80,1890.0,56.78027826631356,1826.0,1964.0,3
MAPPO+Learned(id),throughput,81,1895.6666666666667,84.12028424953296,1794.0,2000.0,3
MAPPO+Learned(id),throughput,82,1844.0,21.740898478827106,1816.0,1869.0,3
MAPPO+Learned(id),throughput,83,1865.0,14.98888477061141,1844.0,1878.0,3
MAPPO+Learned(id),throughput,84,1872.6666666666667,55.174470747096635,1795.0,1918.0,3
MAPPO+Learned(id),throughput,85,1888.3333333333333,71.67674347761313,1816.0,1986.0,3
MAPPO+Learned(id),throughput,86,1916.0,31.96873472629156,1875.0,1953.0,3
MAPPO+Learned(id),throughput,87,1900.3333333333333,59.10630724005312,1818.0,1954.0,3
MAPPO+Learned(id),throughput,88,1876.0,64.50322989329035,1825.0,1967.0,3
MAPPO+Learned(id),throughput,89,1873.6666666666667,3.858612300930075,1870.0,1879.0,3
MAPPO+Learned(id),throughput,90,1883.6666666666667,23.299976156401726,1856.0,1913.0,3
MAPPO+Learned(id),throughput,91,1905.6666666666667,32.27313984655902,1867.0,1946.0,3
MAPPO+Learned(id),throughput,92,1927.3333333333333,38.055515004033545,1897.0,1981.0,3
MAPPO+Learned(id),throughput,93,1873.0,44.99629614386796,1820.0,1930.0,3
MAPPO+Learned(id),throughput,94,1887.0,48.92851929090027,1848.0,1956.0,3
MAPPO+Learned(id),throughput,95,1941.6666666666667,23.01207412545761,1910.0,1964.0,3
MAPPO+Learned(id),throughput,96,1916.3333333333333,69.87767088912516,1818.0,1974.0,3
MAPPO+Learned(id),throughput,97,1961.0,39.73243846867024,1905.0,1993.0,3
MAPPO+Learned(id),throughput,98,1981.6666666666667,42.24005471376928,1946.0,2041.0,3
MAPPO+Learned(id),throughput,99,1964.0,16.391054470858997,1950.0,1987.0,3
MAPPO+Learned(id),throughput,100,1987.3333333333333,13.695092389449425,1968.0,1998.0,3
MAPPO+Learned(id),throughput,101,1982.0,51.85235449491823,1926.0,2051.0,3
MAPPO+Learned(id),throughput,102,2004.0,30.59411708155671,1962.0,2034.0,3
MAPPO+Learned(id),throughput,103,2018.6666666666667,22.528993664954402,1998.0,2050.0,3
MAPPO+Learned(id),throughput,104,2004.3333333333333,29.80305726300948,1978.0,2046.0,3
MAPPO+Learned(id),throughput,105,2044.3333333333333,82.51195199619399,1984.0,2161.0,3
MAPPO+Learned(id),throughput,106,2061.3333333333335,101.68688323585408,1959.0,2200.0,3
MAPPO+Learned(id),throughput,107,2211.3333333333335,146.06467365139625,2018.0,2371.0,3
MAPPO+Learned(id),throughput,108,2154.3333333333335,103.69935176053684,2010.0,2249.0,3
MAPPO+Learned(id),throughput,109,2161.6666666666665,84.71258597293688,2044.0,2240.0,3
MAPPO+Learned(id),throughput,110,2140.6666666666665,123.14309652685456,1975.0,2270.0,3
MAPPO+Learned(id),throughput,111,2171.0,134.9765411716668,1995.0,2323.0,3
MAPPO+Learned(id),throughput,112,2224.6666666666665,217.27146358619873,1977.0,2506.0,3
MAPPO+Learned(id),throughput,113,2305.6666666666665,218.8855611704182,2028.0,2563.0,3
MAPPO+Learned(id),throughput,114,2265.3333333333335,220.42736268944066,2005.0,2544.0,3
MAPPO+Learned(id),throughput,115,2212.0,151.92761434314698,2023.0,2395.0,3
MAPPO+Learned(id),throughput,116,2163.3333333333335,154.87701213830567,1969.0,2348.0,3
MAPPO+Learned(id),throughput,117,2218.3333333333335,145.95965957147962,2068.0,2416.0,3
MAPPO+Learned(id),throughput,118,2294.0,253.11394008759507,2054.0,2644.0,3
MAPPO+Learned(id),throughput,119,2334.3333333333335,242.43945406820418,2153.0,2677.0,3
MAPPO+Learned(id),throughput,120,2343.0,226.98458097412697,2181.0,2664.0,3
MAPPO+Learned(id),throughput,121,2345.3333333333335,249.97777679003568,2112.0,2692.0,3
MAPPO+Learned(id),throughput,122,2333.6666666666665,244.61988653600687,2102.0,2672.0,3
MAPPO+Learned(id),throughput,123,2355.0,249.0100399582314,2098.0,2692.0,3
MAPPO+Learned(id),throughput,124,2348.6666666666665,243.25752243707123,2130.0,2688.0,3
MAPPO+Learned(id),throughput,125,2384.0,225.91591356077598,2191.0,2701.0,3
MAPPO+Learned(id),throughput,126,2379.3333333333335,215.05089836801167,2213.0,2683.0,3
MAPPO+Learned(id),throughput,127,2508.6666666666665,141.64823409496577,2364.0,2701.0,3
MAPPO+Learned(id),throughput,128,2507.0,166.5913163003002,2282.0,2680.0,3
MAPPO+Learned(id),throughput,129,2509.0,126.41466159693134,2374.0,2678.0,3
MAPPO+Learned(id),throughput,130,2578.6666666666665,85.37889408721311,2472.0,2681.0,3
MAPPO+Learned(id),throughput,131,2569.0,84.31290925277497,2503.0,2688.0,3
MAPPO+Learned(id),throughput,132,2604.3333333333335,60.140576060500855,2537.0,2683.0,3
MAPPO+Learned(id),throughput,133,2551.0,138.30642308536025,2360.0,2683.0,3
MAPPO+Learned(id),throughput,134,2648.3333333333335,34.4222150491349,2613.0,2695.0,3
MAPPO+Learned(id),throughput,135,2632.0,43.29742101634538,2586.0,2690.0,3
MAPPO+Learned(id),throughput,136,2662.3333333333335,25.61683474245447,2639.0,2698.0,3
MAPPO+Learned(id),throughput,137,2669.6666666666665,11.67142760000773,2654.0,2682.0,3
MAPPO+Learned(id),throughput,138,2679.6666666666665,17.46106780494506,2661.0,2703.0,3
MAPPO+Learned(id),throughput,139,2677.6666666666665,32.87687468250121,2635.0,2715.0,3
MAPPO+Learned(id),throughput,140,2673.3333333333335,25.037749277618563,2641.0,2702.0,3
MAPPO+Learned(id),throughput,141,2682.3333333333335,8.379870059984356,2671.0,2691.0,3
MAPPO+Learned(id),throughput,142,2684.0,8.04155872120988,2673.0,2692.0,3
MAPPO+Learned(id),throughput,143,2689.0,2.943920288775949,2685.0,2692.0,3
MAPPO+Learned(id),throughput,144,2693.3333333333335,11.08552609887726,2685.0,2709.0,3
MAPPO+Learned(id),throughput,145,2693.0,20.607442021431645,2676.0,2722.0,3
MAPPO+Learned(id),throughput,146,2693.3333333333335,17.016332024133625,2675.0,2716.0,3
MAPPO+Learned(id),throughput,147,2695.3333333333335,25.170529504870487,2671.0,2730.0,3
MAPPO+Learned(id),throughput,148,2696.3333333333335,12.256517540566822,2681.0,2711.0,3
MAPPO+Learned(id),throughput,149,2694.3333333333335,20.23747898221405,2672.0,2721.0,3
MAPPO+Learned(id),throughput,150,2702.3333333333335,24.783507060588143,2675.0,2735.0,3
MAPPO+Learned(id),throughput,151,2704.3333333333335,27.740864362084245,2676.0,2742.0,3
MAPPO+Learned(id),throughput,152,2699.0,32.25936556516056,2670.0,2744.0,3
MAPPO+Learned(id),throughput,153,2712.3333333333335,36.261396675926434,2674.0,2761.0,3
MAPPO+Learned(id),throughput,154,2703.6666666666665,27.47524137999317,2672.0,2739.0,3
MAPPO+Learned(id),throughput,155,2705.6666666666665,31.541859312489635,2669.0,2746.0,3
MAPPO+Learned(id),throughput,156,2714.0,26.620793877468543,2680.0,2745.0,3
MAPPO+Learned(id),throughput,157,2719.3333333333335,33.02860712910687,2688.0,2765.0,3
MAPPO+Learned(id),throughput,158,2713.6666666666665,34.70190516703978,2671.0,2756.0,3
MAPPO+Learned(id),throughput,159,2720.3333333333335,34.70190516703978,2678.0,2763.0,3
MAPPO+Learned(id),throughput,160,2708.6666666666665,26.10661899893503,2674.0,2737.0,3
MAPPO+Learned(id),throughput,161,2709.6666666666665,26.246692913372705,2673.0,2733.0,3
MAPPO+Learned(id),throughput,162,2710.6666666666665,28.075295585660754,2671.0,2732.0,3
MAPPO+Learned(id),throughput,163,2710.6666666666665,30.90127649287144,2667.0,2734.0,3
MAPPO+Learned(id),throughput,164,2719.0,40.849316599750686,2670.0,2770.0,3
MAPPO+Learned(id),throughput,165,2726.0,38.47943173523573,2681.0,2775.0,3
MAPPO+Learned(id),throughput,166,2720.6666666666665,29.578520735305357,2687.0,2759.0,3
MAPPO+Learned(id),throughput,167,2717.0,36.851051545376556,2674.0,2764.0,3
MAPPO+Learned(id),throughput,168,2722.3333333333335,43.91152721350309,2672.0,2779.0,3
MAPPO+Learned(id),throughput,169,2722.0,41.697322056298376,2678.0,2778.0,3
MAPPO+Learned(id),throughput,170,2738.3333333333335,47.41542177627678,2682.0,2798.0,3
MAPPO+Learned(id),throughput,171,2736.3333333333335,44.94688223027513,2680.0,2790.0,3
MAPPO+Learned(id),throughput,172,2745.6666666666665,51.551484513596264,2678.0,2803.0,3
MAPPO+Learned(id),throughput,173,2738.3333333333335,48.99206284922306,2678.0,2798.0,3
MAPPO+Learned(id),throughput,174,2744.6666666666665,52.04058245467879,2678.0,2805.0,3
MAPPO+Learned(id),throughput,175,2745.0,49.88653793025396,2682.0,2804.0,3
MAPPO+Learned(id),throughput,176,2745.0,52.94021785624486,2675.0,2803.0,3
MAPPO+Learned(id),throughput,177,2747.3333333333335,53.754586367635234,2678.0,2809.0,3
MAPPO+Learned(id),throughput,178,2746.6666666666665,51.49325737954005,2682.0,2808.0,3
MAPPO+Learned(id),throughput,179,2743.3333333333335,51.12294548982439,2683.0,2808.0,3
MAPPO+Learned(id),throughput,180,2744.3333333333335,51.03158063613376,2682.0,2807.0,3
MAPPO+Learned(id),throughput,181,2736.6666666666665,51.42200134399888,2683.0,2806.0,3
MAPPO+Learned(id),throughput,182,2746.6666666666665,51.09685791600976,2686.0,2811.0,3
MAPPO+Learned(id),throughput,183,2748.6666666666665,46.57848812011351,2693.0,2807.0,3
MAPPO+Learned(id),throughput,184,2744.6666666666665,53.48104544810453,2679.0,2810.0,3
MAPPO+Learned(id),throughput,185,2744.3333333333335,50.215092905973556,2683.0,2806.0,3
MAPPO+Learned(id),throughput,186,2746.6666666666665,50.63156678946007,2684.0,2808.0,3
MAPPO+Learned(id),throughput,187,2744.6666666666665,48.883080463035014,2689.0,2808.0,3
MAPPO+Learned(id),throughput,188,2750.0,50.701742244884116,2686.0,2810.0,3
MAPPO+Learned(id),throughput,189,2752.0,48.99659852139398,2688.0,2807.0,3
MAPPO+Learned(id),throughput,190,2752.6666666666665,49.358101890391026,2687.0,2806.0,3
MAPPO+Learned(id),throughput,191,2759.6666666666665,50.86146762421322,2690.0,2810.0,3
MAPPO+Learned(id),throughput,192,2763.3333333333335,53.66770185337008,2688.0,2809.0,3
MAPPO+Learned(id),throughput,193,2763.6666666666665,53.580676450460096,2688.0,2805.0,3
MAPPO+Learned(id),throughput,194,2768.3333333333335,50.446891766380304,2697.0,2805.0,3
MAPPO+Learned(id),throughput,195,2765.3333333333335,56.80571176289308,2685.0,2806.0,3
MAPPO+Learned(id),throughput,196,2767.6666666666665,54.30981085913995,2691.0,2810.0,3
MAPPO+Learned(id),throughput,197,2766.6666666666665,52.954907442296815,2692.0,2809.0,3
MAPPO+Learned(id),throughput,198,2766.6666666666665,53.63042254375983,2691.0,2809.0,3
MAPPO+Learned(id),throughput,199,2769.6666666666665,54.932281543328926,2692.0,2810.0,3
MAPPO+Learned(id),throughput,200,2767.3333333333335,53.49350947129526,2692.0,2811.0,3
MAPPO+Learned(id),throughput,201,2765.6666666666665,54.43242497711166,2689.0,2810.0,3
MAPPO+Learned(id),throughput,202,2766.6666666666665,52.16853031814827,2693.0,2807.0,3
MAPPO+Learned(id),throughput,203,2767.6666666666665,56.334319517995034,2688.0,2808.0,3
MAPPO+Learned(id),throughput,204,2770.6666666666665,52.13017893270227,2697.0,2810.0,3
MAPPO+Learned(id),throughput,205,2769.3333333333335,53.268710849386586,2694.0,2807.0,3
MAPPO+Learned(id),throughput,206,2770.6666666666665,53.50597059103674,2695.0,2809.0,3
MAPPO+Learned(id),throughput,207,2770.0,53.7649204097492,2694.0,2810.0,3
MAPPO+Learned(id),throughput,208,2769.0,52.33227175144097,2695.0,2807.0,3
MAPPO+Learned(id),throughput,209,2768.3333333333335,53.97736150976218,2692.0,2807.0,3
MAPPO+Learned(id),throughput,210,2767.3333333333335,56.80571176289308,2687.0,2808.0,3
MAPPO+Learned(id),throughput,211,2769.0,55.154328932550705,2691.0,2808.0,3
MAPPO+Learned(id),throughput,212,2771.3333333333335,51.86092513208336,2698.0,2809.0,3
MAPPO+Learned(id),throughput,213,2773.0,48.09019304043878,2705.0,2808.0,3
MAPPO+Learned(id),throughput,214,2770.6666666666665,54.211519890968646,2694.0,2809.0,3
MAPPO+Learned(id),throughput,215,2770.3333333333335,53.97736150976218,2694.0,2809.0,3
MAPPO+Learned(id),throughput,216,2772.0,50.21951811795888,2701.0,2809.0,3
MAPPO+Learned(id),throughput,217,2769.3333333333335,52.57587110283787,2695.0,2808.0,3
MAPPO+Learned(id),throughput,218,2775.3333333333335,46.906526435265086,2709.0,2809.0,3
MAPPO+Learned(id),throughput,219,2779.0,40.307154038292836,2722.0,2808.0,3
MAPPO+Learned(id),throughput,220,2779.0,41.72129751897305,2720.0,2809.0,3
MAPPO+Learned(id),throughput,221,2783.3333333333335,34.92213560989012,2734.0,2810.0,3
MAPPO+Learned(id),throughput,222,2780.6666666666665,36.53613127971938,2729.0,2807.0,3
MAPPO+Learned(id),throughput,223,2789.0,28.994252303976847,2748.0,2810.0,3
MAPPO+Learned(id),throughput,224,2790.3333333333335,27.812866726670872,2751.0,2810.0,3
MAPPO+Learned(id),throughput,225,2796.3333333333335,17.9133717900592,2771.0,2809.0,3
MAPPO+Learned(id),throughput,226,2793.6666666666665,22.395436042987765,2762.0,2810.0,3
MAPPO+Learned(id),throughput,227,2798.0,16.30950643030009,2775.0,2811.0,3
MAPPO+Learned(id),throughput,228,2800.0,11.575836902790225,2784.0,2811.0,3
MAPPO+Learned(id),throughput,229,2799.3333333333335,12.256517540566822,2782.0,2808.0,3
MAPPO+Learned(id),throughput,230,2805.0,5.656854249492381,2797.0,2809.0,3
MAPPO+Learned(id),throughput,231,2806.3333333333335,4.109609335312651,2801.0,2811.0,3
MAPPO+Learned(id),throughput,232,2804.3333333333335,7.3181661333667165,2794.0,2810.0,3
MAPPO+Learned(id),throughput,233,2805.3333333333335,4.642796092394707,2799.0,2810.0,3
MAPPO+Learned(id),throughput,234,2805.0,5.0990195135927845,2798.0,2810.0,3
MAPPO+Learned(id),throughput,235,2807.3333333333335,3.7712361663282534,2802.0,2810.0,3
MAPPO+Learned(id),throughput,236,2805.6666666666665,2.6246692913372702,2802.0,2808.0,3
MAPPO+Learned(id),throughput,237,2804.6666666666665,5.436502143433364,2797.0,2809.0,3
MAPPO+Learned(id),throughput,238,2806.6666666666665,4.189935029992179,2801.0,2811.0,3
MAPPO+Learned(id),throughput,239,2806.6666666666665,4.714045207910317,2800.0,2810.0,3
MAPPO+Learned(id),throughput,240,2807.0,4.320493798938574,2801.0,2811.0,3
MAPPO+Learned(id),throughput,241,2806.6666666666665,4.027681991198191,2801.0,2810.0,3
MAPPO+Learned(id),throughput,242,2807.3333333333335,3.7712361663282534,2802.0,2810.0,3
MAPPO+Learned(id),throughput,243,2806.0,3.559026084010437,2801.0,2809.0,3
MAPPO+Learned(id),throughput,244,2806.0,4.242640687119285,2800.0,2809.0,3
MAPPO+Learned(id),throughput,245,2806.0,3.559026084010437,2801.0,2809.0,3
MAPPO+Learned(id),throughput,246,2807.0,2.943920288775949,2804.0,2811.0,3
MAPPO+Learned(id),throughput,247,2808.0,2.943920288775949,2804.0,2811.0,3
MAPPO+Learned(id),throughput,248,2808.6666666666665,2.6246692913372702,2805.0,2811.0,3
MAPPO+Learned(id),throughput,249,2807.3333333333335,1.699673171197595,2805.0,2809.0,3
all_weights,travel_time,0,1332.3416,13.332855577357256,1315.2843,1347.8297,3
all_weights,travel_time,1,1320.5663666666667,13.35232949022589,1308.903,1339.2589,3
all_weights,travel_time,2,1295.7711333333332,4.273367653528329,1290.5202,1300.9876,3
all_weights,travel_time,3,1312.7183666666667,25.523979076720973,1282.4858,1344.914,3
all_weights,travel_time,4,1286.6773,22.150954554751472,1261.7242,1315.5552,3
all_weights,travel_time,5,1273.2470333333333,23.16328380538671,1254.4419,1305.8785,3
all_weights,travel_time,6,1271.7719666666667,46.08999175499549,1233.7642,1336.6342,3
all_weights,travel_time,7,1270.2789333333333,21.793456596011133,1250.2854,1300.5889,3
all_weights,travel_time,8,1253.1162666666667,24.522094179784578,1224.8761,1284.6682,3
all_weights,travel_time,9,1268.1119,22.845878001950428,1248.8191,1300.2025,3
all_weights,travel_time,10,1272.7548333333334,43.25763612607092,1234.6278,1333.25,3
all_weights,travel_time,11,1247.7051666666666,51.046727680060194,1205.0524,1319.4717,3
all_weights,travel_time,12,1264.0062666666665,47.398323874748506,1207.3669,1323.3725,3
all_weights,travel_time,13,1231.9446333333333,58.03729412583682,1175.9915,1311.9253,3
all_weights,travel_time,14,1248.4024,29.20978654161427,1219.9965,1288.5793,3
all_weights,travel_time,15,1240.6058666666668,48.162792341968284,1205.8488,1308.7135,3
all_weights,travel_time,16,1244.5105333333333,33.13542211454217,1218.0903,1291.238,3
all_weights,travel_time,17,1213.606,20.72940165529785,1184.3966,1230.3718,3
all_weights,travel_time,18,1211.3822,27.742090501258215,1186.7539,1250.1448,3
all_weights,travel_time,19,1186.4889,58.13996936703702,1118.2879,1260.3619,3
all_weights,travel_time,20,1220.4104333333335,49.48456387105869,1183.1367,1290.3414,3
all_weights,travel_time,21,1214.1502666666668,53.23398303504592,1160.3495,1286.6565,3
all_weights,travel_time,22,1203.2417,36.954779364605386,1173.313,1255.3098,3
all_weights,travel_time,23,1179.3725333333334,53.18096144958476,1126.0028,1251.9494,3
all_weights,travel_time,24,1177.0142666666668,65.36260059311869,1107.4405,1264.5081,3
all_weights,travel_time,25,1190.0925333333332,62.25434248507399,1103.4122,1246.7854,3
all_weights,travel_time,26,1167.5395333333333,49.804531654682,1100.1944,1219.0786,3
all_weights,travel_time,27,1151.0426,64.29360759987472,1062.5152,1213.2695,3
all_weights,travel_time,28,1165.1045666666666,61.940921156229315,1085.2652,1236.2376,3
all_weights,travel_time,29,1148.0762666666667,78.59506277336317,1041.8081,1229.4253,3
all_weights,travel_time,30,1136.8851666666667,60.31916006103603,1052.8856,1191.7557,3
all_weights,travel_time,31,1137.1181333333334,78.65555783712232,1050.3091,1240.7571,3
all_weights,travel_time,32,1121.4627,39.518386775103316,1082.5503,1175.6597,3
all_weights,travel_time,33,1143.9532666666667,65.63857586599175,1065.4568,1226.1126,3
all_weights,travel_time,34,1133.5713,48.75117275662878,1073.1721,1192.5627,3
all_weights,travel_time,35,1091.8140999999998,74.62791935408625,1005.8495,1187.8205,3
all_weights,travel_time,36,1056.4577333333334,49.261173759485466,1020.2234,1126.1045,3
all_weights,travel_time,37,1043.6586333333332,35.393885637337036,1012.756,1093.2107,3
all_weights,travel_time,38,1048.9962,88.63483475929011,980.7861,1174.1767,3
all_weights,travel_time,39,1064.7577666666666,60.17808066476995,1004.1926,1146.8187,3
all_weights,travel_time,40,1066.5793,70.82270570996279,1007.1547,1166.1151,3
all_weights,travel_time,41,1024.0978666666667,74.6115770243168,949.4727,1126.0142,3
all_weights,travel_time,42,1024.0383666666667,59.494923453705,954.3817,1099.7376,3
all_weights,travel_time,43,1033.3660333333335,72.81539816697808,945.6112,1123.9065,3
all_weights,travel_time,44,1002.4976666666666,63.73569233557872,954.3559,1092.562,3
all_weights,travel_time,45,1019.5944333333333,60.02070817428116,965.3895,1103.2663,3
all_weights,travel_time,46,986.4724666666667,18.641791993677966,960.1671,1001.1402,3
all_weights,travel_time,47,930.2772666666666,57.598973039591236,886.0103,1011.6289,3
all_weights,travel_time,48,917.2455333333334,59.207838206684144,860.6431,998.9834,3
all_weights,travel_time,49,922.4645999999999,59.59855369033715,862.1059,1003.591,3
all_weights,travel_time,50,916.8145666666666,49.00339171991623,862.1664,981.0464,3
all_weights,travel_time,51,919.4181,45.81415364426151,859.2766,970.3612,3
all_weights,travel_time,52,921.2424333333333,59.28972161391515,878.9366,1005.0896,3
all_weights,travel_time,53,911.3988333333333,57.67101254971071,854.9837,990.6154,3
all_weights,travel_time,54,916.4292,42.3078500637884,863.8173,967.4115,3
all_weights,travel_time,55,896.9672666666665,53.52324514304249,821.3792,938.2167,3
all_weights,travel_time,56,895.4982,43.23977433174226,840.3757,945.9865,3
all_weights,travel_time,57,896.7201333333333,48.100063808504665,854.778,964.0708,3
all_weights,travel_time,58,891.7995666666666,27.341210068848227,857.1675,924.0078,3
all_weights,travel_time,59,859.7821,91.7764082838649,740.4642,963.6767,3
all_weights,travel_time,60,846.5261666666667,73.72848748411671,742.2829,900.6076,3
all_weights,travel_time,61,833.0090666666666,50.17792654812363,762.4433,874.7797,3
all_weights,travel_time,62,805.6180333333333,28.164159037724236,773.1749,841.8499,3
all_weights,travel_time,63,836.0456666666668,30.53004390043066,793.3116,862.7489,3
all_weights,travel_time,64,786.6998333333332,67.65998241867608,697.8754,861.9256,3
all_weights,travel_time,65,781.7851666666667,55.377472204398146,713.62,849.2613,3
all_weights,travel_time,66,744.7108,75.85264201687373,648.0779,833.3633,3
all_weights,travel_time,67,754.5125333333332,38.54158283242776,708.9657,803.2146,3
all_weights,travel_time,68,748.3384333333333,8.691513474776556,736.8049,757.7858,3
all_weights,travel_time,69,736.1721000000001,88.42587237752683,612.1516,812.0708,3
all_weights,travel_time,70,757.6771666666667,66.76586777410209,697.3984,850.756,3
all_weights,travel_time,71,736.5946666666665,70.32148618193132,676.4214,835.2528,3
all_weights,travel_time,72,753.8398000000001,105.14780971594226,624.1958,881.7365,3
all_weights,travel_time,73,821.555,53.510964315923154,748.5499,875.3152,3
all_weights,travel_time,74,681.7516333333333,151.41137409742007,505.5414,875.216,3
all_weights,travel_time,75,716.583,136.29630272967793,539.0613,870.3789,3
all_weights,travel_time,76,682.5122666666667,135.2511660963738,498.2426,819.0637,3
all_weights,travel_time,77,670.6867000000001,153.54839868226128,481.9596,858.0676,3
all_weights,travel_time,78,644.2589666666667,189.92417514861614,420.1551,884.529,3
all_weights,travel_time,79,642.2801000000001,188.39268899100094,438.7404,892.9338,3
all_weights,travel_time,80,663.4023666666667,187.47095979093817,477.154,919.9331,3
all_weights,travel_time,81,627.8230666666667,199.8738920676791,448.3924,906.6887,3
all_weights,travel_time,82,650.5475666666666,210.8738912509296,450.1487,942.011,3
all_weights,travel_time,83,641.5191333333333,213.7118941414716,470.4455,942.8325,3
all_weights,travel_time,84,669.8647666666667,206.12553138322178,447.1601,944.1084,3
all_weights,travel_time,85,624.8554,207.3685317815764,447.9132,915.8633,3
all_weights,travel_time,86,616.1281666666666,230.5763500740602,426.6579,940.6979,3
all_weights,travel_time,87,614.7357333333333,218.79667646735913,440.1424,923.2695,3
all_weights,travel_time,88,599.6116666666667,208.0381401565962,450.8127,893.8155,3
all_weights,travel_time,89,589.3307333333333,209.9912948999765,439.5676,886.2996,3
all_weights,travel_time,90,590.1364333333333,231.0755405290996,418.1034,916.7716,3
all_weights,travel_time,91,565.1682000000001,223.6893262291401,398.4125,881.3545,3
all_weights,travel_time,92,575.3786666666666,242.15495715570682,391.704,917.5283,3
all_weights,travel_time,93,565.9253,239.59424770850964,372.1264,903.5312,3
all_weights,travel_time,94,551.9208,239.40892245379382,372.67,890.2967,3
all_weights,travel_time,95,556.8812666666666,235.43210310607364,374.2433,889.2914,3
all_weights,travel_time,96,540.7405666666667,230.9205175920109,344.153,864.8693,3
all_weights,travel_time,97,550.2083333333334,256.19505049610586,346.9214,911.5818,3
all_weights,travel_time,98,522.4985666666666,234.68781313477317,332.8109,853.2057,3
all_weights,travel_time,99,522.1944,255.34265974507016,316.386,882.0655,3
all_weights,travel_time,100,517.8999333333334,254.32227399247245,317.3584,876.738,3
all_weights,travel_time,101,501.8823,255.60978158874644,291.7004,861.6735,3
all_weights,travel_time,102,499.14153333333337,256.722882166281,290.8077,860.8113,3
all_weights,travel_time,103,509.40273333333334,265.9860786541197,294.971,884.2698,3
all_weights,travel_time,104,500.2613333333333,260.41620736886216,292.1388,867.455,3
all_weights,travel_time,105,496.5047,257.1551765874579,289.711,858.9777,3
all_weights,travel_time,106,473.1569666666667,256.01287000702825,281.3647,834.9961,3
all_weights,travel_time,107,465.04096666666663,262.01772341836386,277.3807,835.5797,3
all_weights,travel_time,108,482.9546666666666,288.23982866959165,276.4876,890.5758,3
all_weights,travel_time,109,460.58213333333333,277.99467713600006,248.6611,853.3155,3
all_weights,travel_time,110,455.9674333333334,281.70660596431804,240.534,853.9069,3
all_weights,travel_time,111,464.57970000000006,298.9615425410767,232.5092,886.6778,3
all_weights,travel_time,112,461.98466666666667,299.8165950405607,227.8042,885.187,3
all_weights,travel_time,113,468.4250666666667,303.7030306613171,230.5673,897.0652,3
all_weights,travel_time,114,452.5969,289.8293998858409,225.2865,861.6317,3
all_weights,travel_time,115,458.3258,303.5659918347355,223.6827,886.9919,3
all_weights,travel_time,116,453.57013333333333,297.8902761328331,222.6123,874.1749,3
all_weights,travel_time,117,456.03090000000003,301.94205194812906,221.1873,882.3052,3
all_weights,travel_time,118,454.82733333333334,299.58263198213314,220.4958,877.6746,3
all_weights,travel_time,119,460.2762,305.43976675280294,221.4777,891.3991,3
all_weights,travel_time,120,446.00353333333334,290.62622313083784,216.1926,856.0117,3
all_weights,travel_time,121,452.1936666666666,298.8094015490179,216.8137,873.8208,3
all_weights,travel_time,122,444.85386666666665,291.5428369734636,212.8559,856.0283,3
all_weights,travel_time,123,444.6739666666667,291.2202888068565,214.4263,855.523,3
all_weights,travel_time,124,437.50696666666664,284.85655461869845,210.7185,839.2415,3
all_weights,travel_time,125,436.0773,284.4091366791979,209.0124,837.1232,3
all_weights,travel_time,126,429.74456666666657,289.6904537163917,207.6965,838.9327,3
all_weights,travel_time,127,424.6696333333334,285.51526392336524,205.8474,827.9618,3
all_weights,travel_time,128,426.6922666666666,291.3115484491971,205.0198,838.2603,3
all_weights,travel_time,129,396.2459666666667,253.01597394144022,198.2532,753.3601,3
all_weights,travel_time,130,416.0831,274.86800687238957,199.4851,803.9221,3
all_weights,travel_time,131,410.67066666666665,267.1407398774453,197.4557,787.3722,3
all_weights,travel_time,132,406.4563333333333,267.24925293693315,196.7238,783.6137,3
all_weights,travel_time,133,416.4656333333333,282.69247511326193,196.9943,815.5917,3
all_weights,travel_time,134,407.3786666666667,269.8947228432638,196.7691,788.3598,3
all_weights,travel_time,135,403.6818,267.69848033591825,195.528,781.6158,3
all_weights,travel_time,136,400.9944333333333,270.7775384606009,196.3941,783.6243,3
all_weights,travel_time,137,419.2656999999999,300.073924729535,194.1941,843.3679,3
all_weights,travel_time,138,396.20206666666667,261.4385036360729,193.8697,765.3633,3
all_weights,travel_time,139,391.4198666666666,262.24249540599294,191.4731,761.8977,3
all_weights,travel_time,140,399.8222333333333,274.0355028169931,191.756,787.0064,3
all_weights,travel_time,141,399.05476666666664,274.5458010859552,190.6161,786.9607,3
all_weights,travel_time,142,411.36626666666666,297.49064336553886,189.9288,831.8835,3
all_weights,travel_time,143,412.14456666666666,307.978602651703,189.4019,847.654,3
all_weights,travel_time,144,404.6575,303.54545654306867,189.988,833.9356,3
all_weights,travel_time,145,397.6007,290.8740239630552,190.4147,808.955,3
all_weights,travel_time,146,396.4458333333334,290.3941144207338,188.4586,807.1137,3
all_weights,travel_time,147,381.3106666666667,270.6243070833603,187.7415,764.0227,3
all_weights,travel_time,148,399.1948666666667,295.6846421334768,187.8785,817.3481,3
all_weights,travel_time,149,390.4039333333333,282.84065807829364,187.7812,790.3895,3
all_weights,travel_time,150,400.0057,296.24905073491794,187.0868,818.9462,3
all_weights,travel_time,151,396.1277,290.75513587659975,185.9734,807.2836,3
all_weights,travel_time,152,388.40793333333335,280.1154764733684,185.8824,784.5174,3
all_weights,travel_time,153,393.7683,287.88569298622673,186.7305,800.8803,3
all_weights,travel_time,154,386.20866666666666,276.5275753297952,185.8856,777.2383,3
all_weights,travel_time,155,394.1301,287.8320411047156,187.1197,801.1661,3
all_weights,travel_time,156,382.0342333333333,272.5940794449057,185.4706,767.5152,3
all_weights,travel_time,157,375.8286333333333,264.0180683504992,185.4203,749.1817,3
all_weights,travel_time,158,384.24313333333333,275.5335569924207,186.0258,773.8867,3
all_weights,travel_time,159,380.0949,269.8825776794543,186.0935,761.7489,3
all_weights,travel_time,160,379.35116666666664,271.0380933912714,184.6438,762.6406,3
all_weights,travel_time,161,378.73363333333333,269.9229248873381,184.38,760.4409,3
all_weights,travel_time,162,373.8071333333333,263.86473674872803,184.7482,746.9572,3
all_weights,travel_time,163,363.66196666666673,250.51396380846498,184.2433,717.9324,3
all_weights,travel_time,164,371.5243333333333,262.3945507218767,183.0103,742.5903,3
all_weights,travel_time,165,373.8434666666667,265.3399641456388,184.3484,749.0846,3
all_weights,travel_time,166,377.38090000000005,271.36499191687693,183.2567,761.1402,3
all_weights,travel_time,167,381.0523,276.7376235537313,183.8198,772.4143,3
all_weights,travel_time,168,367.6878,258.4555377658989,183.3941,733.1948,3
all_weights,travel_time,169,378.03326666666663,274.5304718171777,182.7096,766.2755,3
all_weights,travel_time,170,315.2265,184.61542488818927,183.3676,576.3077,3
all_weights,travel_time,171,323.5363333333333,198.55006511786615,181.6034,604.3229,3
all_weights,travel_time,172,302.90073333333333,169.16901044128096,182.1232,542.1381,3
all_weights,travel_time,173,265.2046,115.14293810063502,182.2203,428.0312,3
all_weights,travel_time,174,258.7971,107.24145939672772,181.8576,410.454,3
all_weights,travel_time,175,243.80086666666668,85.48535442929521,182.3474,364.6898,3
all_weights,travel_time,176,238.25493333333335,77.25500298838618,182.0513,347.4947,3
all_weights,travel_time,177,235.06763333333333,73.43255747874295,182.136,338.9104,3
all_weights,travel_time,178,230.5548666666667,67.01518190491531,182.421,325.3247,3
all_weights,travel_time,179,222.57316666666665,55.36716766221256,181.9791,300.8562,3
all_weights,travel_time,180,227.71706666666668,62.61192110571986,182.3081,316.2539,3
all_weights,travel_time,181,224.6328,59.1656483703734,181.5177,308.2925,3
all_weights,travel_time,182,226.1178,61.59056671650295,180.9203,313.199,3
all_weights,travel_time,183,229.31140000000002,66.34762859851635,181.4947,323.1353,3
all_weights,travel_time,184,232.60883333333334,70.37914027334772,181.2695,332.1232,3
all_weights,travel_time,185,231.30136666666667,69.38253497215436,180.9572,329.4118,3
all_weights,travel_time,186,228.5610333333333,65.56469196960273,181.4458,321.2794,3
all_weights,travel_time,187,232.8881,70.53194662000097,182.091,332.6296,3
all_weights,travel_time,188,231.46869999999998,68.99433239931138,181.3785,329.0297,3
all_weights,travel_time,189,229.61250000000004,67.75456306424438,180.8067,325.4263,3
all_weights,travel_time,190,228.5006,65.69755122077737,181.5227,321.409,3
all_weights,travel_time,191,227.20113333333333,62.85354501762189,181.6381,316.08,3
all_weights,travel_time,192,226.50933333333333,62.659456407490666,181.7298,315.1215,3
all_weights,travel_time,193,224.0521666666667,59.900218753542305,181.21,308.762,3
all_weights,travel_time,194,223.05893333333333,58.40866541215344,180.9685,305.6562,3
all_weights,travel_time,195,222.0255,58.31282676673002,180.4798,304.4915,3
all_weights,travel_time,196,221.68803333333335,57.2859975717937,180.4883,302.6987,3
all_weights,travel_time,197,222.23856666666666,58.15365070009698,180.4487,304.4766,3
all_weights,travel_time,198,222.43370000000002,58.158449647894386,180.3924,304.6753,3
all_weights,travel_time,199,218.61026666666666,52.54417689312065,180.7153,292.914,3
all_weights,travel_time,200,213.7521,46.36796711401813,180.3314,279.3222,3
all_weights,travel_time,201,211.87286666666668,43.62622468044753,180.3559,273.5648,3
all_weights,travel_time,202,210.29600000000002,41.96504955706196,179.904,269.6377,3
all_weights,travel_time,203,204.81183333333334,34.618697783551724,179.83,253.7666,3
all_weights,travel_time,204,209.70183333333333,41.3814034703459,179.8746,268.2203,3
all_weights,travel_time,205,208.01063333333332,38.95645269462927,180.051,263.1013,3
all_weights,travel_time,206,203.1801,32.09509944119196,179.864,248.5637,3
all_weights,travel_time,207,196.67126666666664,23.114278357952017,179.7128,229.352,3
all_weights,travel_time,208,193.9342333333333,19.357971884873567,179.7234,221.3038,3
all_weights,travel_time,209,191.05593333333334,14.98479784589109,179.6664,212.2273,3
all_weights,travel_time,210,190.91313333333335,15.53922564229705,179.5333,212.8842,3
all_weights,travel_time,211,191.5869,15.87213848036867,179.9363,214.028,3
all_weights,travel_time,212,190.06619999999998,13.909570162541572,179.4168,209.7142,3
all_weights,travel_time,213,190.36530000000002,14.26312150220515,179.9561,210.5329,3
all_weights,travel_time,214,190.3144333333333,13.993867767783936,179.8835,210.0949,3
all_weights,travel_time,215,190.8107,14.531111261703282,179.9437,211.3492,3
all_weights,travel_time,216,189.52383333333333,13.654319698013362,179.5322,208.83,3
all_weights,travel_time,217,190.45763333333335,14.567775001084488,179.3888,211.04,3
all_weights,travel_time,218,189.9928,13.737929562346723,179.9671,209.4178,3
all_weights,travel_time,219,189.6969,13.657244296953417,179.7635,209.0085,3
all_weights,travel_time,220,188.81349999999998,12.61873581650185,179.8424,206.659,3
all_weights,travel_time,221,188.1969,12.641159646435396,179.1034,206.0733,3
all_weights,travel_time,222,188.63753333333332,11.893944544552447,179.9356,205.4547,3
all_weights,travel_time,223,188.15956666666668,11.578322541811586,179.9047,204.5336,3
all_weights,travel_time,224,188.13206666666667,11.609775409350327,179.7769,204.5499,3
all_weights,travel_time,225,187.8406666666667,11.28980375097617,179.7957,203.8067,3
all_weights,travel_time,226,187.7330333333333,11.290894296241056,179.6229,203.7001,3
all_weights,travel_time,227,186.50483333333332,9.759631756828162,179.5761,200.307,3
all_weights,travel_time,228,186.71753333333334,9.943948030614182,179.5414,200.7794,3
all_weights,travel_time,229,185.33849999999998,8.197352563277159,179.1618,196.9228,3
all_weights,travel_time,230,185.01500000000001,7.461661687586753,179.6516,195.5669,3
all_weights,travel_time,231,184.7275666666667,7.530660193428521,179.2326,195.3757,3
all_weights,travel_time,232,184.26523333333333,6.522432199894627,179.4047,193.4848,3
all_weights,travel_time,233,184.52599999999998,7.342963532979491,179.2532,194.9101,3
all_weights,travel_time,234,184.24126666666666,6.744258147655835,179.0081,193.7635,3
all_weights,travel_time,235,183.94816666666665,6.914570357505148,178.9989,193.7266,3
all_weights,travel_time,236,183.73839999999998,6.026764932089744,179.0708,192.2482,3
all_weights,travel_time,237,183.6131,5.227425617516391,179.2709,190.9657,3
all_weights,travel_time,238,183.25756666666666,5.368991726779078,179.381,190.8499,3
all_weights,travel_time,239,183.17456666666666,5.24575017853076,179.1732,190.5853,3
all_weights,travel_time,240,183.00886666666668,5.011011423078408,179.1962,190.0885,3
all_weights,travel_time,241,182.8652,4.7921721595396205,179.3736,189.6413,3
all_weights,travel_time,242,182.38266666666667,4.581355696249266,178.846,188.8523,3
all_weights,travel_time,243,182.29603333333333,4.307345745222781,179.0963,188.3849,3
all_weights,travel_time,244,182.01226666666665,3.9539778403807695,178.9547,187.5956,3
all_weights,travel_time,245,182.2363,3.7026637177397954,179.5733,187.4724,3
all_weights,travel_time,246,182.68886666666666,4.01876018719981,179.5191,188.3591,3
all_weights,travel_time,247,183.06243333333336,4.323374441593309,179.9097,189.1756,3
all_weights,travel_time,248,182.3619,3.9644719774517294,179.3704,187.9642,3
all_weights,travel_time,249,181.9478,3.623025256145289,179.0917,187.0598,3
all_weights,loss,0,0.0021486666666666668,4.166799997866723e-05,0.002092,0.002191,3
all_weights,loss,1,0.0020483333333333334,2.978067979225619e-05,0.002008,0.002079,3
all_weights,loss,2,0.0019183333333333333,9.030811456096082e-06,0.001908,0.00193,3
all_weights,loss,3,0.0018746666666666668,2.9634814361190442e-05,0.001848,0.001916,3
all_weights,loss,4,0.001645333333333333,4.6764183825753733e-05,0.001601,0.00171,3
all_weights,loss,5,0.0014756666666666668,3.564952859280042e-05,0.001442,0.001525,3
all_weights,loss,6,0.0014046666666666667,9.68171242888134e-05,0.001319,0.00154,3
all_weights,loss,7,0.001326,8.607361190670848e-05,0.001254,0.001447,3
all_weights,loss,8,0.001242,8.178426906604146e-05,0.001161,0.001354,3
all_weights,loss,9,0.0011583333333333333,5.4432424977111644e-05,0.001114,0.001235,3
all_weights,loss,10,0.0011406666666666668,0.00013015973092917623,0.000992,0.001309,3
all_weights,loss,11,0.001015,0.00012490262874201915,0.000914,0.001191,3
all_weights,loss,12,0.0009689999999999999,0.0001051126379968967,0.000845,0.001102,3
all_weights,loss,13,0.0008626666666666666,8.153663116797398e-05,0.000781,0.000974,3
all_weights,loss,14,0.0008933333333333333,1.9669491322575948e-05,0.000877,0.000921,3
all_weights,loss,15,0.0008133333333333333,7.962132600977929e-05,0.00074,0.000924,3
all_weights,loss,16,0.0007936666666666666,6.775117875153333e-05,0.000719,0.000883,3
all_weights,loss,17,0.0006776666666666667,3.680881536926841e-05,0.000641,0.000728,3
all_weights,loss,18,0.0006789999999999999,7.849840762716146e-05,0.00058,0.000772,3
all_weights,loss,19,0.000583,4.411349000022552e-05,0.000546,0.000645,3
all_weights,loss,20,0.0005576666666666667,6.157019480957397e-05,0.0005,0.000643,3
all_weights,loss,21,0.000539,9.434334458066804e-05,0.000445,0.000668,3
all_weights,loss,22,0.00047400000000000003,4.675467891024383e-05,0.000431,0.000539,3
all_weights,loss,23,0.0004693333333333333,4.208193066969348e-05,0.00041,0.000503,3
all_weights,loss,24,0.000372,4.78957200593122e-05,0.000316,0.000433,3
all_weights,loss,25,0.00034066666666666664,5.075649931015952e-05,0.000269,0.00038,3
all_weights,loss,26,0.00029499999999999996,5.001999600159921e-05,0.000247,0.000364,3
all_weights,loss,27,0.0002313333333333333,2.503774927761856e-05,0.000196,0.000251,3
all_weights,loss,28,0.000215,4.065300316909769e-05,0.00016,0.000257,3
all_weights,loss,29,0.00017233333333333334,3.2107458461997406e-05,0.000128,0.000203,3
all_weights,loss,30,0.00017933333333333332,4.212943019895818e-05,0.000141,0.000238,3
all_weights,loss,31,0.000147,3.3506218328344174e-05,0.000107,0.000189,3
all_weights,loss,32,9.533333333333334e-05,3.771236166328249e-06,9e-05,9.8e-05,3
all_weights,loss,33,8.966666666666667e-05,1.8856180831641277e-06,8.7e-05,9.1e-05,3
all_weights,loss,34,8.633333333333334e-05,1.5923427883328253e-05,6.4e-05,0.0001,3
all_weights,loss,35,8.1e-05,3.691431519975234e-05,2.9e-05,0.000111,3
all_weights,loss,36,4.7000000000000004e-05,1.3735598518691012e-05,2.8e-05,6e-05,3
all_weights,loss,37,3.933333333333333e-05,2.221611027060218e-05,8e-06,5.7e-05,3
all_weights,loss,38,2.166666666666667e-05,1.4817407180595246e-05,5e-06,4.1e-05,3
all_weights,loss,39,3.866666666666667e-05,1.7969109295924738e-05,1.7e-05,6.1e-05,3
all_weights,loss,40,2e-05,1.6753109164172084e-05,0.0,4.1e-05,3
all_weights,loss,41,1.3e-05,5.099019513592785e-06,6e-06,1.8e-05,3
all_weights,loss,42,1.8333333333333333e-05,1.1115554667022044e-05,3e-06,2.9e-05,3
all_weights,loss,43,1.5666666666666667e-05,1.922382780706162e-05,-7e-06,4e-05,3
all_weights,loss,44,1.6e-05,1.557776192739723e-05,-6e-06,2.8e-05,3
all_weights,loss,45,1.2e-05,1.883259585576738e-05,-6e-06,3.8e-05,3
all_weights,loss,46,2.6e-05,1.3638181696985856e-05,1.1e-05,4.4e-05,3
all_weights,loss,47,9.333333333333334e-06,5.734883511361751e-06,2e-06,1.6e-05,3
all_weights,loss,48,3.766666666666666e-05,2.2954060400915756e-05,1.9e-05,7e-05,3
all_weights,loss,49,2.7666666666666667e-05,1.3912424503139468e-05,1e-05,4.4e-05,3
all_weights,loss,50,3.233333333333333e-05,1.0274023338281627e-05,1.9e-05,4.4e-05,3
all_weights,loss,51,1.0333333333333332e-05,2.811089152307735e-05,-2.9e-05,3.5e-05,3
all_weights,loss,52,-1.1666666666666666e-05,5.557777333511022e-06,-1.7e-05,-4e-06,3
all_weights,loss,53,7e-06,1.2727922061357855e-05,-1.1e-05,1.6e-05,3
all_weights,loss,54,-1.4e-05,0.0,-1.4e-05,-1.4e-05,3
all_weights,loss,55,3.333333333333333e-06,1.699673171197595e-06,1e-06,5e-06,3
all_weights,loss,56,9.333333333333333e-06,1.8660713336371208e-05,-1.7e-05,2.4e-05,3
all_weights,loss,57,2.0000000000000008e-06,2.2861904265976328e-05,-2.6e-05,3e-05,3
all_weights,loss,58,2.666666666666667e-05,6.599663291074443e-06,1.8e-05,3.4e-05,3
all_weights,loss,59,2.5666666666666666e-05,4.008601862107148e-05,-8e-06,8.2e-05,3
all_weights,loss,60,2.7666666666666667e-05,1.699673171197596e-06,2.6e-05,3e-05,3
all_weights,loss,61,3.1666666666666666e-05,3.5122009560324924e-05,-7e-06,7.8e-05,3
all_weights,loss,62,1.5333333333333334e-05,2.6386023236217734e-05,-1.2e-05,5.1e-05,3
all_weights,loss,63,3.6666666666666666e-06,1.8208667044996884e-05,-1.3e-05,2.9e-05,3
all_weights,loss,64,3.366666666666666e-05,4.630574718350004e-05,-2e-05,9.3e-05,3
all_weights,loss,65,3.4666666666666665e-05,4.305293898859351e-05,-2.5e-05,7.5e-05,3
all_weights,loss,66,3.733333333333333e-05,3.158410289299912e-05,1e-06,7.8e-05,3
all_weights,loss,67,2.3666666666666665e-05,1.5195028426721976e-05,4e-06,4.1e-05,3
all_weights,loss,68,1.3666666666666667e-05,6.79869268479038e-06,7e-06,2.3e-05,3
all_weights,loss,69,6e-06,1.0801234497346432e-05,-4e-06,2.1e-05,3
all_weights,loss,70,1.0333333333333333e-05,3.2998316455372214e-06,6e-06,1.4e-05,3
all_weights,loss,71,2.633333333333333e-05,3.103045099396541e-05,-1.7e-05,5.4e-05,3
all_weights,loss,72,3.2999999999999996e-05,4.33666538560063e-05,-3e-06,9.4e-05,3
all_weights,loss,73,1.3999999999999996e-05,3.645088019056147e-05,-1.8e-05,6.5e-05,3
all_weights,loss,74,1.1000000000000001e-05,3.611094017053557e-05,-2.3e-05,6.1e-05,3
all_weights,loss,75,7.666666666666667e-06,1.6418147141366336e-05,-9e-06,3e-05,3
all_weights,loss,76,-2e-06,2.273030282830976e-05,-2.7e-05,2.8e-05,3
all_weights,loss,77,1.5333333333333334e-05,2.3299976156401725e-05,-1.4e-05,4.3e-05,3
all_weights,loss,78,-6.666666666666665e-07,1.1115554667022044e-05,-1.6e-05,1e-05,3
all_weights,loss,79,1.0999999999999998e-05,2.4344746182013618e-05,-1.4e-05,4.4e-05,3
all_weights,loss,80,1.1293772630057337e-21,2.3622023622035434e-05,-2.1e-05,3.3e-05,3
all_weights,loss,81,-1.0333333333333333e-05,1.8208667044996884e-05,-2.7e-05,1.5e-05,3
all_weights,loss,82,-1.3333333333333353e-06,3.4470599388786705e-05,-3.1e-05,4.7e-05,3
all_weights,loss,83,-2e-05,7.788880963698616e-06,-3.1e-05,-1.4e-05,3
all_weights,loss,84,-1e-05,1.845715759987617e-05,-2.5e-05,1.6e-05,3
all_weights,loss,85,-1.6666666666666664e-05,1.18133634311129e-05,-2.6e-05,0.0,3
all_weights,loss,86,-2.2666666666666668e-05,1.2283683848458852e-05,-3.7e-05,-7e-06,3
all_weights,loss,87,-3.633333333333333e-05,4.784233364802443e-06,-4.3e-05,-3.2e-05,3
all_weights,loss,88,-3.5333333333333336e-05,7.5865377844940285e-06,-4.3e-05,-2.5e-05,3
all_weights,loss,89,-3.033333333333333e-05,7.5865377844940285e-06,-4.1e-05,-2.4e-05,3
all_weights,loss,90,-2.3e-05,1.3928388277184118e-05,-4.2e-05,-9e-06,3
all_weights,loss,91,-2.9e-05,1.1775681155103797e-05,-4.5e-05,-1.7e-05,3
all_weights,loss,92,-3.3333333333333335e-05,1.1115554667022044e-05,-4.4e-05,-1.8e-05,3
all_weights,loss,93,-3.6e-05,1.2083045973594571e-05,-4.6e-05,-1.9e-05,3
all_weights,loss,94,-3.6e-05,8.602325267042626e-06,-4.6e-05,-2.5e-05,3
all_weights,loss,95,-3.5333333333333336e-05,9.104333522498442e-06,-4.8e-05,-2.7e-05,3
all_weights,loss,96,-2.4333333333333336e-05,1.9754043186705406e-05,-4.3e-05,3e-06,3
all_weights,loss,97,-1.7e-05,2.299275248130738e-05,-3.8e-05,1.5e-05,3
all_weights,loss,98,-3.333333333333333e-05,8.993825042154694e-06,-4.4e-05,-2.2e-05,3
all_weights,loss,99,-3.566666666666667e-05,3.3993463423951887e-06,-3.9e-05,-3.1e-05,3
all_weights,loss,100,-3.266666666666666e-05,5.557777333511022e-06,-3.8e-05,-2.5e-05,3
all_weights,loss,101,-2.9999999999999997e-05,2.943920288775949e-06,-3.4e-05,-2.7e-05,3
all_weights,loss,102,-3.333333333333333e-05,3.2998316455372222e-06,-3.8e-05,-3.1e-05,3
all_weights,loss,103,-3.8333333333333334e-05,1.6996731711975954e-06,-4e-05,-3.6e-05,3
all_weights,loss,104,-3.233333333333333e-05,5.4365021434333634e-06,-3.8e-05,-2.5e-05,3
all_weights,loss,105,-2.7666666666666667e-05,7.93025150224688e-06,-3.6e-05,-1.7e-05,3
all_weights,loss,106,-3.1e-05,3.265986323710903e-06,-3.5e-05,-2.7e-05,3
all_weights,loss,107,-3.1666666666666666e-05,4.496912521077349e-06,-3.8e-05,-2.8e-05,3
all_weights,loss,108,-2.7333333333333328e-05,9.392668535736914e-06,-3.9e-05,-1.6e-05,3
all_weights,loss,109,-2.4333333333333333e-05,1.6659998666133064e-05,-4.2e-05,-2e-06,3
all_weights,loss,110,-3.233333333333333e-05,3.2998316455372227e-06,-3.6e-05,-2.8e-05,3
all_weights,loss,111,-2.0666666666666663e-05,2.6246692913372704e-06,-2.3e-05,-1.7e-05,3
all_weights,loss,112,-3.266666666666666e-05,8.178562764256864e-06,-4.4e-05,-2.5e-05,3
all_weights,loss,113,-3.1e-05,2.1602468994692877e-06,-3.3e-05,-2.8e-05,3
all_weights,loss,114,-2.8333333333333335e-05,3.399346342395191e-06,-3.3e-05,-2.5e-05,3
all_weights,loss,115,-3.033333333333333e-05,4.027681991198191e-06,-3.6e-05,-2.7e-05,3
all_weights,loss,116,-2.7000000000000002e-05,2.4494897427831784e-06,-3e-05,-2.4e-05,3
all_weights,loss,117,-3.1e-05,2.943920288775949e-06,-3.4e-05,-2.7e-05,3
all_weights,loss,118,-2.4333333333333333e-05,3.299831645537221e-06,-2.8e-05,-2e-05,3
all_weights,loss,119,-3.1e-05,5.715476066494083e-06,-3.6e-05,-2.3e-05,3
all_weights,loss,120,-3.2e-05,1.067707825203131e-05,-4.7e-05,-2.3e-05,3
all_weights,loss,121,-2.9e-05,8.041558721209882e-06,-4e-05,-2.1e-05,3
all_weights,loss,122,-3.233333333333333e-05,7.586537784494029e-06,-4.3e-05,-2.6e-05,3
all_weights,loss,123,-2.2333333333333335e-05,1.6996731711975944e-06,-2.4e-05,-2e-05,3
all_weights,loss,124,-2e-05,6.68331255192114e-06,-2.7e-05,-1.1e-05,3
all_weights,loss,125,-2.5666666666666666e-05,4.988876515698588e-06,-3.1e-05,-1.9e-05,3
all_weights,loss,126,-2.4666666666666665e-05,4.784233364802441e-06,-2.9e-05,-1.8e-05,3
all_weights,loss,127,-1.9666666666666666e-05,3.681787005729087e-06,-2.4e-05,-1.5e-05,3
all_weights,loss,128,-2.6e-05,8.602325267042626e-06,-3.7e-05,-1.6e-05,3
all_weights,loss,129,-1.3e-05,6.531972647421807e-06,-2.1e-05,-5e-06,3
all_weights,loss,130,-1.9666666666666666e-05,9.428090415820623e-07,-2.1e-05,-1.9e-05,3
all_weights,loss,131,-1.5666666666666667e-05,5.734883511361751e-06,-2.3e-05,-9e-06,3
all_weights,loss,132,7.333333333333332e-06,4.020226638166339e-05,-2.5e-05,6.4e-05,3
all_weights,loss,133,-4.333333333333334e-06,1.9362047641943473e-05,-2.4e-05,2.2e-05,3
all_weights,loss,134,-9.999999999999999e-06,1.1775681155103796e-05,-2.2e-05,6e-06,3
all_weights,loss,135,-1.6666666666666667e-05,2.3570226039551592e-06,-2e-05,-1.5e-05,3
all_weights,loss,136,-1.2333333333333333e-05,9.741092797468307e-06,-2.2e-05,1e-06,3
all_weights,loss,137,-1.1000000000000001e-05,9.797958971132714e-06,-2.3e-05,1e-06,3
all_weights,loss,138,-1.9333333333333333e-05,4.78423336480244e-06,-2.6e-05,-1.5e-05,3
all_weights,loss,139,-1.4000000000000001e-05,5.354126134736338e-06,-2e-05,-7e-06,3
all_weights,loss,140,-1.5666666666666667e-05,6.236095644623236e-06,-2.4e-05,-9e-06,3
all_weights,loss,141,-2.2333333333333335e-05,6.847546194724712e-06,-3.2e-05,-1.7e-05,3
all_weights,loss,142,-1.2e-05,1.414213562373095e-05,-2.2e-05,8e-06,3
all_weights,loss,143,-1.9e-05,3.741657386773942e-06,-2.3e-05,-1.4e-05,3
all_weights,loss,144,-2.133333333333333e-05,5.4365021434333634e-06,-2.7e-05,-1.4e-05,3
all_weights,loss,145,-2.2000000000000003e-05,7.071067811865474e-06,-3.2e-05,-1.7e-05,3
all_weights,loss,146,-2.0333333333333334e-05,4.921607686744466e-06,-2.6e-05,-1.4e-05,3
all_weights,loss,147,-1.6e-05,4.5460605656619516e-06,-2.2e-05,-1.1e-05,3
all_weights,loss,148,-1.6e-05,5.887840577551898e-06,-2.4e-05,-1e-05,3
all_weights,loss,149,-1.3e-05,6.68331255192114e-06,-2e-05,-4e-06,3
all_weights,loss,150,-1.1333333333333334e-05,8.73053390247253e-06,-1.8e-05,1e-06,3
all_weights,loss,151,-2.5e-05,1.0801234497346436e-05,-4e-05,-1.5e-05,3
all_weights,loss,152,-2.0333333333333334e-05,2.6246692913372704e-06,-2.4e-05,-1.8e-05,3
all_weights,loss,153,-1.9e-05,9.41629792788369e-06,-3.1e-05,-8e-06,3
all_weights,loss,154,-2.7000000000000002e-05,8.286535263104036e-06,-3.8e-05,-1.8e-05,3
all_weights,loss,155,-2.0333333333333334e-05,1.6996731711975944e-06,-2.2e-05,-1.8e-05,3
all_weights,loss,156,-1.3e-05,6.4807406984078604e-06,-1.9e-05,-4e-06,3
all_weights,loss,157,-1.8333333333333333e-05,8.956685895029602e-06,-2.7e-05,-6e-06,3
all_weights,loss,158,-1.9e-05,4.3204937989385745e-06,-2.5e-05,-1.5e-05,3
all_weights,loss,159,-2.4333333333333333e-05,8.73053390247253e-06,-3.6e-05,-1.5e-05,3
all_weights,loss,160,-2.6e-05,6.6833125519211385e-06,-3.5e-05,-1.9e-05,3
all_weights,loss,161,-2.2666666666666668e-05,1.155662388223981e-05,-3.9e-05,-1.4e-05,3
all_weights,loss,162,-2.1e-05,1.1430952132988164e-05,-3.7e-05,-1.1e-05,3
all_weights,loss,163,-1.1000000000000001e-05,6.4807406984078604e-06,-1.7e-05,-2e-06,3
all_weights,loss,164,-1.7333333333333332e-05,9.104333522498442e-06,-3e-05,-9e-06,3
all_weights,loss,165,-2.2666666666666668e-05,1.3670731102939918e-05,-4.2e-05,-1.3e-05,3
all_weights,loss,166,-2.4333333333333333e-05,1.302134998974974e-05,-4.2e-05,-1.1e-05,3
all_weights,loss,167,-9.999999999999999e-06,7.788880963698616e-06,-1.6e-05,1e-06,3
all_weights,loss,168,-9.999999999999999e-06,4.242640687119285e-06,-1.3e-05,-4e-06,3
all_weights,loss,169,6.000000000000001e-06,2.9698484809834997e-05,-1.5e-05,4.8e-05,3
all_weights,loss,170,9e-06,3.1822423959633663e-05,-1.4e-05,5.4e-05,3
all_weights,loss,171,-1.2666666666666667e-05,4.0276819911981905e-06,-1.6e-05,-7e-06,3
all_weights,loss,172,-1.5666666666666667e-05,5.312459150169743e-06,-2.2e-05,-9e-06,3
all_weights,loss,173,-5.333333333333333e-06,8.259674462242578e-06,-1.7e-05,1e-06,3
all_weights,loss,174,6.66666666666666e-07,2.569478978746902e-05,-1.8e-05,3.7e-05,3
all_weights,loss,175,-6.66666666666667e-07,1.6539514973407036e-05,-1.7e-05,2.2e-05,3
all_weights,loss,176,-1e-06,1.772004514666935e-05,-1.5e-05,2.4e-05,3
all_weights,loss,177,-1.6666666666666665e-06,1.4817407180595246e-05,-1.5e-05,1.9e-05,3
all_weights,loss,178,-9.333333333333333e-06,2.3570226039551584e-06,-1.1e-05,-6e-06,3
all_weights,loss,179,-5.666666666666667e-06,1.699673171197595e-06,-8e-06,-4e-06,3
all_weights,loss,180,-8.333333333333332e-06,5.312459150169743e-06,-1.5e-05,-2e-06,3
all_weights,loss,181,-1.4666666666666666e-05,7.586537784494028e-06,-2.1e-05,-4e-06,3
all_weights,loss,182,-1.633333333333333e-05,4.109609335312651e-06,-2.1e-05,-1.1e-05,3
all_weights,loss,183,-1.5333333333333334e-05,7.71722460186015e-06,-2.6e-05,-8e-06,3
all_weights,loss,184,-1.8666666666666665e-05,1.1556623882239809e-05,-3.5e-05,-1e-05,3
all_weights,loss,185,-2.0333333333333334e-05,9.533566430716728e-06,-3.3e-05,-1e-05,3
all_weights,loss,186,-1.6e-05,1.2083045973594573e-05,-3.3e-05,-6e-06,3
all_weights,loss,187,-2.1666666666666664e-05,1.2364824660660938e-05,-3.9e-05,-1.1e-05,3
all_weights,loss,188,-1.8999999999999998e-05,1.1775681155103794e-05,-3.5e-05,-7e-06,3
all_weights,loss,189,-2.0333333333333334e-05,1.0873004286866725e-05,-3.5e-05,-9e-06,3
all_weights,loss,190,-2.033333333333333e-05,1.049867716534908e-05,-3.5e-05,-1.1e-05,3
all_weights,loss,191,-1.8333333333333333e-05,1.108552609887726e-05,-3.4e-05,-1e-05,3
all_weights,loss,192,-1.9999999999999998e-05,1.019803902718557e-05,-3.4e-05,-1e-05,3
all_weights,loss,193,-1.7333333333333336e-05,1.1264496832477202e-05,-3.3e-05,-7e-06,3
all_weights,loss,194,-1.8666666666666665e-05,1.0873004286866727e-05,-3.4e-05,-1e-05,3
all_weights,loss,195,-1.7333333333333336e-05,6.944222218666553e-06,-2.7e-05,-1.1e-05,3
all_weights,loss,196,-1.8e-05,1.0033277962194942e-05,-3.2e-05,-9e-06,3
all_weights,loss,197,-1.8e-05,1.1430952132988164e-05,-3.4e-05,-8e-06,3
all_weights,loss,198,-1.6666666666666667e-05,8.379870059984356e-06,-2.8e-05,-8e-06,3
all_weights,loss,199,-1.7666666666666668e-05,8.178562764256865e-06,-2.9e-05,-1e-05,3
all_weights,loss,200,-1.6e-05,9.626352718795768e-06,-2.9e-05,-6e-06,3
all_weights,loss,201,-1.6999999999999996e-05,7.788880963698615e-06,-2.8e-05,-1.1e-05,3
all_weights,loss,202,-1.5666666666666667e-05,5.312459150169743e-06,-2.2e-05,-9e-06,3
all_weights,loss,203,-1.633333333333333e-05,9.843215373488934e-06,-2.9e-05,-5e-06,3
all_weights,loss,204,-1.6e-05,4.320493798938574e-06,-2.2e-05,-1.2e-05,3
all_weights,loss,205,-1.3333333333333335e-05,8.339997335464536e-06,-2.5e-05,-6e-06,3
all_weights,loss,206,-1.6666666666666667e-05,1.0530379332620876e-05,-3.1e-05,-6e-06,3
all_weights,loss,207,-1.2666666666666667e-05,9.463379711052259e-06,-2.6e-05,-5e-06,3
all_weights,loss,208,-1.3e-05,8.602325267042626e-06,-2.4e-05,-3e-06,3
all_weights,loss,209,-1.3333333333333335e-05,8.65383665716478e-06,-2.3e-05,-2e-06,3
all_weights,loss,210,-1.4e-05,9.797958971132712e-06,-2.6e-05,-2e-06,3
all_weights,loss,211,-1.7e-05,7.483314773547883e-06,-2.5e-05,-7e-06,3
all_weights,loss,212,-1.2666666666666667e-05,8.178562764256865e-06,-2.3e-05,-3e-06,3
all_weights,loss,213,-1.533333333333333e-05,7.930251502246879e-06,-2.6e-05,-7e-06,3
all_weights,loss,214,-1.4e-05,8.640987597877146e-06,-2.6e-05,-6e-06,3
all_weights,loss,215,-1.633333333333333e-05,8.993825042154694e-06,-2.7e-05,-5e-06,3
all_weights,loss,216,-1.3333333333333335e-05,7.71722460186015e-06,-2.4e-05,-6e-06,3
all_weights,loss,217,-1.2666666666666667e-05,1.0208928554075704e-05,-2.5e-05,0.0,3
all_weights,loss,218,-8e-06,7.788880963698616e-06,-1.9e-05,-2e-06,3
all_weights,loss,219,-1.2666666666666667e-05,7.039570693980958e-06,-2.2e-05,-5e-06,3
all_weights,loss,220,-1.633333333333333e-05,8.498365855987975e-06,-2.8e-05,-8e-06,3
all_weights,loss,221,-1.5333333333333334e-05,5.4365021434333634e-06,-2.1e-05,-8e-06,3
all_weights,loss,222,-1.5e-05,6.1644140029689764e-06,-2.3e-05,-8e-06,3
all_weights,loss,223,-1.3666666666666667e-05,1.2119772641798564e-05,-3e-05,-1e-06,3
all_weights,loss,224,-1.1000000000000001e-05,7.483314773547882e-06,-2.1e-05,-3e-06,3
all_weights,loss,225,-1.4999999999999999e-05,8.524474568362948e-06,-2.7e-05,-8e-06,3
all_weights,loss,226,-1.5666666666666667e-05,8.05536398239638e-06,-2.7e-05,-9e-06,3
all_weights,loss,227,-1.5666666666666667e-05,7.586537784494028e-06,-2.6e-05,-8e-06,3
all_weights,loss,228,-1.2666666666666667e-05,5.90668171555645e-06,-2.1e-05,-8e-06,3
all_weights,loss,229,-1.4e-05,3.741657386773942e-06,-1.9e-05,-1e-05,3
all_weights,loss,230,-1.6e-05,4.242640687119286e-06,-2.2e-05,-1.3e-05,3
all_weights,loss,231,-1.2333333333333333e-05,2.62466929133727e-06,-1.6e-05,-1e-05,3
all_weights,loss,232,-1.4666666666666666e-05,5.90668171555645e-06,-2.3e-05,-1e-05,3
all_weights,loss,233,-1.4e-05,7.874007874011811e-06,-2.5e-05,-7e-06,3
all_weights,loss,234,-1.3333333333333332e-05,5.792715732327589e-06,-2.1e-05,-7e-06,3
all_weights,loss,235,-1.1333333333333334e-05,6.847546194724712e-06,-2.1e-05,-6e-06,3
all_weights,loss,236,-1.4000000000000001e-05,4.3204937989385745e-06,-2e-05,-1e-05,3
all_weights,loss,237,-1.2e-05,7.874007874011811e-06,-2.3e-05,-5e-06,3
all_weights,loss,238,-1.6e-05,3.5590260840104375e-06,-1.9e-05,-1.1e-05,3
all_weights,loss,239,-1.3666666666666664e-05,5.24933858267454e-06,-2.1e-05,-9e-06,3
all_weights,loss,240,-1.2666666666666667e-05,4.988876515698588e-06,-1.8e-05,-6e-06,3
all_weights,loss,241,-1.633333333333333e-05,4.109609335312651e-06,-2.1e-05,-1.1e-05,3
all_weights,loss,242,-1.2666666666666667e-05,5.185449728701349e-06,-2e-05,-9e-06,3
all_weights,loss,243,-1.3e-05,4.546060565661952e-06,-1.8e-05,-7e-06,3
all_weights,loss,244,-9.999999999999999e-06,4.242640687119285e-06,-1.3e-05,-4e-06,3
all_weights,loss,245,-1.2333333333333333e-05,7.1336448530108985e-06,-2.2e-05,-5e-06,3
all_weights,loss,246,-1.2e-05,3.741657386773941e-06,-1.7e-05,-8e-06,3
all_weights,loss,247,-1.2e-05,3.741657386773941e-06,-1.6e-05,-7e-06,3
all_weights,loss,248,-1.4333333333333334e-05,4.71404520791032e-07,-1.5e-05,-1.4e-05,3
all_weights,loss,249,-1.0666666666666669e-05,4.109609335312651e-06,-1.6e-05,-6e-06,3
all_weights,reward,0,-67.78036666666667,0.5320523178117815,-68.5128,-67.2649,3
all_weights,reward,1,-67.25986666666667,0.5449568810669572,-67.7959,-66.5123,3
all_weights,reward,2,-65.52846666666667,0.8120335885225962,-66.1755,-64.3833,3
all_weights,reward,3,-67.08286666666667,1.5531087884912944,-69.1239,-65.3596,3
all_weights,reward,4,-65.2927,1.1192261642164498,-66.7911,-64.1018,3
all_weights,reward,5,-64.51383333333332,0.9268103305902905,-65.806,-63.6775,3
all_weights,reward,6,-64.5664,2.368660555391307,-67.7636,-62.1022,3
all_weights,reward,7,-64.34883333333333,1.2002704621135272,-66.0393,-63.3705,3
all_weights,reward,8,-63.577200000000005,1.5731965738584612,-65.3917,-61.555,3
all_weights,reward,9,-64.19316666666667,1.484147183476837,-66.1615,-62.5779,3
all_weights,reward,10,-64.5548,2.0822967575892384,-67.3624,-62.3816,3
all_weights,reward,11,-63.27986666666666,2.92000938849328,-67.4033,-61.0241,3
all_weights,reward,12,-64.39623333333333,2.551704032384812,-67.5991,-61.355,3
all_weights,reward,13,-61.88536666666666,2.9987684275752615,-66.0482,-59.1025,3
all_weights,reward,14,-64.08833333333332,1.168225755389581,-65.6473,-62.8352,3
all_weights,reward,15,-62.82303333333332,2.962322674674196,-66.9943,-60.4006,3
all_weights,reward,16,-62.93203333333333,1.5560360028682554,-65.1326,-61.8304,3
all_weights,reward,17,-60.7485,0.8258483759141245,-61.7071,-59.6914,3
all_weights,reward,18,-61.14769999999999,1.442908606484371,-62.9656,-59.436,3
all_weights,reward,19,-59.8101,3.249977890181203,-64.169,-56.3683,3
all_weights,reward,20,-61.72466666666667,2.616352818120847,-65.4223,-59.7593,3
all_weights,reward,21,-61.2331,2.684776200480532,-64.8734,-58.4785,3
all_weights,reward,22,-60.72216666666667,1.7922324855392573,-63.2545,-59.3632,3
all_weights,reward,23,-59.66793333333333,2.6452537374617875,-63.1812,-56.7983,3
all_weights,reward,24,-59.155166666666666,3.3998815237527826,-63.6504,-55.4299,3
all_weights,reward,25,-59.33056666666667,3.414873040425109,-61.9112,-54.5051,3
all_weights,reward,26,-58.599733333333326,2.349684123924368,-61.2172,-55.5181,3
all_weights,reward,27,-57.572766666666666,3.022921768017749,-60.1136,-53.3249,3
all_weights,reward,28,-58.868233333333336,3.2448055281565877,-62.6637,-54.7369,3
all_weights,reward,29,-57.20443333333333,4.164738668338694,-61.4568,-51.549,3
all_weights,reward,30,-57.44616666666667,2.979177092569168,-60.0402,-53.274,3
all_weights,reward,31,-56.5746,4.0800345978925225,-62.0038,-52.168,3
all_weights,reward,32,-55.60726666666667,1.9532667241202772,-58.2837,-53.6771,3
all_weights,reward,33,-57.01016666666667,3.8425468553493998,-61.8222,-52.4176,3
all_weights,reward,34,-56.122499999999995,2.7768577361230915,-59.4466,-52.6496,3
all_weights,reward,35,-53.784699999999994,4.3812374142472565,-59.5579,-48.9499,3
all_weights,reward,36,-51.2344,1.9836160061866812,-53.9889,-49.3971,3
all_weights,reward,37,-50.643633333333334,2.000132432837606,-53.4616,-49.0223,3
all_weights,reward,38,-50.3736,5.144062101750587,-57.647,-46.6132,3
all_weights,reward,39,-51.54,3.816872574067238,-56.7187,-47.6321,3
all_weights,reward,40,-51.281866666666666,4.531367514951259,-57.5952,-47.1732,3
all_weights,reward,41,-48.6542,4.735849238169083,-55.1927,-44.1286,3
all_weights,reward,42,-48.39536666666667,3.82609716929522,-53.5334,-44.357,3
all_weights,reward,43,-49.57606666666667,4.690843246392085,-55.4575,-43.9778,3
all_weights,reward,44,-47.26503333333334,4.350865723304065,-53.4009,-43.7991,3
all_weights,reward,45,-47.9073,3.987909918741898,-53.5467,-45.0327,3
all_weights,reward,46,-46.002766666666666,1.2481613606510251,-47.4143,-44.3791,3
all_weights,reward,47,-42.14173333333333,3.6486052242222966,-47.2999,-39.4466,3
all_weights,reward,48,-41.678,3.863893676936084,-47.0288,-38.0428,3
all_weights,reward,49,-42.120466666666665,3.953128065497273,-47.546,-38.24,3
all_weights,reward,50,-41.350899999999996,3.243238419645814,-45.6052,-37.7393,3
all_weights,reward,51,-41.77173333333334,2.69909618617459,-44.8114,-38.2524,3
all_weights,reward,52,-41.42693333333333,3.5634826993951987,-46.4664,-38.8861,3
all_weights,reward,53,-41.17776666666666,3.8670870659393715,-46.5232,-37.5044,3
all_weights,reward,54,-40.84686666666667,2.571963724904033,-44.1771,-37.915,3
all_weights,reward,55,-39.46456666666666,3.4613690011644547,-41.9753,-34.57,3
all_weights,reward,56,-40.1254,2.5309601392883825,-43.1144,-36.9256,3
all_weights,reward,57,-39.40823333333333,2.512447902389665,-42.9339,-37.2635,3
all_weights,reward,58,-39.53436666666666,1.5870933480912701,-41.6017,-37.7438,3
all_weights,reward,59,-38.0131,5.429960819379825,-44.5046,-31.2146,3
all_weights,reward,60,-37.441366666666674,4.493019439332779,-40.6525,-31.0874,3
all_weights,reward,61,-36.77616666666666,3.4073918396464022,-39.8493,-32.0252,3
all_weights,reward,62,-34.231833333333334,1.8266900527700065,-36.6442,-32.2253,3
all_weights,reward,63,-36.19983333333334,2.139845884377864,-38.4469,-33.3209,3
all_weights,reward,64,-33.489133333333335,4.331183967718553,-37.8373,-27.5789,3
all_weights,reward,65,-33.36076666666667,2.777037160156287,-36.7426,-29.9406,3
all_weights,reward,66,-30.639433333333333,5.139227185957912,-36.4649,-23.963,3
all_weights,reward,67,-31.6127,2.056985572790112,-34.4713,-29.7164,3
all_weights,reward,68,-30.771133333333335,0.5848845831064065,-31.5627,-30.1675,3
all_weights,reward,69,-29.982700000000005,5.67501575739369,-35.2334,-22.1008,3
all_weights,reward,70,-31.09443333333333,3.722849953403379,-36.3323,-28.014,3
all_weights,reward,71,-30.0168,3.8121015105406957,-35.3533,-26.6856,3
all_weights,reward,72,-31.268866666666668,6.309619505872672,-38.6281,-23.2191,3
all_weights,reward,73,-35.04886666666667,2.629746857694778,-37.8369,-31.5233,3
all_weights,reward,74,-25.671233333333333,8.852572982033088,-37.2056,-15.6885,3
all_weights,reward,75,-28.166566666666668,7.9566229370394455,-36.806,-17.6033,3
all_weights,reward,76,-25.904433333333333,8.40690475634298,-34.2741,-14.4069,3
all_weights,reward,77,-25.020933333333335,9.514371454220656,-36.3898,-13.1038,3
all_weights,reward,78,-23.687133333333332,11.364701509009768,-37.7438,-9.9103,3
all_weights,reward,79,-23.203466666666667,11.473102147874199,-38.3763,-10.6384,3
all_weights,reward,80,-24.10513333333333,11.672205817620286,-39.864,-11.9708,3
all_weights,reward,81,-21.859466666666666,12.663553100751603,-39.4035,-9.9724,3
all_weights,reward,82,-23.239433333333334,13.021404494736945,-41.1299,-10.5148,3
all_weights,reward,83,-22.136166666666668,13.605320611763947,-41.3063,-11.124,3
all_weights,reward,84,-24.13866666666667,13.024940414536346,-41.2291,-9.6427,3
all_weights,reward,85,-21.2116,12.944280319121647,-39.2169,-9.3474,3
all_weights,reward,86,-21.057233333333333,14.549414742944894,-41.357,-7.9974,3
all_weights,reward,87,-20.37013333333333,13.72413910580753,-39.6688,-8.9322,3
all_weights,reward,88,-19.451433333333334,12.993861194254599,-37.8104,-9.585,3
all_weights,reward,89,-18.87353333333333,13.20485759946779,-37.5432,-9.1712,3
all_weights,reward,90,-19.0366,14.591013521342509,-39.6643,-8.2537,3
all_weights,reward,91,-17.7364,14.113093240675482,-37.6922,-7.4525,3
all_weights,reward,92,-18.631500000000003,15.27895186610216,-40.228,-7.2308,3
all_weights,reward,93,-18.124166666666664,14.876783546706443,-39.1425,-6.8086,3
all_weights,reward,94,-17.3453,14.428617496027355,-37.7411,-6.6126,3
all_weights,reward,95,-17.554866666666666,14.35194359087143,-37.8214,-6.4634,3
all_weights,reward,96,-16.9187,13.88278212487204,-36.5144,-6.0702,3
all_weights,reward,97,-17.644166666666663,15.391988356789888,-39.3948,-6.0256,3
all_weights,reward,98,-16.245900000000002,13.759891500541226,-35.6905,-5.8659,3
all_weights,reward,99,-16.430033333333334,14.754582570472433,-37.2912,-5.6053,3
all_weights,reward,100,-16.4625,15.306165759588518,-38.1063,-5.3622,3
all_weights,reward,101,-15.707466666666667,14.651233481026622,-36.4186,-4.8278,3
all_weights,reward,102,-15.640733333333335,14.948205922525359,-36.777,-4.7306,3
all_weights,reward,103,-16.1348,15.610885110716817,-38.2078,-4.7287,3
all_weights,reward,104,-15.4384,14.760520245799828,-36.3071,-4.5769,3
all_weights,reward,105,-15.257133333333334,14.79677059571521,-36.1788,-4.4364,3
all_weights,reward,106,-14.6163,14.21854302053015,-34.7173,-4.1045,3
all_weights,reward,107,-14.809466666666665,14.50612136819794,-35.315,-4.0241,3
all_weights,reward,108,-15.615266666666669,15.642834820311679,-37.7286,-4.0129,3
all_weights,reward,109,-14.914633333333333,14.872450687167271,-35.9407,-3.94,3
all_weights,reward,110,-14.789566666666666,15.092303381819784,-36.1297,-3.7797,3
all_weights,reward,111,-15.3018,16.10940548706459,-38.083,-3.732,3
all_weights,reward,112,-14.925133333333333,15.802005860086947,-37.2725,-3.7129,3
all_weights,reward,113,-15.115666666666664,15.936594380927884,-37.6534,-3.8246,3
all_weights,reward,114,-14.555366666666664,15.469046775703049,-36.4319,-3.6082,3
all_weights,reward,115,-14.775933333333333,15.911648868325647,-37.2784,-3.5147,3
all_weights,reward,116,-14.520999999999999,15.583731288964996,-36.5597,-3.4734,3
all_weights,reward,117,-14.704866666666668,16.039917612908393,-37.3887,-3.3281,3
all_weights,reward,118,-14.655966666666666,16.03038872669309,-37.3263,-3.2757,3
all_weights,reward,119,-14.856499999999999,16.221875574256718,-37.7973,-3.2693,3
all_weights,reward,120,-14.354500000000002,15.752935678998586,-36.6325,-3.1929,3
all_weights,reward,121,-14.592799999999999,16.09460808863225,-37.354,-3.1911,3
all_weights,reward,122,-13.999266666666665,15.45461122994975,-35.8553,-3.0177,3
all_weights,reward,123,-14.1021,15.558192293451063,-36.1047,-3.0861,3
all_weights,reward,124,-13.603366666666666,15.012469080586163,-34.8342,-2.9766,3
all_weights,reward,125,-13.722133333333332,15.279167235669474,-35.3298,-2.8135,3
all_weights,reward,126,-13.609366666666666,15.21220319531512,-35.1222,-2.7297,3
all_weights,reward,127,-13.375833333333333,14.982431832279058,-34.5637,-2.6569,3
all_weights,reward,128,-13.6473,15.39592050317226,-35.4197,-2.6078,3
all_weights,reward,129,-11.819333333333333,13.199260482399087,-30.4805,-2.0997,3
all_weights,reward,130,-12.993000000000002,14.874980496793938,-34.0247,-2.0921,3
all_weights,reward,131,-12.447166666666666,14.189128814303183,-32.5087,-2.0314,3
all_weights,reward,132,-12.447700000000003,14.256943432119895,-32.6047,-1.9665,3
all_weights,reward,133,-13.341099999999999,15.485280156329107,-35.2367,-2.0357,3
all_weights,reward,134,-12.420333333333332,14.200562173457156,-32.4987,-2.0229,3
all_weights,reward,135,-12.388799999999998,14.167172780998568,-32.4197,-2.0053,3
all_weights,reward,136,-12.463366666666666,14.325903351233697,-32.7208,-2.0616,3
all_weights,reward,137,-13.566466666666665,15.906537915866195,-36.0577,-1.9531,3
all_weights,reward,138,-12.127266666666666,13.925887911927036,-31.8169,-1.916,3
all_weights,reward,139,-12.006433333333334,13.87616913544785,-31.6239,-1.7637,3
all_weights,reward,140,-12.462666666666664,14.560652547724482,-33.0487,-1.745,3
all_weights,reward,141,-12.400866666666667,14.538734525474434,-32.956,-1.7025,3
all_weights,reward,142,-13.28,15.84741330144029,-35.6868,-1.6738,3
all_weights,reward,143,-13.716066666666665,16.673793070231167,-37.2942,-1.6499,3
all_weights,reward,144,-13.133533333333332,16.166655463295086,-35.9966,-1.6665,3
all_weights,reward,145,-12.374733333333333,14.982000594565319,-33.5621,-1.6709,3
all_weights,reward,146,-12.740433333333334,15.519617834713442,-34.6877,-1.6058,3
all_weights,reward,147,-11.676066666666665,14.108366967709465,-31.6279,-1.5893,3
all_weights,reward,148,-12.864666666666666,15.804879767407984,-35.2156,-1.5544,3
all_weights,reward,149,-12.173833333333333,14.81991971780624,-33.1318,-1.5616,3
all_weights,reward,150,-12.622966666666668,15.439599124833375,-34.457,-1.5384,3
all_weights,reward,151,-12.416099999999998,15.177431714445847,-33.8788,-1.4702,3
all_weights,reward,152,-12.192166666666667,14.872666970505174,-33.224,-1.4742,3
all_weights,reward,153,-12.368833333333333,15.157294379568173,-33.8036,-1.4828,3
all_weights,reward,154,-11.857133333333332,14.40079620075069,-32.221,-1.4321,3
all_weights,reward,155,-12.422599999999997,15.246817514703409,-33.9839,-1.4661,3
all_weights,reward,156,-11.647433333333332,14.237289219120644,-31.7805,-1.368,3
all_weights,reward,157,-11.318766666666667,13.783293240086788,-30.8097,-1.3579,3
all_weights,reward,158,-11.926266666666669,14.63556556846673,-32.6228,-1.3785,3
all_weights,reward,159,-11.473999999999998,14.00408918447275,-31.2778,-1.4021,3
all_weights,reward,160,-11.551766666666666,14.21102815945732,-31.6484,-1.3486,3
all_weights,reward,161,-11.396866666666668,13.961448883821319,-31.1403,-1.3499,3
all_weights,reward,162,-11.073466666666667,13.57143805947705,-30.2656,-1.3277,3
all_weights,reward,163,-10.8044,13.222834781039452,-29.5037,-1.3237,3
all_weights,reward,164,-11.392566666666667,14.077440982492364,-31.3001,-1.2682,3
all_weights,reward,165,-11.361400000000001,14.02978021662017,-31.2021,-1.3312,3
all_weights,reward,166,-11.507,14.292225739424444,-31.7186,-1.2598,3
all_weights,reward,167,-11.990699999999999,14.98927635166777,-33.1883,-1.2739,3
all_weights,reward,168,-10.8516,13.432288652596275,-29.8474,-1.2575,3
all_weights,reward,169,-11.686866666666665,14.640308792812016,-32.3912,-1.2579,3
all_weights,reward,170,-8.568733333333332,10.210250848480113,-23.0079,-1.2674,3
all_weights,reward,171,-9.072333333333333,11.02048426471763,-24.6574,-1.2031,3
all_weights,reward,172,-7.531199999999999,8.829980585860122,-20.0184,-1.2154,3
all_weights,reward,173,-5.471966666666667,5.878412499041632,-13.7846,-1.2224,3
all_weights,reward,174,-4.7736,4.955662874597773,-11.7813,-1.1861,3
all_weights,reward,175,-4.732833333333333,4.888937318977294,-11.6464,-1.2089,3
all_weights,reward,176,-4.054233333333333,3.926307456405092,-9.606,-1.1932,3
all_weights,reward,177,-3.8671666666666673,3.696580928672091,-9.0944,-1.1896,3
all_weights,reward,178,-3.1648333333333336,2.679938717375621,-6.9545,-1.2261,3
all_weights,reward,179,-3.1213666666666664,2.6196159493754467,-6.8252,-1.2002,3
all_weights,reward,180,-3.1311999999999998,2.6350226868093563,-6.8574,-1.2282,3
all_weights,reward,181,-2.9882333333333335,2.482348665186975,-6.4984,-1.187,3
all_weights,reward,182,-2.9381000000000004,2.4116020290808073,-6.3479,-1.1725,3
all_weights,reward,183,-2.8412,2.2774077207796295,-6.0615,-1.1849,3
all_weights,reward,184,-2.7758000000000003,2.1590930518777243,-5.8282,-1.1813,3
all_weights,reward,185,-2.7269666666666663,2.128528507887289,-5.7367,-1.1765,3
all_weights,reward,186,-2.6405,2.024847798395392,-5.5039,-1.182,3
all_weights,reward,187,-2.756933333333333,2.142263796911005,-5.7865,-1.2268,3
all_weights,reward,188,-2.61,1.946318793688913,-5.3622,-1.1981,3
all_weights,reward,189,-2.6210333333333335,2.037240277652317,-5.502,-1.1572,3
all_weights,reward,190,-2.5544000000000002,1.9244136267098781,-5.2758,-1.1705,3
all_weights,reward,191,-2.5300666666666665,1.838499120357569,-5.1297,-1.1909,3
all_weights,reward,192,-2.4647333333333337,1.7744162783543462,-4.974,-1.1874,3
all_weights,reward,193,-2.4344333333333332,1.7630059563774088,-4.9277,-1.1868,3
all_weights,reward,194,-2.320266666666667,1.6137970759120313,-4.6024,-1.1589,3
all_weights,reward,195,-2.2771333333333335,1.5948905549354233,-4.5326,-1.1365,3
all_weights,reward,196,-2.272866666666667,1.56538466057246,-4.4866,-1.1525,3
all_weights,reward,197,-2.2182,1.4908858507612177,-4.3266,-1.1541,3
all_weights,reward,198,-2.218933333333333,1.4773756198821684,-4.3081,-1.1521,3
all_weights,reward,199,-2.1948000000000003,1.4100930631226674,-4.1889,-1.183,3
all_weights,reward,200,-2.1431999999999998,1.3681831773072883,-4.0781,-1.1727,3
all_weights,reward,201,-2.0883999999999996,1.2831866764686526,-3.9031,-1.181,3
all_weights,reward,202,-2.0736000000000003,1.2884036401687167,-3.8955,-1.1406,3
all_weights,reward,203,-2.0195,1.2373735814215527,-3.7694,-1.1393,3
all_weights,reward,204,-1.981766666666667,1.1819126429459816,-3.6532,-1.1356,3
all_weights,reward,205,-1.9663333333333333,1.1470738201567015,-3.5885,-1.1453,3
all_weights,reward,206,-1.9402000000000001,1.117758796282394,-3.5209,-1.139,3
all_weights,reward,207,-1.8918666666666664,1.0699468688781804,-3.405,-1.135,3
all_weights,reward,208,-1.8510333333333335,1.0210409144049462,-3.295,-1.1264,3
all_weights,reward,209,-1.7574666666666667,0.8598142486736435,-2.9734,-1.1424,3
all_weights,reward,210,-1.7656,0.9063710939786197,-3.0474,-1.1226,3
all_weights,reward,211,-1.7701666666666664,0.8819484729216831,-3.0172,-1.1259,3
all_weights,reward,212,-1.6913333333333334,0.7809835266437372,-2.7957,-1.1256,3
all_weights,reward,213,-1.6921333333333333,0.77965483958537,-2.7947,-1.1336,3
all_weights,reward,214,-1.6851333333333336,0.7634598104826621,-2.7648,-1.1385,3
all_weights,reward,215,-1.6890333333333334,0.7761602340296035,-2.7866,-1.1281,3
all_weights,reward,216,-1.6367666666666667,0.735179997612074,-2.6762,-1.0966,3
all_weights,reward,217,-1.6761333333333333,0.7785968675908106,-2.7765,-1.0911,3
all_weights,reward,218,-1.6611666666666665,0.7418295506531283,-2.7102,-1.126,3
all_weights,reward,219,-1.6347666666666667,0.7295877435617704,-2.6665,-1.1093,3
all_weights,reward,220,-1.5909333333333333,0.6826600048503076,-2.5563,-1.0989,3
all_weights,reward,221,-1.5732666666666668,0.6987986564255989,-2.5615,-1.0741,3
all_weights,reward,222,-1.5922333333333334,0.6572818894676943,-2.5217,-1.1176,3
all_weights,reward,223,-1.5683666666666667,0.6514171542789526,-2.4896,-1.1041,3
all_weights,reward,224,-1.5623333333333334,0.6492454817367277,-2.4805,-1.1006,3
all_weights,reward,225,-1.540066666666667,0.6207926349076281,-2.418,-1.1009,3
all_weights,reward,226,-1.5315333333333332,0.6133924808436728,-2.399,-1.0965,3
all_weights,reward,227,-1.4829999999999999,0.5371685768918356,-2.2426,-1.0942,3
all_weights,reward,228,-1.4877333333333336,0.5472290339113556,-2.2616,-1.0947,3
all_weights,reward,229,-1.4229333333333336,0.4663192206585052,-2.0823,-1.0829,3
all_weights,reward,230,-1.3806333333333332,0.39374303238985137,-1.9374,-1.0946,3
all_weights,reward,231,-1.3586666666666665,0.39901128082075854,-1.9229,-1.0698,3
all_weights,reward,232,-1.3379333333333332,0.33985403075765075,-1.8185,-1.0911,3
all_weights,reward,233,-1.3464,0.37216158676933153,-1.8727,-1.0797,3
all_weights,reward,234,-1.3303333333333331,0.3296834980536467,-1.7964,-1.0862,3
all_weights,reward,235,-1.3113000000000001,0.3270833227176219,-1.7738,-1.0733,3
all_weights,reward,236,-1.3047666666666666,0.3040040167863284,-1.7344,-1.0762,3
all_weights,reward,237,-1.3115333333333332,0.27365124195263985,-1.6973,-1.0919,3
all_weights,reward,238,-1.2807666666666666,0.2681576816394082,-1.6599,-1.0837,3
all_weights,reward,239,-1.2843666666666664,0.2754661665048702,-1.6739,-1.0851,3
all_weights,reward,240,-1.2657,0.2575262316735909,-1.6285,-1.0567,3
all_weights,reward,241,-1.2771333333333335,0.24880993192037615,-1.629,-1.0998,3
all_weights,reward,242,-1.2477333333333334,0.2285817772458883,-1.5709,-1.0793,3
all_weights,reward,243,-1.2400333333333333,0.22584936474463577,-1.5594,-1.0764,3
all_weights,reward,244,-1.2218,0.21405299966752783,-1.5241,-1.0569,3
all_weights,reward,245,-1.2281000000000002,0.19979374364579086,-1.5106,-1.0822,3
all_weights,reward,246,-1.2328000000000001,0.20339937725240625,-1.5192,-1.0664,3
all_weights,reward,247,-1.2515666666666665,0.21315916327685486,-1.553,-1.0979,3
all_weights,reward,248,-1.2238666666666667,0.21151998066901906,-1.523,-1.0736,3
all_weights,reward,249,-1.204,0.18972492368338606,-1.4722,-1.0632,3
all_weights,queue,0,16.9575,0.1332302017812278,16.8284,17.1409,3
all_weights,queue,1,16.827399999999997,0.13573422560283108,16.6408,16.9597,3
all_weights,queue,2,16.391133333333332,0.20373093912205828,16.1039,16.5543,3
all_weights,queue,3,16.7818,0.3916397068735496,16.3495,17.2978,3
all_weights,queue,4,16.335533333333334,0.2799326625378959,16.0387,16.7108,3
all_weights,queue,5,16.138833333333334,0.23300611341526808,15.9277,16.4635,3
all_weights,queue,6,16.154033333333334,0.5944898672157686,15.537,16.9571,3
all_weights,queue,7,16.099,0.3018149433013553,15.8523,16.524,3
all_weights,queue,8,15.904166666666667,0.39341205144507496,15.3986,16.3581,3
all_weights,queue,9,16.057133333333333,0.3711092232154241,15.6523,16.5488,3
all_weights,queue,10,16.149133333333335,0.5231941152404357,15.6043,16.8551,3
all_weights,queue,11,15.829466666666667,0.7336298446007288,15.2605,16.8653,3
all_weights,queue,12,16.109733333333335,0.6411029315865655,15.3442,16.9132,3
all_weights,queue,13,15.477833333333331,0.7519084444856895,14.7792,16.5214,3
all_weights,queue,14,16.033866666666665,0.2956423552575339,15.715,16.4275,3
all_weights,queue,15,15.713633333333334,0.744417845627635,15.1053,16.7619,3
all_weights,queue,16,15.741166666666667,0.39056008785105384,15.4637,16.2935,3
all_weights,queue,17,15.195866666666667,0.20835548682213514,14.9306,15.4396,3
all_weights,queue,18,15.292700000000002,0.3621834986117763,14.864,15.7498,3
all_weights,queue,19,14.957866666666666,0.8183013883785247,14.0911,16.0553,3
all_weights,queue,20,15.437800000000001,0.6555704437104122,14.9477,16.3644,3
all_weights,queue,21,15.314966666666669,0.6713430982407995,14.6263,16.2253,3
all_weights,queue,22,15.1871,0.4463487948529344,14.8493,15.8178,3
all_weights,queue,23,14.922633333333332,0.6635865898450795,14.2017,15.8034,3
all_weights,queue,24,14.793166666666666,0.8535863413985858,13.8569,15.9212,3
all_weights,queue,25,14.837433333333331,0.8546978465451339,13.6297,15.4837,3
all_weights,queue,26,14.655899999999997,0.5890856021552953,13.8836,15.3126,3
all_weights,queue,27,14.397233333333334,0.7576941614016981,13.3323,15.0326,3
all_weights,queue,28,14.723933333333333,0.8121533735829841,13.6898,15.6738,3
all_weights,queue,29,14.304166666666667,1.0446213008656398,12.8861,15.3719,3
all_weights,queue,30,14.369933333333334,0.7475132209904755,13.3231,15.0209,3
all_weights,queue,31,14.144833333333333,1.025052185121432,13.0367,15.5083,3
all_weights,queue,32,13.9051,0.4903706149434325,13.4196,14.5767,3
all_weights,queue,33,14.257866666666667,0.9621522067162188,13.1076,15.4625,3
all_weights,queue,34,14.0334,0.6929230260281437,13.1676,14.8638,3
all_weights,queue,35,13.4443,1.0985748252470864,12.2332,14.8926,3
all_weights,queue,36,12.806733333333332,0.4981221893828418,12.3452,13.4984,3
all_weights,queue,37,12.658166666666666,0.5008898770077995,12.2506,13.3637,3
all_weights,queue,38,12.589566666666668,1.2902695747616293,11.6495,14.414,3
all_weights,queue,39,12.884966666666665,0.9600114663667071,11.9023,14.1876,3
all_weights,queue,40,12.819633333333334,1.1385580188212725,11.7867,14.4058,3
all_weights,queue,41,12.157433333333332,1.1896891087824395,11.02,13.7998,3
all_weights,queue,42,12.094466666666667,0.9595308587475908,11.0821,13.3832,3
all_weights,queue,43,12.392000000000001,1.1787685975910058,10.9841,13.869,3
all_weights,queue,44,11.810599999999999,1.0920453562009225,10.9421,13.3508,3
all_weights,queue,45,11.970166666666666,1.0021445049936104,11.2461,13.3873,3
all_weights,queue,46,11.4953,0.3136268589688497,11.0863,11.8484,3
all_weights,queue,47,10.5249,0.9167471879785977,9.8498,11.821,3
all_weights,queue,48,10.409666666666666,0.9716982018896381,9.4944,11.755,3
all_weights,queue,49,10.516866666666667,0.9933422281480951,9.5442,11.881,3
all_weights,queue,50,10.3257,0.816547332777878,9.4133,11.3949,3
all_weights,queue,51,10.430366666666666,0.6760059187775073,9.5478,11.1899,3
all_weights,queue,52,10.342933333333333,0.8932792371680623,9.705,11.6062,3
all_weights,queue,53,10.285166666666667,0.9690536494722854,9.3616,11.6238,3
all_weights,queue,54,10.199666666666667,0.6431078724098747,9.4647,11.0311,3
all_weights,queue,55,9.853566666666666,0.8684112556207962,8.6256,10.4843,3
all_weights,queue,56,10.022333333333334,0.6334523519746557,9.2213,10.7702,3
all_weights,queue,57,9.841866666666666,0.62866106042039,9.3036,10.7238,3
all_weights,queue,58,9.8705,0.3976732913670047,9.4223,10.3888,3
all_weights,queue,59,9.486933333333333,1.3662280052107783,7.7745,11.1181,3
all_weights,queue,60,9.3457,1.1316145368454755,7.7454,10.1562,3
all_weights,queue,61,9.180033333333334,0.8533062026937082,7.9901,9.9489,3
all_weights,queue,62,8.5396,0.4588813862717318,8.0373,9.1466,3
all_weights,queue,63,9.033566666666665,0.5388899722784068,8.3082,9.5987,3
all_weights,queue,64,8.351333333333333,1.0920417096226476,6.8611,9.4475,3
all_weights,queue,65,8.320333333333332,0.701237878485056,7.4569,9.1745,3
all_weights,queue,66,7.6353,1.292588101446087,5.9553,9.0993,3
all_weights,queue,67,7.880566666666667,0.5171504767043684,7.4036,8.5992,3
all_weights,queue,68,7.6674999999999995,0.14754770979810777,7.5167,7.8678,3
all_weights,queue,69,7.467333333333333,1.4328943955815059,5.4767,8.791,3
all_weights,queue,70,7.7495666666666665,0.9386735475600069,6.9734,9.0703,3
all_weights,queue,71,7.476466666666667,0.9611390337626612,6.6352,8.8217,3
all_weights,queue,72,7.792699999999999,1.5916153869575398,5.7626,9.6497,3
all_weights,queue,73,8.743766666666666,0.6603057591415933,7.8591,9.445,3
all_weights,queue,74,6.384266666666666,2.2313727229866576,3.8705,9.2932,3
all_weights,queue,75,7.008800000000001,2.003419089124057,4.3514,9.1885,3
all_weights,queue,76,6.445466666666667,2.1174269563684023,3.55,8.5546,3
all_weights,queue,77,6.216333333333334,2.4007551344432345,3.2117,9.0878,3
all_weights,queue,78,5.882866666666668,2.8655026090063545,2.4101,9.428,3
all_weights,queue,79,5.758400000000001,2.894321322866554,2.5878,9.5856,3
all_weights,queue,80,5.9895,2.941477795258703,2.9326,9.9613,3
all_weights,queue,81,5.422066666666666,3.192623116219987,2.4259,9.8453,3
all_weights,queue,82,5.769033333333333,3.2822511678555144,2.5637,10.2793,3
all_weights,queue,83,5.492100000000001,3.4297034458778892,2.7179,10.3248,3
all_weights,queue,84,5.996866666666667,3.282177396519302,2.3458,10.3046,3
all_weights,queue,85,5.2620000000000005,3.263285274075805,2.2732,9.8017,3
all_weights,queue,86,5.222,3.665295975315863,1.9342,10.3364,3
all_weights,queue,87,5.051166666666667,3.4603026701271227,2.1651,9.9167,3
all_weights,queue,88,4.8188,3.276890669521948,2.3325,9.4488,3
all_weights,queue,89,4.6735,3.3286577595180913,2.2271,9.3797,3
all_weights,queue,90,4.714433333333333,3.67745395650608,1.9985,9.9134,3
all_weights,queue,91,4.389633333333333,3.5564771945783025,1.7999,9.4185,3
all_weights,queue,92,4.615266666666667,3.8515090223039707,1.7414,10.0593,3
all_weights,queue,93,4.484766666666666,3.7488135210430986,1.6373,9.7814,3
all_weights,queue,94,4.2927333333333335,3.6344394949183325,1.5906,9.4303,3
all_weights,queue,95,4.344866666666666,3.615507194786861,1.5544,9.4506,3
all_weights,queue,96,4.185366666666667,3.4992875325636725,1.4543,9.1249,3
all_weights,queue,97,4.3666,3.8782143554304307,1.4444,9.8472,3
all_weights,queue,98,4.0171,3.4677323781783773,1.4083,8.9178,3
all_weights,queue,99,4.061733333333333,3.7170165144762124,1.3372,9.3172,3
all_weights,queue,100,4.070233333333333,3.857255497832047,1.278,9.5247,3
all_weights,queue,101,3.8815333333333335,3.6912543887169607,1.1456,9.0997,3
all_weights,queue,102,3.863933333333333,3.7645373689501636,1.118,9.1869,3
all_weights,queue,103,3.989466666666667,3.9321747980249078,1.1181,9.5494,3
all_weights,queue,104,3.8146333333333327,3.7174742118211865,1.0803,9.0705,3
all_weights,queue,105,3.7706,3.7259458834860535,1.0483,9.0389,3
all_weights,queue,106,3.6077999999999997,3.579436674487575,0.9644,8.6682,3
all_weights,queue,107,3.6566666666666663,3.6538476344198525,0.9439,8.8218,3
all_weights,queue,108,3.862033333333333,3.9379098832869315,0.9437,9.4289,3
all_weights,queue,109,3.6842,3.745191323105759,0.924,8.9791,3
all_weights,queue,110,3.6542666666666666,3.796706669675122,0.8887,9.0228,3
all_weights,queue,111,3.7835,4.053559857705324,0.8759,9.5159,3
all_weights,queue,112,3.6915999999999998,3.9769836367109517,0.8735,9.3159,3
all_weights,queue,113,3.736733333333333,4.011605344774361,0.8997,9.41,3
all_weights,queue,114,3.5973666666666673,3.8938507087743135,0.8389,9.1041,3
all_weights,queue,115,3.6529333333333334,4.0026256601830195,0.82,9.3135,3
all_weights,queue,116,3.5896333333333335,3.9183392743468364,0.815,9.131,3
all_weights,queue,117,3.636366666666667,4.036191530253351,0.7769,9.3444,3
all_weights,queue,118,3.6229999999999998,4.032987634496292,0.7642,9.3265,3
all_weights,queue,119,3.6764999999999994,4.080346339058324,0.7648,9.4469,3
all_weights,queue,120,3.5520666666666667,3.961237904437899,0.746,9.1541,3
all_weights,queue,121,3.610933333333333,4.047102105073319,0.7488,9.3344,3
all_weights,queue,122,3.4628333333333337,3.8856844479304913,0.7021,8.958,3
all_weights,queue,123,3.4889666666666668,3.9114558724626085,0.7209,9.0206,3
all_weights,queue,124,3.366833333333334,3.7738775897241585,0.6941,8.7039,3
all_weights,queue,125,3.3950333333333336,3.840343613387855,0.6511,8.826,3
all_weights,queue,126,3.3663666666666665,3.8230169206472993,0.6308,8.7728,3
all_weights,queue,127,3.3096333333333336,3.765271839972366,0.6148,8.6344,3
all_weights,queue,128,3.3773999999999997,3.8694240820394272,0.6017,8.8494,3
all_weights,queue,129,2.9155333333333338,3.3175102655790263,0.4711,7.6058,3
all_weights,queue,130,3.2121333333333335,3.7394247278900474,0.4679,8.4992,3
all_weights,queue,131,3.0759333333333334,3.5686011473529637,0.4541,8.1214,3
all_weights,queue,132,3.0768999999999997,3.5829284419312644,0.44,8.1425,3
all_weights,queue,133,3.301766666666667,3.89182446703628,0.4578,8.8046,3
all_weights,queue,134,3.070466666666667,3.5672122171553275,0.4547,8.1141,3
all_weights,queue,135,3.0634666666666663,3.560486612185974,0.453,8.0976,3
all_weights,queue,136,3.0824666666666665,3.600145775134976,0.4671,8.1732,3
all_weights,queue,137,3.360633333333334,3.9962950177494267,0.4411,9.0112,3
all_weights,queue,138,2.9974000000000003,3.497585779743889,0.4292,7.9425,3
all_weights,queue,139,2.9666666666666663,3.4851099000685126,0.3925,7.8937,3
all_weights,queue,140,3.081433333333333,3.65848928779201,0.3867,8.2538,3
all_weights,queue,141,3.0678,3.6525739098157435,0.3773,8.2318,3
all_weights,queue,142,3.290033333333333,3.980907777826001,0.3715,8.9186,3
all_weights,queue,143,3.3976333333333337,4.187138571334313,0.3678,9.3186,3
all_weights,queue,144,3.2501999999999995,4.061912899936022,0.3677,8.9946,3
all_weights,queue,145,3.057066666666667,3.7628159440622237,0.3693,8.3784,3
all_weights,queue,146,3.1515,3.89685751428849,0.3566,8.6623,3
all_weights,queue,147,2.8834999999999997,3.543234745257503,0.352,7.8943,3
all_weights,queue,148,3.1828,3.9713363896804306,0.3432,8.799,3
all_weights,queue,149,3.006933333333334,3.723413917659736,0.3414,8.2725,3
all_weights,queue,150,3.1214999999999997,3.8788915796483234,0.3402,8.6069,3
all_weights,queue,151,3.0695666666666668,3.8133945161175697,0.3223,8.4622,3
all_weights,queue,152,3.0116666666666667,3.7355039654048765,0.3244,8.2942,3
all_weights,queue,153,3.0553666666666666,3.807646990231923,0.3236,8.44,3
all_weights,queue,154,2.9257666666666666,3.6173821006664784,0.3115,8.0411,3
all_weights,queue,155,3.0695,3.8295661904015534,0.319,8.4851,3
all_weights,queue,156,2.876466666666667,3.575183938702393,0.2978,7.9322,3
all_weights,queue,157,2.791866666666667,3.4637179160870217,0.2884,7.6899,3
all_weights,queue,158,2.9448333333333334,3.676083452383649,0.2972,8.1433,3
all_weights,queue,159,2.8324999999999996,3.51942503921687,0.3036,7.8095,3
all_weights,queue,160,2.8509999999999995,3.5679769309792344,0.2911,7.8967,3
all_weights,queue,161,2.8141,3.5077033207879293,0.2915,7.7745,3
all_weights,queue,162,2.7318,3.408518660650107,0.2863,7.552,3
all_weights,queue,163,2.6643,3.318761715861304,0.2865,7.3576,3
all_weights,queue,164,2.8132333333333333,3.5340371789530205,0.2741,7.8109,3
all_weights,queue,165,2.8034666666666666,3.523323556277826,0.285,7.7861,3
all_weights,queue,166,2.842966666666667,3.5899793075850575,0.2692,7.9198,3
all_weights,queue,167,2.9641,3.762944007910119,0.2742,8.2856,3
all_weights,queue,168,2.6779333333333333,3.3720844239464443,0.2695,7.4467,3
all_weights,queue,169,2.887233333333333,3.6749868156981944,0.269,8.0844,3
all_weights,queue,170,2.102066666666667,2.5609359230996436,0.2708,5.7237,3
all_weights,queue,171,2.2303,2.7643275939487824,0.2586,6.1396,3
all_weights,queue,172,1.8417333333333332,2.2134089911767822,0.259,4.9719,3
all_weights,queue,173,1.3232333333333333,1.4702359024622167,0.2613,3.4023,3
all_weights,queue,174,1.1447333333333334,1.2329975840293532,0.2528,2.8883,3
all_weights,queue,175,1.1370333333333333,1.2199414311988734,0.2591,2.8622,3
all_weights,queue,176,0.9640000000000001,0.9752963071121857,0.2553,2.3431,3
all_weights,queue,177,0.9157333333333334,0.9156263223729549,0.2528,2.2105,3
all_weights,queue,178,0.7393666666666667,0.660656775909818,0.2619,1.6736,3
all_weights,queue,179,0.7274333333333334,0.6444156129565937,0.2564,1.6386,3
all_weights,queue,180,0.7292666666666667,0.6476304724832587,0.2627,1.6451,3
all_weights,queue,181,0.6956333333333333,0.6097783713958886,0.2537,1.5579,3
all_weights,queue,182,0.6832333333333334,0.5919121012072278,0.2523,1.5202,3
all_weights,queue,183,0.6583666666666667,0.5583579337864039,0.2525,1.4479,3
all_weights,queue,184,0.6421333333333333,0.5291143879687601,0.2526,1.3902,3
all_weights,queue,185,0.6321666666666667,0.5213738539239914,0.253,1.3694,3
all_weights,queue,186,0.6098333333333333,0.49892542083517405,0.2524,1.3154,3
all_weights,queue,187,0.6384666666666666,0.5265400670625382,0.2634,1.3831,3
all_weights,queue,188,0.6030333333333333,0.4808434972929226,0.256,1.283,3
all_weights,queue,189,0.6046666666666666,0.4993890022372895,0.2484,1.3109,3
all_weights,queue,190,0.5894666666666667,0.47217571823304183,0.2507,1.2572,3
all_weights,queue,191,0.5828333333333333,0.4523684142623379,0.2543,1.2225,3
all_weights,queue,192,0.5657333333333333,0.43535313124966596,0.2541,1.1814,3
all_weights,queue,193,0.5579,0.4331043061434509,0.2503,1.1704,3
all_weights,queue,194,0.5292666666666667,0.39693175176036943,0.2453,1.0906,3
all_weights,queue,195,0.5177,0.3892014731044407,0.2391,1.0681,3
all_weights,queue,196,0.5181000000000001,0.38297404611801045,0.2449,1.0597,3
all_weights,queue,197,0.5076666666666666,0.36559788778869545,0.2488,1.0247,3
all_weights,queue,198,0.5052333333333333,0.3620964543077193,0.2458,1.0173,3
all_weights,queue,199,0.5006666666666667,0.34544871624534307,0.2545,0.9892,3
all_weights,queue,200,0.4880333333333333,0.33592302028225984,0.2501,0.9631,3
all_weights,queue,201,0.4764,0.3140267186084649,0.2536,0.9205,3
all_weights,queue,202,0.4710666666666667,0.31506825010181877,0.2431,0.9166,3
all_weights,queue,203,0.45873333333333327,0.3014182181325844,0.2442,0.885,3
all_weights,queue,204,0.45009999999999994,0.2913463002453724,0.2401,0.8621,3
all_weights,queue,205,0.4455,0.2805250909752399,0.2435,0.8422,3
all_weights,queue,206,0.44039999999999996,0.2746451286053817,0.2442,0.8288,3
all_weights,queue,207,0.4284666666666667,0.262926787443873,0.2417,0.8003,3
all_weights,queue,208,0.41796666666666665,0.2492830430565937,0.2399,0.7705,3
all_weights,queue,209,0.39586666666666664,0.21074158477992794,0.2465,0.6939,3
all_weights,queue,210,0.39753333333333335,0.22420428680607832,0.2373,0.7146,3
all_weights,queue,211,0.39653333333333335,0.2152338469871523,0.237,0.7008,3
all_weights,queue,212,0.37786666666666663,0.1904551449087743,0.2411,0.6472,3
all_weights,queue,213,0.3787,0.19049568674032144,0.2432,0.6481,3
all_weights,queue,214,0.3755333333333333,0.18580689498030534,0.2429,0.6383,3
all_weights,queue,215,0.37566666666666665,0.18811451004345436,0.2421,0.6417,3
all_weights,queue,216,0.3631666666666667,0.1770472127867467,0.2337,0.6135,3
all_weights,queue,217,0.37320000000000003,0.1900198410692947,0.2317,0.6418,3
all_weights,queue,218,0.3698333333333333,0.178946348259906,0.2425,0.6229,3
all_weights,queue,219,0.3635,0.1761403417732576,0.2388,0.6126,3
all_weights,queue,220,0.35200000000000004,0.1637786514374406,0.2337,0.5836,3
all_weights,queue,221,0.34836666666666666,0.16881193349076032,0.228,0.5871,3
all_weights,queue,222,0.3535333333333333,0.15999721525354396,0.2393,0.5798,3
all_weights,queue,223,0.34756666666666663,0.1586983791837697,0.2352,0.572,3
all_weights,queue,224,0.34463333333333335,0.15652987645245944,0.2339,0.566,3
all_weights,queue,225,0.3388,0.14722074129234192,0.234,0.547,3
all_weights,queue,226,0.3367,0.14714987824210612,0.232,0.5448,3
all_weights,queue,227,0.32536666666666664,0.12852520721200525,0.2317,0.5071,3
all_weights,queue,228,0.3277,0.1325911258971228,0.2321,0.5152,3
all_weights,queue,229,0.31196666666666667,0.11113356328710464,0.2306,0.4691,3
all_weights,queue,230,0.30136666666666667,0.09336188848894512,0.2351,0.4334,3
all_weights,queue,231,0.29563333333333336,0.09477061194742221,0.2252,0.4296,3
all_weights,queue,232,0.2902333333333333,0.08037550760164579,0.2329,0.4039,3
all_weights,queue,233,0.2920333333333333,0.08860042638472772,0.2269,0.4173,3
all_weights,queue,234,0.28786666666666666,0.07720778602072606,0.2303,0.397,3
all_weights,queue,235,0.2823,0.07573510854726934,0.2278,0.3894,3
all_weights,queue,236,0.2819,0.07185517842623919,0.2269,0.3834,3
all_weights,queue,237,0.2838,0.06265785399027535,0.2343,0.3722,3
all_weights,queue,238,0.27476666666666666,0.06276115217411342,0.2286,0.3635,3
all_weights,queue,239,0.27696666666666664,0.06579241766512478,0.2292,0.37,3
all_weights,queue,240,0.2733333333333334,0.06023876566538268,0.2236,0.3581,3
all_weights,queue,241,0.275,0.05749997101448545,0.2329,0.3563,3
all_weights,queue,242,0.26916666666666667,0.05355379434632889,0.2307,0.3449,3
all_weights,queue,243,0.2663666666666667,0.053983289595536464,0.2271,0.3427,3
all_weights,queue,244,0.26399999999999996,0.05119694001272601,0.2245,0.3363,3
all_weights,queue,245,0.26416666666666666,0.048133171744881124,0.2282,0.3322,3
all_weights,queue,246,0.2644333333333333,0.047791863556699926,0.2251,0.3317,3
all_weights,queue,247,0.26766666666666666,0.04909883456412745,0.2324,0.3371,3
all_weights,queue,248,0.2639666666666667,0.050027281446115866,0.2273,0.3347,3
all_weights,queue,249,0.2571333333333334,0.04539268174007297,0.2234,0.3213,3
all_weights,delay,0,0.13249999999999998,0.0002943920288775876,0.1322,0.1329,3
all_weights,delay,1,0.1326,0.001818424226264776,0.1302,0.1346,3
all_weights,delay,2,0.13083333333333336,0.0013224556283251633,0.1298,0.1327,3
all_weights,delay,3,0.13093333333333335,0.0008993825042154725,0.1298,0.132,3
all_weights,delay,4,0.13143333333333332,0.0019601587237318948,0.1299,0.1342,3
all_weights,delay,5,0.13083333333333333,0.0009877021593352813,0.1299,0.1322,3
all_weights,delay,6,0.1319,0.0020832666655999747,0.1294,0.1345,3
all_weights,delay,7,0.12986666666666669,0.0011085526098877285,0.1286,0.1313,3
all_weights,delay,8,0.12933333333333333,0.0009877021593352813,0.1284,0.1307,3
all_weights,delay,9,0.1311,0.0006683312551921097,0.1302,0.1318,3
all_weights,delay,10,0.13266666666666668,0.00046427960923946666,0.1322,0.1333,3
all_weights,delay,11,0.13106666666666666,0.0013224556283251503,0.1292,0.1321,3
all_weights,delay,12,0.1302,0.0005715476066494181,0.1294,0.1307,3
all_weights,delay,13,0.12933333333333333,0.0008379870059984346,0.1282,0.1302,3
all_weights,delay,14,0.12983333333333333,0.0012814921857827394,0.1286,0.1316,3
all_weights,delay,15,0.13043333333333332,0.0019601587237318917,0.1278,0.1325,3
all_weights,delay,16,0.13006666666666666,0.002327134623427601,0.1272,0.1329,3
all_weights,delay,17,0.12883333333333333,0.002251419305435773,0.1262,0.1317,3
all_weights,delay,18,0.13046666666666665,0.0023299976156401655,0.1277,0.1334,3
all_weights,delay,19,0.12783333333333333,0.0009568466729604899,0.1265,0.1287,3
all_weights,delay,20,0.12813333333333335,0.0032148958856478634,0.1236,0.1307,3
all_weights,delay,21,0.12966666666666668,0.0008055363982396352,0.129,0.1308,3
all_weights,delay,22,0.1286,0.0007257180352359008,0.1279,0.1296,3
all_weights,delay,23,0.12926666666666667,0.001433720877840439,0.1276,0.1311,3
all_weights,delay,24,0.12796666666666667,0.002531578339473002,0.1249,0.1311,3
all_weights,delay,25,0.12773333333333334,0.0009568466729604815,0.1264,0.1286,3
all_weights,delay,26,0.12783333333333333,0.0025223445883190126,0.1245,0.1306,3
all_weights,delay,27,0.1267,0.0016990193249832835,0.1254,0.1291,3
all_weights,delay,28,0.1272,0.0022226110770892926,0.1243,0.1297,3
all_weights,delay,29,0.1257,0.002709243436828817,0.1226,0.1292,3
all_weights,delay,30,0.1253,0.0021602468994692823,0.1223,0.1273,3
all_weights,delay,31,0.12756666666666666,0.002628476533828843,0.1248,0.1311,3
all_weights,delay,32,0.12636666666666665,0.0010143416036468625,0.1256,0.1278,3
all_weights,delay,33,0.1278,0.0028855964143772233,0.1238,0.1305,3
all_weights,delay,34,0.1264,0.0030232432915661953,0.1223,0.1295,3
all_weights,delay,35,0.12533333333333332,0.004451466674654049,0.1195,0.1303,3
all_weights,delay,36,0.12393333333333334,0.003754404820415022,0.119,0.1281,3
all_weights,delay,37,0.12376666666666668,0.0018372685039360925,0.1212,0.1254,3
all_weights,delay,38,0.1246,0.0046783187863448,0.1184,0.1297,3
all_weights,delay,39,0.12283333333333335,0.004946603773185088,0.1166,0.1287,3
all_weights,delay,40,0.1231,0.003959797974644665,0.1179,0.1275,3
all_weights,delay,41,0.12083333333333333,0.003310924677823736,0.1169,0.125,3
all_weights,delay,42,0.12033333333333333,0.002845268977716441,0.1166,0.1235,3
all_weights,delay,43,0.11976666666666667,0.0014267289706021797,0.1183,0.1217,3
all_weights,delay,44,0.11846666666666666,0.004077853465843134,0.1139,0.1238,3
all_weights,delay,45,0.12046666666666667,0.003026916289265727,0.1169,0.1243,3
all_weights,delay,46,0.11656666666666667,0.00036817870057291336,0.1161,0.117,3
all_weights,delay,47,0.11423333333333334,0.0031372316175606527,0.1098,0.1166,3
all_weights,delay,48,0.11506666666666666,0.0037007506746004337,0.1124,0.1203,3
all_weights,delay,49,0.1146,0.00497192115786242,0.1092,0.1212,3
all_weights,delay,50,0.11473333333333334,0.0012283683848458842,0.113,0.1157,3
all_weights,delay,51,0.1146,0.003120897306865444,0.1121,0.119,3
all_weights,delay,52,0.11343333333333333,0.003358901936976167,0.1098,0.1179,3
all_weights,delay,53,0.11446666666666667,0.003774770044504551,0.1116,0.1198,3
all_weights,delay,54,0.1108,0.0010801234497346444,0.1098,0.1123,3
all_weights,delay,55,0.11253333333333333,0.0006018490028422641,0.1117,0.1131,3
all_weights,delay,56,0.1104,0.001498888477061141,0.1091,0.1125,3
all_weights,delay,57,0.11106666666666666,0.0029825417944356718,0.1075,0.1148,3
all_weights,delay,58,0.11136666666666667,0.0016779617264870987,0.1094,0.1135,3
all_weights,delay,59,0.10756666666666666,0.0036371539545211593,0.103,0.1119,3
all_weights,delay,60,0.1084,0.003963163719387157,0.1044,0.1138,3
all_weights,delay,61,0.10936666666666667,0.0012684198393626985,0.1081,0.1111,3
all_weights,delay,62,0.1065,0.0036914315199752345,0.1013,0.1095,3
all_weights,delay,63,0.1079,0.0023846732830026564,0.1052,0.111,3
all_weights,delay,64,0.10756666666666666,0.0033008416435138985,0.1029,0.11,3
all_weights,delay,65,0.1053,0.0015253414918196774,0.1036,0.1073,3
all_weights,delay,66,0.10343333333333334,0.004561676105214932,0.0985,0.1095,3
all_weights,delay,67,0.105,0.004510727953076606,0.0988,0.1094,3
all_weights,delay,68,0.10263333333333334,0.0056840908586060545,0.0965,0.1102,3
all_weights,delay,69,0.10473333333333333,0.0038577483357811505,0.0996,0.1089,3
all_weights,delay,70,0.10403333333333332,0.0033826353959926316,0.0993,0.107,3
all_weights,delay,71,0.10310000000000001,0.0050457903246171444,0.0961,0.1078,3
all_weights,delay,72,0.10336666666666666,0.005792140268405877,0.0954,0.109,3
all_weights,delay,73,0.1055,0.004223742416388575,0.0999,0.1101,3
all_weights,delay,74,0.09630000000000001,0.007055966742174079,0.0869,0.1039,3
all_weights,delay,75,0.09886666666666666,0.006694442139234275,0.0894,0.1037,3
all_weights,delay,76,0.09466666666666668,0.007441027408153317,0.0844,0.1018,3
all_weights,delay,77,0.09519999999999999,0.008000416655816538,0.0847,0.1041,3
all_weights,delay,78,0.09350000000000001,0.009710132165252265,0.0801,0.1028,3
all_weights,delay,79,0.09203333333333334,0.00886052418815551,0.0813,0.103,3
all_weights,delay,80,0.0941,0.007634570496541814,0.0847,0.1034,3
all_weights,delay,81,0.0901,0.009736871503037649,0.081,0.1036,3
all_weights,delay,82,0.09303333333333334,0.010329354072523392,0.0803,0.1056,3
all_weights,delay,83,0.08976666666666666,0.010824765842989656,0.0802,0.1049,3
all_weights,delay,84,0.0904,0.010820659252867479,0.0763,0.1026,3
all_weights,delay,85,0.08713333333333334,0.009712306054119631,0.0762,0.0998,3
all_weights,delay,86,0.08553333333333334,0.012907448323437992,0.0709,0.1023,3
all_weights,delay,87,0.08543333333333332,0.012314038961914792,0.0739,0.1025,3
all_weights,delay,88,0.08363333333333334,0.011932122843633299,0.0736,0.1004,3
all_weights,delay,89,0.0823,0.011975252258999246,0.0729,0.0992,3
all_weights,delay,90,0.08123333333333334,0.013245460438286855,0.0698,0.0998,3
all_weights,delay,91,0.07890000000000001,0.013470708964267622,0.0664,0.0976,3
all_weights,delay,92,0.07926666666666667,0.015017841241521885,0.0643,0.0998,3
all_weights,delay,93,0.07833333333333332,0.014716506227891028,0.0641,0.0986,3
all_weights,delay,94,0.07753333333333334,0.016167938094334176,0.0619,0.0998,3
all_weights,delay,95,0.07666666666666666,0.015321517186260923,0.0595,0.0967,3
all_weights,delay,96,0.07540000000000001,0.015882065356873455,0.058,0.0964,3
all_weights,delay,97,0.07579999999999999,0.018219220619993603,0.0579,0.1008,3
all_weights,delay,98,0.07436666666666668,0.01801894065205339,0.0564,0.099,3
all_weights,delay,99,0.07286666666666668,0.017344803896908786,0.0566,0.0969,3
all_weights,delay,100,0.072,0.01850423374978458,0.0545,0.0976,3
all_weights,delay,101,0.0714,0.019402577148409948,0.0529,0.0982,3
all_weights,delay,102,0.06973333333333333,0.018964235345044163,0.0523,0.0961,3
all_weights,delay,103,0.06886666666666667,0.01943542012809488,0.0515,0.096,3
all_weights,delay,104,0.06836666666666667,0.019385618953807544,0.0509,0.0954,3
all_weights,delay,105,0.06753333333333333,0.019986717811809145,0.05,0.0955,3
all_weights,delay,106,0.06733333333333334,0.021421536411336657,0.0485,0.0973,3
all_weights,delay,107,0.0671,0.02075588270025312,0.0482,0.096,3
all_weights,delay,108,0.06653333333333333,0.021538234736290608,0.0478,0.0967,3
all_weights,delay,109,0.06643333333333333,0.021929178937864707,0.0471,0.0971,3
all_weights,delay,110,0.06526666666666667,0.02243662680133139,0.0458,0.0967,3
all_weights,delay,111,0.0654,0.023464441182350797,0.0452,0.0983,3
all_weights,delay,112,0.06516666666666666,0.02404361777178209,0.0446,0.0989,3
all_weights,delay,113,0.0647,0.023935051006142995,0.0451,0.0984,3
all_weights,delay,114,0.06256666666666667,0.022844741675541493,0.0436,0.0947,3
all_weights,delay,115,0.06266666666666666,0.02416406882588738,0.0422,0.0966,3
all_weights,delay,116,0.06263333333333333,0.02442817135103558,0.0424,0.097,3
all_weights,delay,117,0.0622,0.02520357117552987,0.0409,0.0976,3
all_weights,delay,118,0.06143333333333333,0.025335131515129124,0.0399,0.097,3
all_weights,delay,119,0.0608,0.024802150444400314,0.0396,0.0956,3
all_weights,delay,120,0.06036666666666667,0.025121615305460667,0.0388,0.0956,3
all_weights,delay,121,0.06,0.025213224043478984,0.0386,0.0954,3
all_weights,delay,122,0.058533333333333326,0.02505731208427769,0.0379,0.0938,3
all_weights,delay,123,0.0589,0.025606769938175854,0.0375,0.0949,3
all_weights,delay,124,0.057999999999999996,0.026046496885377888,0.0361,0.0946,3
all_weights,delay,125,0.057133333333333335,0.026203858918529964,0.0364,0.0941,3
all_weights,delay,126,0.0578,0.027144428525942486,0.0364,0.0961,3
all_weights,delay,127,0.05566666666666666,0.025670259488797968,0.0356,0.0919,3
all_weights,delay,128,0.05666666666666667,0.02688299751805136,0.0355,0.0946,3
all_weights,delay,129,0.053200000000000004,0.023847990830815638,0.0352,0.0869,3
all_weights,delay,130,0.055233333333333336,0.026412665312097697,0.0344,0.0925,3
all_weights,delay,131,0.0541,0.025445759306152893,0.034,0.09,3
all_weights,delay,132,0.05383333333333332,0.025645575750128043,0.0334,0.09,3
all_weights,delay,133,0.05436666666666667,0.026336455511114035,0.0333,0.0915,3
all_weights,delay,134,0.05366666666666666,0.026115682814908153,0.0329,0.0905,3
all_weights,delay,135,0.0532,0.025249158401816088,0.033,0.0888,3
all_weights,delay,136,0.0536,0.026365634198074334,0.0328,0.0908,3
all_weights,delay,137,0.05556666666666666,0.02913146447095,0.033,0.0967,3
all_weights,delay,138,0.05276666666666666,0.02564817515709234,0.0332,0.089,3
all_weights,delay,139,0.05146666666666667,0.025224370931479913,0.0322,0.0871,3
all_weights,delay,140,0.05203333333333334,0.025865850502587814,0.0329,0.0886,3
all_weights,delay,141,0.05293333333333333,0.026706595107243124,0.0337,0.0907,3
all_weights,delay,142,0.05383333333333334,0.028901249492404687,0.0328,0.0947,3
all_weights,delay,143,0.05436666666666667,0.0294392406303031,0.0335,0.096,3
all_weights,delay,144,0.05356666666666667,0.028874941077380957,0.0328,0.0944,3
all_weights,delay,145,0.05330000000000001,0.02835571664879353,0.033,0.0934,3
all_weights,delay,146,0.05303333333333334,0.02840285588144654,0.0327,0.0932,3
all_weights,delay,147,0.05093333333333333,0.02493850213803726,0.033,0.0862,3
all_weights,delay,148,0.05273333333333333,0.028124287645299666,0.0322,0.0925,3
all_weights,delay,149,0.05196666666666666,0.026622087738484287,0.0322,0.0896,3
all_weights,delay,150,0.05193333333333333,0.02678585862394973,0.0321,0.0898,3
all_weights,delay,151,0.05246666666666666,0.027301078529774037,0.0311,0.091,3
all_weights,delay,152,0.05196666666666666,0.027000041152232014,0.0312,0.0901,3
all_weights,delay,153,0.052199999999999996,0.027329593240051468,0.0312,0.0908,3
all_weights,delay,154,0.0509,0.026140772750628472,0.0305,0.0878,3
all_weights,delay,155,0.052,0.027124281864533608,0.031,0.0903,3
all_weights,delay,156,0.050133333333333335,0.02592171976462124,0.0296,0.0867,3
all_weights,delay,157,0.04973333333333333,0.025707240657492237,0.0294,0.086,3
all_weights,delay,158,0.051333333333333335,0.028365393625958295,0.0296,0.0914,3
all_weights,delay,159,0.05023333333333333,0.026119766886827725,0.0298,0.0871,3
all_weights,delay,160,0.04963333333333333,0.026470150904157854,0.029,0.087,3
all_weights,delay,161,0.049699999999999994,0.02655070620529706,0.0293,0.0872,3
all_weights,delay,162,0.04886666666666667,0.026088865228079367,0.0286,0.0857,3
all_weights,delay,163,0.04726666666666667,0.023888816537358137,0.0288,0.081,3
all_weights,delay,164,0.04856666666666667,0.026234879242887487,0.0281,0.0856,3
all_weights,delay,165,0.04936666666666667,0.0275474540061731,0.0287,0.0883,3
all_weights,delay,166,0.04883333333333333,0.02738093416148462,0.0277,0.0875,3
all_weights,delay,167,0.0504,0.03007534981786025,0.0277,0.0929,3
all_weights,delay,168,0.048633333333333334,0.02786160241064553,0.0275,0.088,3
all_weights,delay,169,0.0504,0.03077109032842353,0.0276,0.0939,3
all_weights,delay,170,0.0477,0.02674658856751642,0.0276,0.0855,3
all_weights,delay,171,0.04646666666666666,0.02635100672755323,0.0265,0.0837,3
all_weights,delay,172,0.04476666666666667,0.023795004144194262,0.027,0.0784,3
all_weights,delay,173,0.043199999999999995,0.02088077265492507,0.0273,0.0727,3
all_weights,delay,174,0.04156666666666667,0.020051323037534347,0.0264,0.0699,3
all_weights,delay,175,0.0431,0.021652867400569993,0.0268,0.0737,3
all_weights,delay,176,0.042,0.020174406228354445,0.0266,0.0705,3
all_weights,delay,177,0.0415,0.01974352214440642,0.0266,0.0694,3
all_weights,delay,178,0.04056666666666667,0.018415995462881963,0.0269,0.0666,3
all_weights,delay,179,0.0414,0.019258244987537153,0.0266,0.0686,3
all_weights,delay,180,0.04073333333333334,0.018656961762897578,0.0267,0.0671,3
all_weights,delay,181,0.040433333333333335,0.019078143399072028,0.0262,0.0674,3
all_weights,delay,182,0.0403,0.018748333259252674,0.0263,0.0668,3
all_weights,delay,183,0.03963333333333333,0.01752338120594564,0.0265,0.0644,3
all_weights,delay,184,0.038933333333333334,0.016613515247800175,0.0262,0.0624,3
all_weights,delay,185,0.038200000000000005,0.01612947612292476,0.0262,0.061,3
all_weights,delay,186,0.03746666666666667,0.015512647170042327,0.0261,0.0594,3
all_weights,delay,187,0.03816666666666666,0.015654037462868448,0.0267,0.0603,3
all_weights,delay,188,0.03693333333333333,0.014621749401338936,0.026,0.0576,3
all_weights,delay,189,0.037066666666666664,0.015228336160665166,0.026,0.0586,3
all_weights,delay,190,0.0366,0.014781294485486266,0.0258,0.0575,3
all_weights,delay,191,0.03673333333333333,0.013918173571110382,0.0262,0.0564,3
all_weights,delay,192,0.03593333333333333,0.01334699300300342,0.026,0.0548,3
all_weights,delay,193,0.03583333333333333,0.013977203662472053,0.0259,0.0556,3
all_weights,delay,194,0.034999999999999996,0.012734467663262044,0.0255,0.053,3
all_weights,delay,195,0.03453333333333333,0.012704417429470042,0.0255,0.0525,3
all_weights,delay,196,0.0346,0.012658857241736581,0.0254,0.0525,3
all_weights,delay,197,0.0337,0.011527647924302107,0.0253,0.05,3
all_weights,delay,198,0.0336,0.011177059839987735,0.0253,0.0494,3
all_weights,delay,199,0.03373333333333333,0.010937803964030235,0.0258,0.0492,3
all_weights,delay,200,0.032799999999999996,0.010042244105112496,0.0255,0.047,3
all_weights,delay,201,0.0329,0.009758415171874306,0.0259,0.0467,3
all_weights,delay,202,0.03276666666666667,0.009923149141723554,0.0257,0.0468,3
all_weights,delay,203,0.032433333333333335,0.009876009090495793,0.0254,0.0464,3
all_weights,delay,204,0.0321,0.009333809511662428,0.0255,0.0453,3
all_weights,delay,205,0.03183333333333333,0.009098473620460864,0.0253,0.0447,3
all_weights,delay,206,0.03163333333333333,0.008673843182554986,0.0255,0.0439,3
all_weights,delay,207,0.031433333333333334,0.008744649157564234,0.0252,0.0438,3
all_weights,delay,208,0.030933333333333337,0.008178970323674954,0.0251,0.0425,3
all_weights,delay,209,0.031033333333333333,0.007755571474036514,0.0254,0.042,3
all_weights,delay,210,0.030666666666666665,0.007801851632073561,0.0251,0.0417,3
all_weights,delay,211,0.030833333333333334,0.0076877969680671345,0.0251,0.0417,3
all_weights,delay,212,0.030199999999999994,0.007075309180523492,0.0249,0.0402,3
all_weights,delay,213,0.030600000000000002,0.007214337576428392,0.0253,0.0408,3
all_weights,delay,214,0.03056666666666667,0.007236174557196796,0.0254,0.0408,3
all_weights,delay,215,0.03043333333333333,0.007260088765909746,0.0252,0.0407,3
all_weights,delay,216,0.0299,0.00700142842568572,0.0248,0.0398,3
all_weights,delay,217,0.0302,0.007427426651719064,0.0247,0.0407,3
all_weights,delay,218,0.0304,0.00735436378394941,0.0251,0.0408,3
all_weights,delay,219,0.03006666666666667,0.006954295235480171,0.025,0.0399,3
all_weights,delay,220,0.029233333333333333,0.006411621393133635,0.0246,0.0383,3
all_weights,delay,221,0.029266666666666663,0.0066764927585938084,0.0242,0.0387,3
all_weights,delay,222,0.029300000000000003,0.006223075338340897,0.0248,0.0381,3
all_weights,delay,223,0.02886666666666667,0.006175399222362515,0.0245,0.0376,3
all_weights,delay,224,0.028999999999999998,0.006081666438293593,0.0246,0.0376,3
all_weights,delay,225,0.028733333333333333,0.006130434097372081,0.0242,0.0374,3
all_weights,delay,226,0.028766666666666666,0.006034530268012213,0.0244,0.0373,3
all_weights,delay,227,0.02816666666666667,0.0051162051909159735,0.0244,0.0354,3
all_weights,delay,228,0.028499999999999998,0.0055208694967369045,0.0243,0.0363,3
all_weights,delay,229,0.028133333333333333,0.005071708018234313,0.0243,0.0353,3
all_weights,delay,230,0.0282,0.005162040940041706,0.0245,0.0355,3
all_weights,delay,231,0.027899999999999998,0.004952440475832765,0.0242,0.0349,3
all_weights,delay,232,0.027766666666666672,0.004549236810230432,0.0245,0.0342,3
all_weights,delay,233,0.027633333333333333,0.00492634640366356,0.0241,0.0346,3
all_weights,delay,234,0.027866666666666668,0.004973485252371374,0.0243,0.0349,3
all_weights,delay,235,0.02766666666666667,0.00497482551341139,0.024,0.0347,3
all_weights,delay,236,0.027366666666666668,0.004412356387338729,0.024,0.0336,3
all_weights,delay,237,0.027933333333333334,0.004309163362984618,0.0244,0.034,3
all_weights,delay,238,0.027200000000000002,0.004030715403829283,0.0243,0.0329,3
all_weights,delay,239,0.027133333333333332,0.004007770230717104,0.0242,0.0328,3
all_weights,delay,240,0.027,0.0038401388863772436,0.0238,0.0324,3
all_weights,delay,241,0.027066666666666666,0.0037721199462489104,0.0243,0.0324,3
all_weights,delay,242,0.026733333333333335,0.003442221504913491,0.0242,0.0316,3
all_weights,delay,243,0.026400000000000003,0.0034650637319776196,0.0239,0.0313,3
all_weights,delay,244,0.0265,0.003256787783486462,0.024,0.0311,3
all_weights,delay,245,0.026433333333333333,0.003090127649287144,0.0241,0.0308,3
all_weights,delay,246,0.02666666666666667,0.0030003703475108244,0.0243,0.0309,3
all_weights,delay,247,0.02676666666666667,0.0031351058816073314,0.0245,0.0312,3
all_weights,delay,248,0.026433333333333336,0.003308910528994231,0.0238,0.0311,3
all_weights,delay,249,0.026233333333333334,0.0029533408577782244,0.0239,0.0304,3
all_weights,throughput,0,1636.6666666666667,8.65383665716478,1627.0,1648.0,3
all_weights,throughput,1,1638.0,5.887840577551898,1630.0,1644.0,3
all_weights,throughput,2,1681.3333333333333,6.599663291074443,1674.0,1690.0,3
all_weights,throughput,3,1630.3333333333333,11.897712198383164,1615.0,1644.0,3
all_weights,throughput,4,1667.0,14.7648230602334,1650.0,1686.0,3
all_weights,throughput,5,1696.6666666666667,22.395436042987768,1665.0,1713.0,3
all_weights,throughput,6,1695.6666666666667,40.87650778734515,1638.0,1728.0,3
all_weights,throughput,7,1687.0,33.793490497431605,1640.0,1718.0,3
all_weights,throughput,8,1683.6666666666667,43.43833432452134,1650.0,1745.0,3
all_weights,throughput,9,1688.6666666666667,15.86050300449376,1672.0,1710.0,3
all_weights,throughput,10,1681.6666666666667,35.72425257751689,1634.0,1720.0,3
all_weights,throughput,11,1692.3333333333333,44.79087208597553,1629.0,1725.0,3
all_weights,throughput,12,1699.0,59.301489582190655,1629.0,1774.0,3
all_weights,throughput,13,1711.0,57.22470329033316,1639.0,1779.0,3
all_weights,throughput,14,1681.0,22.105806175452337,1650.0,1700.0,3
all_weights,throughput,15,1719.3333333333333,80.87164040763747,1605.0,1779.0,3
all_weights,throughput,16,1716.0,25.93581821856921,1689.0,1751.0,3
all_weights,throughput,17,1729.3333333333333,38.76711091748892,1676.0,1767.0,3
all_weights,throughput,18,1729.0,23.338094752285727,1706.0,1761.0,3
all_weights,throughput,19,1761.6666666666667,51.38957957493804,1689.0,1799.0,3
all_weights,throughput,20,1714.3333333333333,38.35216928530756,1664.0,1757.0,3
all_weights,throughput,21,1719.6666666666667,77.85599241905247,1610.0,1783.0,3
all_weights,throughput,22,1714.0,19.252705437591537,1688.0,1734.0,3
all_weights,throughput,23,1771.6666666666667,60.74171182602245,1686.0,1820.0,3
all_weights,throughput,24,1764.6666666666667,53.124591501697424,1698.0,1828.0,3
all_weights,throughput,25,1738.6666666666667,28.003967972810965,1715.0,1778.0,3
all_weights,throughput,26,1763.3333333333333,20.997354330698162,1734.0,1782.0,3
all_weights,throughput,27,1777.6666666666667,38.421637422450154,1750.0,1832.0,3
all_weights,throughput,28,1754.3333333333333,55.12611802847076,1686.0,1821.0,3
all_weights,throughput,29,1776.3333333333333,55.77534301901593,1732.0,1855.0,3
all_weights,throughput,30,1769.6666666666667,45.536310297997964,1711.0,1822.0,3
all_weights,throughput,31,1781.0,50.40502620440412,1710.0,1822.0,3
all_weights,throughput,32,1793.3333333333333,34.653843782312066,1764.0,1842.0,3
all_weights,throughput,33,1778.0,45.92022067310507,1719.0,1831.0,3
all_weights,throughput,34,1748.6666666666667,42.03437746522349,1691.0,1790.0,3
all_weights,throughput,35,1805.3333333333333,32.355662392986005,1764.0,1843.0,3
all_weights,throughput,36,1835.6666666666667,43.4920171474669,1801.0,1897.0,3
all_weights,throughput,37,1838.0,49.52440475832765,1801.0,1908.0,3
all_weights,throughput,38,1863.3333333333333,49.412099283025356,1802.0,1923.0,3
all_weights,throughput,39,1797.6666666666667,51.69354139756941,1726.0,1846.0,3
all_weights,throughput,40,1835.3333333333333,60.53832578531462,1752.0,1894.0,3
all_weights,throughput,41,1872.3333333333333,65.5862451704285,1781.0,1932.0,3
all_weights,throughput,42,1844.3333333333333,20.75786330258702,1815.0,1860.0,3
all_weights,throughput,43,1838.6666666666667,43.51500379817926,1798.0,1899.0,3
all_weights,throughput,44,1869.0,48.52490769354092,1827.0,1937.0,3
all_weights,throughput,45,1874.3333333333333,34.41253001774531,1842.0,1922.0,3
all_weights,throughput,46,1853.3333333333333,17.594190960528863,1829.0,1870.0,3
all_weights,throughput,47,1886.0,27.36177382164151,1852.0,1919.0,3
all_weights,throughput,48,1929.3333333333333,24.225789747475496,1907.0,1963.0,3
all_weights,throughput,49,1927.6666666666667,7.133644853010899,1918.0,1935.0,3
all_weights,throughput,50,1897.0,37.85058343892029,1845.0,1934.0,3
all_weights,throughput,51,1924.3333333333333,53.27496806401879,1849.0,1963.0,3
all_weights,throughput,52,1912.3333333333333,26.233989826601334,1876.0,1937.0,3
all_weights,throughput,53,1939.0,19.6468827043885,1916.0,1964.0,3
all_weights,throughput,54,1931.6666666666667,20.43417616532547,1906.0,1956.0,3
all_weights,throughput,55,1961.6666666666667,54.56698228375431,1899.0,2032.0,3
all_weights,throughput,56,1941.6666666666667,45.580210130664774,1906.0,2006.0,3
all_weights,throughput,57,1929.6666666666667,12.710450643291747,1915.0,1946.0,3
all_weights,throughput,58,1962.0,70.78606265831337,1908.0,2062.0,3
all_weights,throughput,59,1946.0,75.76718726907227,1847.0,2031.0,3
all_weights,throughput,60,1956.3333333333333,125.03155157354838,1807.0,2113.0,3
all_weights,throughput,61,1991.0,72.5304533741977,1925.0,2092.0,3
all_weights,throughput,62,2045.3333333333333,57.04579057408375,2004.0,2126.0,3
all_weights,throughput,63,2001.6666666666667,34.49959742116163,1957.0,2041.0,3
all_weights,throughput,64,2058.6666666666665,79.75100138695578,1975.0,2166.0,3
all_weights,throughput,65,2047.3333333333333,52.130178932702265,1980.0,2107.0,3
all_weights,throughput,66,2091.0,115.26491226735047,1984.0,2251.0,3
all_weights,throughput,67,2100.6666666666665,65.99663291074442,2054.0,2194.0,3
all_weights,throughput,68,2066.6666666666665,38.43898484033567,2013.0,2101.0,3
all_weights,throughput,69,2146.3333333333335,135.16985199699263,2021.0,2334.0,3
all_weights,throughput,70,2120.0,63.58196809368727,2060.0,2208.0,3
all_weights,throughput,71,2119.6666666666665,72.96726815649755,2026.0,2204.0,3
all_weights,throughput,72,2106.6666666666665,96.20233307404186,1980.0,2213.0,3
all_weights,throughput,73,2024.3333333333333,19.154343864744856,1998.0,2043.0,3
all_weights,throughput,74,2244.0,229.43989772196696,1962.0,2524.0,3
all_weights,throughput,75,2183.6666666666665,180.30406416815887,1986.0,2422.0,3
all_weights,throughput,76,2211.6666666666665,187.51059229340143,2022.0,2467.0,3
all_weights,throughput,77,2263.0,225.0392558347691,2021.0,2563.0,3
all_weights,throughput,78,2307.0,230.23611069219064,2035.0,2598.0,3
all_weights,throughput,79,2308.3333333333335,240.0449032067866,2005.0,2592.0,3
all_weights,throughput,80,2315.3333333333335,266.2609413505648,1950.0,2577.0,3
all_weights,throughput,81,2341.3333333333335,245.34646703975358,2001.0,2570.0,3
all_weights,throughput,82,2337.0,272.0820954540498,1955.0,2568.0,3
all_weights,throughput,83,2353.6666666666665,275.72490315933055,1964.0,2561.0,3
all_weights,throughput,84,2270.0,251.21438387693223,1948.0,2561.0,3
all_weights,throughput,85,2324.0,289.1643131508451,1916.0,2552.0,3
all_weights,throughput,86,2359.3333333333335,267.6594021430137,1981.0,2559.0,3
all_weights,throughput,87,2349.0,274.26629395534553,1962.0,2565.0,3
all_weights,throughput,88,2374.6666666666665,249.4384805028197,2022.0,2558.0,3
all_weights,throughput,89,2375.3333333333335,258.35032202203445,2010.0,2562.0,3
all_weights,throughput,90,2379.0,253.15607833903573,2021.0,2561.0,3
all_weights,throughput,91,2393.6666666666665,230.9939874157382,2067.0,2559.0,3
all_weights,throughput,92,2381.3333333333335,265.4057690070474,2006.0,2571.0,3
all_weights,throughput,93,2382.3333333333335,271.98815333678704,1998.0,2588.0,3
all_weights,throughput,94,2408.0,257.6056417601654,2044.0,2603.0,3
all_weights,throughput,95,2393.0,274.26629395534553,2006.0,2609.0,3
all_weights,throughput,96,2414.0,253.52448928390857,2056.0,2610.0,3
all_weights,throughput,97,2416.6666666666665,264.22254929425605,2043.0,2604.0,3
all_weights,throughput,98,2426.0,274.47890022124955,2038.0,2630.0,3
all_weights,throughput,99,2420.6666666666665,300.64412332338856,1996.0,2651.0,3
all_weights,throughput,100,2443.0,291.0566955079371,2032.0,2668.0,3
all_weights,throughput,101,2450.3333333333335,299.19930184113434,2028.0,2684.0,3
all_weights,throughput,102,2464.3333333333335,273.69122910478677,2078.0,2678.0,3
all_weights,throughput,103,2451.3333333333335,282.432686178888,2053.0,2676.0,3
all_weights,throughput,104,2446.0,301.97461261944966,2020.0,2685.0,3
all_weights,throughput,105,2459.0,283.63826728187905,2059.0,2685.0,3
all_weights,throughput,106,2514.3333333333335,260.07221219414345,2147.0,2714.0,3
all_weights,throughput,107,2498.6666666666665,307.8661325244392,2065.0,2749.0,3
all_weights,throughput,108,2488.6666666666665,311.08662602061327,2050.0,2737.0,3
all_weights,throughput,109,2509.0,333.8502658378453,2041.0,2797.0,3
all_weights,throughput,110,2519.0,318.4368069177933,2073.0,2796.0,3
all_weights,throughput,111,2511.3333333333335,331.2686053475169,2048.0,2803.0,3
all_weights,throughput,112,2512.0,333.25465738180867,2046.0,2806.0,3
all_weights,throughput,113,2501.6666666666665,345.03075547293207,2019.0,2805.0,3
all_weights,throughput,114,2506.0,338.6128566175045,2032.0,2802.0,3
all_weights,throughput,115,2493.3333333333335,359.1845703194328,1989.0,2798.0,3
all_weights,throughput,116,2508.6666666666665,341.1210277241137,2030.0,2800.0,3
all_weights,throughput,117,2502.3333333333335,348.3717682144879,2014.0,2803.0,3
all_weights,throughput,118,2501.0,349.59405029262155,2011.0,2803.0,3
all_weights,throughput,119,2506.3333333333335,339.85323629799706,2030.0,2800.0,3
all_weights,throughput,120,2514.6666666666665,328.71095036352057,2054.0,2799.0,3
all_weights,throughput,121,2505.6666666666665,341.1220048930034,2028.0,2803.0,3
all_weights,throughput,122,2510.0,336.9836791300136,2038.0,2803.0,3
all_weights,throughput,123,2519.6666666666665,323.3329896905391,2067.0,2802.0,3
all_weights,throughput,124,2512.6666666666665,333.02485726377176,2046.0,2801.0,3
all_weights,throughput,125,2548.3333333333335,288.8417482905744,2145.0,2806.0,3
all_weights,throughput,126,2543.0,303.559988579962,2117.0,2802.0,3
all_weights,throughput,127,2548.6666666666665,301.872305601042,2125.0,2806.0,3
all_weights,throughput,128,2534.0,320.1291406083905,2084.0,2802.0,3
all_weights,throughput,129,2587.6666666666665,244.31173165081987,2246.0,2803.0,3
all_weights,throughput,130,2572.6666666666665,260.9435869216861,2208.0,2804.0,3
all_weights,throughput,131,2561.6666666666665,273.64859867274225,2179.0,2803.0,3
all_weights,throughput,132,2594.0,235.35646722932145,2266.0,2807.0,3
all_weights,throughput,133,2580.3333333333335,254.05030123098763,2225.0,2804.0,3
all_weights,throughput,134,2587.3333333333335,243.12456798019315,2248.0,2805.0,3
all_weights,throughput,135,2584.6666666666665,250.5478441779578,2234.0,2804.0,3
all_weights,throughput,136,2592.3333333333335,252.61345086031258,2237.0,2802.0,3
all_weights,throughput,137,2560.3333333333335,303.0966109272018,2133.0,2803.0,3
all_weights,throughput,138,2609.6666666666665,221.32981924921205,2300.0,2804.0,3
all_weights,throughput,139,2610.3333333333335,228.71428075706646,2289.0,2803.0,3
all_weights,throughput,140,2587.3333333333335,259.248057959082,2223.0,2805.0,3
all_weights,throughput,141,2597.3333333333335,256.31534397213824,2236.0,2803.0,3
all_weights,throughput,142,2552.6666666666665,324.9177673743859,2094.0,2806.0,3
all_weights,throughput,143,2560.3333333333335,320.85545378288685,2107.0,2804.0,3
all_weights,throughput,144,2583.3333333333335,313.4840063260361,2140.0,2805.0,3
all_weights,throughput,145,2608.0,280.015475762799,2212.0,2807.0,3
all_weights,throughput,146,2584.6666666666665,310.8936938712152,2145.0,2806.0,3
all_weights,throughput,147,2628.6666666666665,248.66621983874063,2277.0,2805.0,3
all_weights,throughput,148,2603.3333333333335,288.0281622033204,2196.0,2807.0,3
all_weights,throughput,149,2629.0,251.0258950785755,2274.0,2808.0,3
all_weights,throughput,150,2614.0,272.94321753800733,2228.0,2807.0,3
all_weights,throughput,151,2601.0,291.338291338437,2189.0,2810.0,3
all_weights,throughput,152,2598.3333333333335,293.68955642915796,2183.0,2808.0,3
all_weights,throughput,153,2607.0,282.84742648054385,2207.0,2809.0,3
all_weights,throughput,154,2626.3333333333335,254.08834858940085,2267.0,2807.0,3
all_weights,throughput,155,2629.3333333333335,250.55183539982744,2275.0,2807.0,3
all_weights,throughput,156,2624.3333333333335,257.6254818314541,2260.0,2808.0,3
all_weights,throughput,157,2634.6666666666665,243.71750495650127,2290.0,2808.0,3
all_weights,throughput,158,2596.6666666666665,296.04654288735674,2178.0,2808.0,3
all_weights,throughput,159,2620.3333333333335,263.2873377552027,2248.0,2809.0,3
all_weights,throughput,160,2626.6666666666665,255.73727838458663,2265.0,2808.0,3
all_weights,throughput,161,2629.3333333333335,251.96604709541498,2273.0,2808.0,3
all_weights,throughput,162,2638.3333333333335,242.77470122637482,2295.0,2811.0,3
all_weights,throughput,163,2665.6666666666665,200.58636266927243,2382.0,2809.0,3
all_weights,throughput,164,2651.6666666666665,219.68057619087665,2341.0,2809.0,3
all_weights,throughput,165,2627.6666666666665,254.32306663419703,2268.0,2808.0,3
all_weights,throughput,166,2637.3333333333335,239.23814262965865,2299.0,2807.0,3
all_weights,throughput,167,2606.0,287.7950659757738,2199.0,2811.0,3
all_weights,throughput,168,2629.3333333333335,254.08834858940085,2270.0,2810.0,3
all_weights,throughput,169,2607.6666666666665,286.14254412015623,2203.0,2810.0,3
all_weights,throughput,170,2635.6666666666665,245.84050836986887,2288.0,2811.0,3
all_weights,throughput,171,2687.3333333333335,170.64843652635346,2446.0,2808.0,3
all_weights,throughput,172,2715.3333333333335,130.3439893342058,2531.0,2808.0,3
all_weights,throughput,173,2748.0,86.2670273047588,2626.0,2809.0,3
all_weights,throughput,174,2759.0,72.1295131459146,2657.0,2811.0,3
all_weights,throughput,175,2785.3333333333335,33.46972097616325,2738.0,2809.0,3
all_weights,throughput,176,2781.3333333333335,36.30733014450694,2730.0,2808.0,3
all_weights,throughput,177,2787.3333333333335,29.93697082575694,2745.0,2809.0,3
all_weights,throughput,178,2776.3333333333335,48.32068800098865,2708.0,2811.0,3
all_weights,throughput,179,2791.6666666666665,25.223445883190152,2756.0,2810.0,3
all_weights,throughput,180,2785.6666666666665,33.00841643513902,2739.0,2810.0,3
all_weights,throughput,181,2780.0,40.307154038292836,2723.0,2809.0,3
all_weights,throughput,182,2774.3333333333335,47.61885714247619,2707.0,2809.0,3
all_weights,throughput,183,2765.6666666666665,62.00179208879549,2678.0,2811.0,3
all_weights,throughput,184,2757.0,72.83314263895707,2654.0,2809.0,3
all_weights,throughput,185,2756.0,76.37189710008956,2648.0,2811.0,3
all_weights,throughput,186,2755.3333333333335,75.19012937583999,2649.0,2809.0,3
all_weights,throughput,187,2753.0,79.9041091976293,2640.0,2810.0,3
all_weights,throughput,188,2745.3333333333335,88.6278110351874,2620.0,2809.0,3
all_weights,throughput,189,2751.6666666666665,81.78970323674953,2636.0,2810.0,3
all_weights,throughput,190,2755.6666666666665,75.42914261447994,2649.0,2810.0,3
all_weights,throughput,191,2754.6666666666665,77.54711829304526,2645.0,2810.0,3
all_weights,throughput,192,2760.3333333333335,69.53336529241835,2662.0,2810.0,3
all_weights,throughput,193,2756.6666666666665,74.71873184743495,2651.0,2810.0,3
all_weights,throughput,194,2760.0,71.41895173318261,2659.0,2811.0,3
all_weights,throughput,195,2761.6666666666665,67.64778061564343,2666.0,2810.0,3
all_weights,throughput,196,2762.0,67.1863081289633,2667.0,2811.0,3
all_weights,throughput,197,2761.0,68.59057272443981,2664.0,2810.0,3
all_weights,throughput,198,2759.3333333333335,69.53336529241835,2661.0,2809.0,3
all_weights,throughput,199,2765.0,63.64484791926733,2675.0,2811.0,3
all_weights,throughput,200,2769.3333333333335,56.80571176289308,2689.0,2810.0,3
all_weights,throughput,201,2772.6666666666665,52.09179931194118,2699.0,2810.0,3
all_weights,throughput,202,2770.0,55.16037224916694,2692.0,2810.0,3
all_weights,throughput,203,2781.3333333333335,39.135093657171126,2726.0,2810.0,3
all_weights,throughput,204,2774.3333333333335,49.73485252371375,2704.0,2810.0,3
all_weights,throughput,205,2778.3333333333335,44.78342947514801,2715.0,2810.0,3
all_weights,throughput,206,2783.0,36.0647565729573,2732.0,2809.0,3
all_weights,throughput,207,2798.0,15.57776192739723,2776.0,2810.0,3
all_weights,throughput,208,2802.3333333333335,9.428090415820632,2789.0,2809.0,3
all_weights,throughput,209,2803.6666666666665,7.542472332656507,2793.0,2809.0,3
all_weights,throughput,210,2802.0,9.93310961716756,2788.0,2810.0,3
all_weights,throughput,211,2800.6666666666665,11.813363431112899,2784.0,2810.0,3
all_weights,throughput,212,2805.0,6.377042156569663,2796.0,2810.0,3
all_weights,throughput,213,2801.6666666666665,10.370899457402697,2787.0,2809.0,3
all_weights,throughput,214,2804.3333333333335,8.055363982396381,2793.0,2811.0,3
all_weights,throughput,215,2801.6666666666665,9.672412085697939,2788.0,2809.0,3
all_weights,throughput,216,2804.3333333333335,7.3181661333667165,2794.0,2810.0,3
all_weights,throughput,217,2804.3333333333335,9.428090415820632,2791.0,2811.0,3
all_weights,throughput,218,2803.6666666666665,9.672412085697939,2790.0,2811.0,3
all_weights,throughput,219,2803.6666666666665,8.9566858950296,2791.0,2810.0,3
all_weights,throughput,220,2804.0,6.377042156569663,2795.0,2809.0,3
all_weights,throughput,221,2803.3333333333335,9.428090415820632,2790.0,2810.0,3
all_weights,throughput,222,2803.3333333333335,10.143416036468626,2789.0,2811.0,3
all_weights,throughput,223,2805.0,7.788880963698615,2794.0,2811.0,3
all_weights,throughput,224,2803.6666666666665,8.993825042154693,2791.0,2811.0,3
all_weights,throughput,225,2805.3333333333335,5.90668171555645,2797.0,2810.0,3
all_weights,throughput,226,2804.6666666666665,7.586537784494029,2794.0,2811.0,3
all_weights,throughput,227,2805.3333333333335,6.599663291074444,2796.0,2810.0,3
all_weights,throughput,228,2804.3333333333335,6.599663291074444,2795.0,2809.0,3
all_weights,throughput,229,2806.0,4.320493798938574,2800.0,2810.0,3
all_weights,throughput,230,2807.6666666666665,4.027681991198191,2802.0,2811.0,3
all_weights,throughput,231,2807.3333333333335,4.4969125210773475,2801.0,2811.0,3
all_weights,throughput,232,2807.6666666666665,3.299831645537222,2803.0,2810.0,3
all_weights,throughput,233,2807.6666666666665,2.8674417556808756,2804.0,2811.0,3
all_weights,throughput,234,2806.3333333333335,4.4969125210773475,2800.0,2810.0,3
all_weights,throughput,235,2808.6666666666665,1.247219128924647,2807.0,2810.0,3
all_weights,throughput,236,2809.3333333333335,2.357022603955158,2806.0,2811.0,3
all_weights,throughput,237,2809.0,0.816496580927726,2808.0,2810.0,3
all_weights,throughput,238,2809.3333333333335,0.4714045207910317,2809.0,2810.0,3
all_weights,throughput,239,2808.0,0.816496580927726,2807.0,2809.0,3
all_weights,throughput,240,2808.3333333333335,1.699673171197595,2806.0,2810.0,3
all_weights,throughput,241,2808.6666666666665,1.247219128924647,2807.0,2810.0,3
all_weights,throughput,242,2808.3333333333335,1.699673171197595,2806.0,2810.0,3
all_weights,throughput,243,2809.0,1.632993161855452,2807.0,2811.0,3
all_weights,throughput,244,2809.6666666666665,1.8856180831641267,2807.0,2811.0,3
all_weights,throughput,245,2809.6666666666665,1.247219128924647,2808.0,2811.0,3
all_weights,throughput,246,2809.0,0.816496580927726,2808.0,2810.0,3
all_weights,throughput,247,2808.3333333333335,0.4714045207910317,2808.0,2809.0,3
all_weights,throughput,248,2809.6666666666665,0.4714045207910317,2809.0,2810.0,3
all_weights,throughput,249,2809.6666666666665,0.4714045207910317,2809.0,2810.0,3
FiLM,travel_time,0,1323.6984333333332,11.32983529281084,1311.114,1338.5797,3
FiLM,travel_time,1,1303.1613333333332,2.7487673665763843,1300.8644,1307.0258,3
FiLM,travel_time,2,1295.9598666666668,11.305685692114771,1280.3814,1306.8654,3
FiLM,travel_time,3,1307.7293333333334,13.50622246776981,1290.0765,1322.8732,3
FiLM,travel_time,4,1298.2638,13.163768059336167,1282.1944,1314.4384,3
FiLM,travel_time,5,1290.0809666666667,17.944264651476253,1265.4426,1307.664,3
FiLM,travel_time,6,1307.1110666666666,26.097224922755437,1271.4037,1333.0478,3
FiLM,travel_time,7,1304.8013666666666,7.418925929599808,1296.1169,1314.2422,3
FiLM,travel_time,8,1308.3992333333333,14.54630556563722,1287.9363,1320.4593,3
FiLM,travel_time,9,1303.1184,5.1102663968395285,1297.3516,1309.7741,3
FiLM,travel_time,10,1302.9397,33.661992312101845,1256.6208,1335.6183,3
FiLM,travel_time,11,1262.6480333333332,0.6985753804867831,1261.9536,1263.6038,3
FiLM,travel_time,12,1294.1544000000001,18.986505694835003,1267.6399,1311.0814,3
FiLM,travel_time,13,1283.3110333333332,10.119370321099781,1270.4412,1295.1661,3
FiLM,travel_time,14,1255.9460666666666,14.579777251232432,1236.4465,1271.4993,3
FiLM,travel_time,15,1262.9666,14.137602218433875,1249.4207,1282.4749,3
FiLM,travel_time,16,1292.0215,3.155367558093178,1288.1395,1295.8683,3
FiLM,travel_time,17,1270.9243333333332,17.090440941714274,1252.216,1293.5308,3
FiLM,travel_time,18,1258.6470666666667,24.663631684098927,1224.0924,1280.0382,3
FiLM,travel_time,19,1258.4046333333333,38.36878474535715,1218.4055,1310.1579,3
FiLM,travel_time,20,1272.9877333333334,38.40151946510567,1227.7259,1321.6098,3
FiLM,travel_time,21,1261.8804333333335,38.023154720629,1232.1073,1315.546,3
FiLM,travel_time,22,1249.2620333333332,53.48164962653598,1186.5113,1317.205,3
FiLM,travel_time,23,1234.4989666666668,37.0522442316552,1186.4186,1276.5811,3
FiLM,travel_time,24,1253.7776000000001,44.123273277489375,1216.9288,1315.813,3
FiLM,travel_time,25,1239.4319,22.700970892012553,1207.3499,1256.5025,3
FiLM,travel_time,26,1232.4400333333333,25.941731511772446,1198.1558,1260.8916,3
FiLM,travel_time,27,1201.6058,16.591851838980087,1184.5567,1224.0921,3
FiLM,travel_time,28,1238.0821666666668,25.889631801724992,1206.6349,1270.045,3
FiLM,travel_time,29,1218.3482000000001,26.88011335801993,1187.4437,1252.9706,3
FiLM,travel_time,30,1235.6807,34.09644436662957,1189.8144,1271.5004,3
FiLM,travel_time,31,1231.4355666666668,36.67781224640078,1194.8881,1281.5857,3
FiLM,travel_time,32,1221.5501666666667,22.49393084031533,1205.0747,1253.3545,3
FiLM,travel_time,33,1249.6516,30.985556345605154,1221.1353,1292.7242,3
FiLM,travel_time,34,1228.1661,21.014346295963335,1206.0744,1256.4274,3
FiLM,travel_time,35,1231.8635666666669,25.547536289869935,1196.5956,1256.2904,3
FiLM,travel_time,36,1200.4618333333335,28.92490257250471,1179.222,1241.3576,3
FiLM,travel_time,37,1207.0070666666668,6.193525157955097,1202.5857,1215.7659,3
FiLM,travel_time,38,1232.4245666666666,12.873218460647477,1216.779,1248.3091,3
FiLM,travel_time,39,1206.3204666666668,17.428515880463177,1181.9738,1221.8194,3
FiLM,travel_time,40,1212.4500666666665,16.638246364793254,1193.915,1234.2709,3
FiLM,travel_time,41,1203.8448666666666,38.308059149160215,1152.5591,1244.6069,3
FiLM,travel_time,42,1210.82,38.3688389608894,1160.6441,1253.7975,3
FiLM,travel_time,43,1214.8657666666666,44.50623115454982,1151.9249,1246.5421,3
FiLM,travel_time,44,1199.0556666666669,57.72806055177063,1131.6933,1272.6809,3
FiLM,travel_time,45,1190.6792000000003,42.571631504872684,1131.8134,1231.0496,3
FiLM,travel_time,46,1196.5617333333332,31.4554730411454,1159.3633,1236.2886,3
FiLM,travel_time,47,1178.9077,1.9374039176175661,1176.8722,1181.5138,3
FiLM,travel_time,48,1222.7216666666666,34.987464280446964,1187.2387,1270.3279,3
FiLM,travel_time,49,1218.6597,13.733250796758446,1199.6838,1231.7309,3
FiLM,travel_time,50,1208.8161,12.712117578908734,1197.0081,1226.46,3
FiLM,travel_time,51,1232.6313666666665,12.852807130307738,1222.0131,1250.7167,3
FiLM,travel_time,52,1225.3083,13.04421481679392,1213.9331,1243.5729,3
FiLM,travel_time,53,1225.2383333333335,15.010909705129647,1205.1034,1241.1307,3
FiLM,travel_time,54,1218.4577333333334,17.26099880121533,1194.3127,1233.6409,3
FiLM,travel_time,55,1222.6849666666667,15.22885955925649,1211.8527,1244.2217,3
FiLM,travel_time,56,1232.4455666666665,19.111318389082665,1205.5945,1248.5411,3
FiLM,travel_time,57,1235.4524,15.58780722509315,1215.0871,1252.9433,3
FiLM,travel_time,58,1211.5959666666668,20.831367645345736,1188.1732,1238.7815,3
FiLM,travel_time,59,1229.0886666666665,5.960779121520533,1223.3651,1237.3102,3
FiLM,travel_time,60,1224.3195333333333,17.996487656268474,1201.8442,1245.8991,3
FiLM,travel_time,61,1210.7459999999999,11.682845996588316,1198.8633,1226.6289,3
FiLM,travel_time,62,1212.5769666666667,19.79842243148566,1188.529,1237.0202,3
FiLM,travel_time,63,1212.2519666666667,55.70561825551247,1160.0428,1289.4479,3
FiLM,travel_time,64,1224.3109333333332,16.135891359808962,1202.5737,1241.1937,3
FiLM,travel_time,65,1216.6056666666666,25.290982214527666,1183.4111,1244.7373,3
FiLM,travel_time,66,1183.0752,12.132600759111817,1173.7008,1200.2079,3
FiLM,travel_time,67,1169.2423333333334,22.371978431709792,1147.8927,1200.1385,3
FiLM,travel_time,68,1155.2034666666668,24.470034917606657,1131.3045,1188.8279,3
FiLM,travel_time,69,1180.8624666666667,36.57576869644104,1143.7535,1230.6239,3
FiLM,travel_time,70,1215.6630999999998,19.685065855617566,1187.8555,1230.7096,3
FiLM,travel_time,71,1205.6182666666666,47.6766184224744,1160.1827,1271.4788,3
FiLM,travel_time,72,1204.0529999999999,26.67101273230297,1169.625,1234.6105,3
FiLM,travel_time,73,1210.7884666666666,28.184943890232542,1170.9809,1232.4543,3
FiLM,travel_time,74,1215.8127,17.43117619458504,1202.17,1240.4154,3
FiLM,travel_time,75,1207.5255,17.265993432756748,1184.2596,1225.5768,3
FiLM,travel_time,76,1219.4862,21.026274737258333,1199.9699,1248.6735,3
FiLM,travel_time,77,1188.6724333333334,18.98587735139521,1161.8233,1202.2928,3
FiLM,travel_time,78,1212.6409,46.62667843742106,1174.3569,1278.2783,3
FiLM,travel_time,79,1188.4177333333332,23.305434975892474,1156.8159,1212.3247,3
FiLM,travel_time,80,1176.9386,70.68756979728948,1118.4079,1276.3874,3
FiLM,travel_time,81,1177.3103333333333,34.44862968985685,1140.7599,1223.4802,3
FiLM,travel_time,82,1154.2456333333332,28.369000230337516,1124.3654,1192.3715,3
FiLM,travel_time,83,1226.7754,38.87725226204473,1189.3031,1280.3545,3
FiLM,travel_time,84,1195.4372333333333,16.59233158265855,1175.9239,1216.4802,3
FiLM,travel_time,85,1234.4569,64.20281432943581,1144.4968,1290.0853,3
FiLM,travel_time,86,1187.8579,30.019796436795904,1149.4455,1222.7213,3
FiLM,travel_time,87,1156.0434333333333,23.90685810115765,1122.5227,1176.6218,3
FiLM,travel_time,88,1155.9775666666665,22.02626288991291,1128.483,1182.4044,3
FiLM,travel_time,89,1177.5756666666666,50.797452643765105,1136.5319,1249.1576,3
FiLM,travel_time,90,1183.6561666666666,42.5608645013493,1134.4253,1238.2613,3
FiLM,travel_time,91,1187.1869333333332,30.44972484652179,1145.2227,1216.5375,3
FiLM,travel_time,92,1157.2058666666665,48.79470614143389,1091.4476,1208.2033,3
FiLM,travel_time,93,1178.8133999999998,37.53666494295945,1126.2114,1211.301,3
FiLM,travel_time,94,1121.2208333333333,69.67689431092312,1029.3658,1198.04,3
FiLM,travel_time,95,1141.8776,40.77525010256432,1084.5754,1176.1211,3
FiLM,travel_time,96,1150.4277333333332,23.905720738117996,1127.063,1183.2712,3
FiLM,travel_time,97,1120.7737333333334,28.58818834942539,1092.6728,1159.9972,3
FiLM,travel_time,98,1127.3769,22.290869998424682,1103.3137,1157.045,3
FiLM,travel_time,99,1107.1761000000001,19.798985196721556,1080.2967,1127.4072,3
FiLM,travel_time,100,1093.3936333333334,13.502113348739996,1079.165,1111.5361,3
FiLM,travel_time,101,1107.9176,16.94636751420986,1088.7971,1129.9908,3
FiLM,travel_time,102,1092.4011,28.58490185849863,1063.1884,1131.2068,3
FiLM,travel_time,103,1145.2802000000001,45.252209437551244,1103.4313,1208.1349,3
FiLM,travel_time,104,1130.7177666666666,36.28879249413271,1096.9111,1181.0598,3
FiLM,travel_time,105,1105.1892,30.458275639088104,1064.4982,1137.7716,3
FiLM,travel_time,106,1097.5171333333335,57.3848806292118,1019.2433,1155.2132,3
FiLM,travel_time,107,1076.6548666666667,38.84717717023407,1027.7373,1122.7691,3
FiLM,travel_time,108,1075.6312666666665,56.52189623360329,1009.8605,1147.858,3
FiLM,travel_time,109,1113.5311666666666,41.3963045489436,1059.2146,1159.6041,3
FiLM,travel_time,110,1094.3019333333334,72.90291494960194,1011.2723,1188.7489,3
FiLM,travel_time,111,1083.1914666666667,33.66386438169107,1047.6261,1128.3824,3
FiLM,travel_time,112,1082.7057333333332,55.90095708979904,1014.6944,1151.6144,3
FiLM,travel_time,113,1052.5314999999998,58.19963105192337,977.9593,1119.9844,3
FiLM,travel_time,114,1080.0639666666668,58.96647414349581,1009.0765,1153.4543,3
FiLM,travel_time,115,1058.4196,30.41480205568774,1017.1349,1089.5152,3
FiLM,travel_time,116,1038.1180333333334,58.93133157793819,960.1877,1102.6664,3
FiLM,travel_time,117,1039.233,17.820805617217932,1017.2192,1060.8661,3
FiLM,travel_time,118,1018.1397333333333,56.50992963284318,947.7925,1086.154,3
FiLM,travel_time,119,1020.4285666666666,37.07010352762574,973.8516,1064.5552,3
FiLM,travel_time,120,1026.4534999999998,43.09114885317708,965.8414,1062.2277,3
FiLM,travel_time,121,974.4671,26.318201762405188,937.3846,995.772,3
FiLM,travel_time,122,973.9236333333333,20.89817685450626,947.2521,998.2854,3
FiLM,travel_time,123,979.9985666666666,41.919975858877656,932.2525,1034.3045,3
FiLM,travel_time,124,964.9535333333333,35.63003628114282,920.9356,1008.2008,3
FiLM,travel_time,125,999.7067999999999,33.64814532372723,955.0283,1036.2295,3
FiLM,travel_time,126,980.9504000000001,29.701664637524942,939.7188,1008.5124,3
FiLM,travel_time,127,989.5587666666667,16.645040024450378,969.8683,1010.5754,3
FiLM,travel_time,128,1030.6161666666667,100.290011738768,950.6254,1172.0425,3
FiLM,travel_time,129,989.0857,69.59586616215073,932.7157,1087.1434,3
FiLM,travel_time,130,984.2084333333333,28.406490795864872,957.0673,1023.4288,3
FiLM,travel_time,131,988.4333,42.36075445251969,936.0149,1039.7599,3
FiLM,travel_time,132,1003.8320333333335,33.868844262569986,957.9437,1038.665,3
FiLM,travel_time,133,1016.5992666666666,53.50952504133157,948.3201,1078.9943,3
FiLM,travel_time,134,989.7542666666667,30.985808940689076,946.6027,1017.9359,3
FiLM,travel_time,135,983.1022333333334,47.255594479760276,936.2217,1047.7893,3
FiLM,travel_time,136,974.7818666666667,49.339525317560835,911.6721,1032.1137,3
FiLM,travel_time,137,946.1383,46.10363491577067,893.3824,1005.6965,3
FiLM,travel_time,138,959.638,46.70748990565287,922.8481,1025.5436,3
FiLM,travel_time,139,968.8816,68.40503155416766,917.0609,1065.5368,3
FiLM,travel_time,140,937.9735666666667,64.57575158082868,880.5124,1028.1753,3
FiLM,travel_time,141,987.6669,63.83576863253599,902.6473,1056.4685,3
FiLM,travel_time,142,996.2221333333333,59.233083082026205,913.3144,1048.0475,3
FiLM,travel_time,143,998.1817666666666,74.53292550586099,907.4327,1089.9911,3
FiLM,travel_time,144,905.4119333333333,51.076818445183335,852.0641,974.2613,3
FiLM,travel_time,145,903.3092333333333,62.17657940695107,832.6926,983.9922,3
FiLM,travel_time,146,873.7550666666666,64.82138001335329,794.1802,952.9582,3
FiLM,travel_time,147,926.8834,66.4302392302381,846.7532,1009.42,3
FiLM,travel_time,148,946.0179666666667,68.84062632614226,889.3304,1042.9069,3
FiLM,travel_time,149,948.6703333333334,56.47201046550012,876.1962,1013.9635,3
FiLM,travel_time,150,996.1879333333333,93.40844212372998,886.9618,1115.1434,3
FiLM,travel_time,151,933.9759,91.11103679909843,808.0938,1020.7309,3
FiLM,travel_time,152,916.1308666666667,83.04592452570375,803.2018,1000.5276,3
FiLM,travel_time,153,941.0449666666667,81.23231409930955,834.6873,1031.8279,3
FiLM,travel_time,154,932.6727999999999,70.6237642731302,845.7068,1018.6912,3
FiLM,travel_time,155,914.6269000000001,54.71446300153798,844.2677,977.6937,3
FiLM,travel_time,156,924.1414,33.10459811174272,882.205,963.1339,3
FiLM,travel_time,157,870.6415333333334,75.61010669169097,764.6912,936.1158,3
FiLM,travel_time,158,842.2127,49.01708435358703,782.6657,902.721,3
FiLM,travel_time,159,849.7941333333333,44.08184343365067,790.8194,896.7829,3
FiLM,travel_time,160,855.2808,49.60702273186732,817.7932,925.3792,3
FiLM,travel_time,161,833.1350333333334,56.92653349750207,770.0609,907.9986,3
FiLM,travel_time,162,846.2157666666666,65.86555295855001,777.5014,935.0354,3
FiLM,travel_time,163,842.1737333333334,74.9726329589819,760.7447,941.6958,3
FiLM,travel_time,164,830.2983,85.15927267436393,740.0393,944.4795,3
FiLM,travel_time,165,839.7529333333333,106.67002924315508,735.6799,986.364,3
FiLM,travel_time,166,824.9072000000001,84.31875939469225,739.8654,939.8187,3
FiLM,travel_time,167,833.9547666666667,102.27700447322242,751.1101,978.0584,3
FiLM,travel_time,168,823.3584999999999,104.16008551929413,720.6969,966.1739,3
FiLM,travel_time,169,845.148,117.47569797471587,736.6473,1008.3548,3
FiLM,travel_time,170,816.9913666666667,84.63939038345107,726.262,929.9717,3
FiLM,travel_time,171,807.5081333333334,106.19836005294788,720.6799,957.0485,3
FiLM,travel_time,172,806.9218666666666,116.6092589479164,699.4334,968.977,3
FiLM,travel_time,173,838.9328333333333,127.47092085494987,730.2351,1017.8283,3
FiLM,travel_time,174,831.2437333333334,170.16793492606718,642.7213,1055.0432,3
FiLM,travel_time,175,838.9692,151.32333956890682,687.2599,1045.5386,3
FiLM,travel_time,176,768.7020666666666,88.74510547285914,689.9019,892.6979,3
FiLM,travel_time,177,745.0393,122.32817099142237,609.1887,905.7263,3
FiLM,travel_time,178,753.5724666666666,133.38481550504747,629.29,938.6066,3
FiLM,travel_time,179,775.4852666666667,121.75756976977745,672.0195,946.4175,3
FiLM,travel_time,180,724.6141333333334,188.5420296337368,513.0984,970.9706,3
FiLM,travel_time,181,742.4275000000001,178.83198191593135,528.9228,966.5814,3
FiLM,travel_time,182,762.8574,174.79216144703588,543.3739,971.0811,3
FiLM,travel_time,183,789.1583,217.35561149986444,517.8885,1049.9919,3
FiLM,travel_time,184,732.0684666666666,182.1856689497527,518.4621,963.6381,3
FiLM,travel_time,185,715.2497666666667,167.12971754132244,503.2305,911.727,3
FiLM,travel_time,186,697.0273000000001,213.67943459417583,433.7249,957.1006,3
FiLM,travel_time,187,670.9159666666667,223.0382982076148,397.9228,944.2525,3
FiLM,travel_time,188,626.3997,230.65226342935955,367.3375,927.5868,3
FiLM,travel_time,189,620.1185,214.61084322141477,366.4186,891.239,3
FiLM,travel_time,190,622.7217999999999,233.1674678035653,347.9373,917.977,3
FiLM,travel_time,191,605.1933666666667,220.26435165041016,345.1445,883.7288,3
FiLM,travel_time,192,582.4513333333333,227.48234913235697,321.2542,875.6979,3
FiLM,travel_time,193,564.2052666666667,232.4573278597505,306.5825,869.8711,3
FiLM,travel_time,194,564.9383666666666,228.89163531392362,324.2429,872.733,3
FiLM,travel_time,195,565.0206666666667,214.43419656104814,324.829,845.4412,3
FiLM,travel_time,196,575.6736,256.15028647067066,316.3541,924.387,3
FiLM,travel_time,197,546.3315666666667,239.79957259347972,311.4742,875.6264,3
FiLM,travel_time,198,522.8223333333334,233.0870504010227,309.1972,847.046,3
FiLM,travel_time,199,521.5679666666666,236.79204664922528,299.5343,849.6827,3
FiLM,travel_time,200,496.9379333333333,237.75639766997276,296.4299,830.943,3
FiLM,travel_time,201,513.5575,254.65497523709735,301.4356,871.664,3
FiLM,travel_time,202,498.0373,228.24315838072047,303.1937,818.3254,3
FiLM,travel_time,203,497.13703333333325,227.92431917098173,302.6427,816.9897,3
FiLM,travel_time,204,475.532,224.90690831321004,302.0089,793.1441,3
FiLM,travel_time,205,471.6284333333333,229.5791781130036,285.9384,795.1232,3
FiLM,travel_time,206,468.4675333333333,235.1260858280982,278.5135,799.8013,3
FiLM,travel_time,207,486.11733333333336,265.84688057402934,285.6678,861.7996,3
FiLM,travel_time,208,484.9774666666667,259.81898719034285,284.6385,851.8998,3
FiLM,travel_time,209,475.96790000000004,248.44964778780962,275.2705,826.079,3
FiLM,travel_time,210,467.01393333333334,256.72237041619275,264.8357,829.2592,3
FiLM,travel_time,211,431.4406000000001,214.38315680828723,264.4805,734.086,3
FiLM,travel_time,212,442.14896666666664,242.2670554497293,251.403,784.0011,3
FiLM,travel_time,213,437.22970000000004,230.7065401826456,254.9398,762.7164,3
FiLM,travel_time,214,432.12266666666665,231.13740656803162,248.4186,758.125,3
FiLM,travel_time,215,420.52383333333336,207.55063527827508,246.6788,712.2617,3
FiLM,travel_time,216,402.76486666666665,184.21728872561218,242.478,660.7709,3
FiLM,travel_time,217,408.54923333333335,202.04855056257037,243.3467,693.0577,3
FiLM,travel_time,218,390.11650000000003,177.8084209927078,240.2043,639.9111,3
FiLM,travel_time,219,386.9394333333334,183.56058894007964,236.8222,645.4111,3
FiLM,travel_time,220,398.84799999999996,202.01212418230412,235.3219,683.4848,3
FiLM,travel_time,221,409.9221333333333,207.30569943169007,236.6994,701.3722,3
FiLM,travel_time,222,373.21599999999995,164.55769022597107,230.597,603.7854,3
FiLM,travel_time,223,398.9512333333334,212.3944761540082,228.3612,698.3523,3
FiLM,travel_time,224,388.50199999999995,198.20799396211714,227.3987,667.7089,3
FiLM,travel_time,225,378.07050000000004,179.58825488178968,226.8938,630.3991,3
FiLM,travel_time,226,382.79639999999995,194.58270453030164,226.0864,657.0471,3
FiLM,travel_time,227,361.5282333333334,169.82844034123247,224.2493,600.8382,3
FiLM,travel_time,228,359.2488,169.55573626771422,221.4699,598.0984,3
FiLM,travel_time,229,386.0663333333334,205.06726715937762,220.0733,675.0085,3
FiLM,travel_time,230,348.2035,163.5326833432999,220.017,579.0018,3
FiLM,travel_time,231,341.42516666666666,147.02292498818755,220.494,548.3672,3
FiLM,travel_time,232,358.35906666666665,181.25802131128492,221.9869,614.5177,3
FiLM,travel_time,233,339.6195666666667,152.46606979122345,218.8789,554.6997,3
FiLM,travel_time,234,326.5189666666667,138.9008636504068,216.7914,522.4858,3
FiLM,travel_time,235,331.28236666666663,154.5384664220602,215.0627,549.6824,3
FiLM,travel_time,236,332.92883333333333,155.38123958181765,214.2897,552.4313,3
FiLM,travel_time,237,337.59853333333336,166.02377298761232,211.9171,572.1919,3
FiLM,travel_time,238,315.9463,137.73155568687469,212.0758,510.5811,3
FiLM,travel_time,239,331.68423333333334,162.2119383020731,211.6349,561.0021,3
FiLM,travel_time,240,369.07529999999997,217.7691436695903,209.9125,676.9887,3
FiLM,travel_time,241,337.6928666666667,173.66668207500888,209.9196,583.2266,3
FiLM,travel_time,242,329.29426666666666,162.46104959356325,208.9487,558.9607,3
FiLM,travel_time,243,337.6888333333333,177.18826119839002,207.6296,588.2096,3
FiLM,travel_time,244,286.1031666666667,105.54889781115146,207.671,435.3063,3
FiLM,travel_time,245,300.9945666666667,126.99873115367029,207.1668,480.5368,3
FiLM,travel_time,246,327.3633,164.13504535479314,207.6979,559.4476,3
FiLM,travel_time,247,302.2754,131.57233173878163,204.5935,488.2681,3
FiLM,travel_time,248,288.6519333333333,113.56988641989956,206.0857,449.2426,3
FiLM,travel_time,249,279.51393333333334,101.10418967897532,204.1792,422.4267,3
FiLM,loss,0,0.0022146666666666664,4.6219284094652804e-05,0.002169,0.002278,3
FiLM,loss,1,0.0020353333333333334,5.430981085913999e-05,0.001993,0.002112,3
FiLM,loss,2,0.0019749999999999998,5.111425111127683e-05,0.001918,0.002042,3
FiLM,loss,3,0.002010666666666667,0.00010397542444678403,0.001925,0.002157,3
FiLM,loss,4,0.0018956666666666668,6.236095644623252e-06,0.001889,0.001904,3
FiLM,loss,5,0.001818,5.903106526793046e-05,0.001737,0.001876,3
FiLM,loss,6,0.0018019999999999998,7.144695001654492e-05,0.001715,0.00189,3
FiLM,loss,7,0.0018406666666666667,0.00011735511161522634,0.001679,0.001954,3
FiLM,loss,8,0.0016440000000000003,3.7850583438920317e-05,0.001591,0.001677,3
FiLM,loss,9,0.001593,6.164954717324914e-05,0.001517,0.001668,3
FiLM,loss,10,0.0016006666666666667,0.00016668199929473148,0.001378,0.001779,3
FiLM,loss,11,0.0013743333333333333,2.747524137999318e-05,0.001339,0.001406,3
FiLM,loss,12,0.0013740000000000002,3.617549815367673e-05,0.001323,0.001403,3
FiLM,loss,13,0.0013173333333333333,2.0725722075613083e-05,0.001289,0.001338,3
FiLM,loss,14,0.0011853333333333334,3.9075425639254285e-05,0.001151,0.00124,3
FiLM,loss,15,0.0011606666666666666,4.878752117316703e-05,0.001098,0.001217,3
FiLM,loss,16,0.0012146666666666666,2.3626726862225808e-05,0.001196,0.001248,3
FiLM,loss,17,0.0010636666666666668,1.4704496666741856e-05,0.001046,0.001082,3
FiLM,loss,18,0.0010183333333333333,6.643459607430123e-05,0.000931,0.001092,3
FiLM,loss,19,0.000984,5.818934610390468e-05,0.000937,0.001066,3
FiLM,loss,20,0.0009596666666666667,2.242518425540554e-05,0.000929,0.000982,3
FiLM,loss,21,0.0008873333333333334,5.3024103533728444e-05,0.000844,0.000962,3
FiLM,loss,22,0.000844,0.0001282211630998045,0.000695,0.001008,3
FiLM,loss,23,0.0007963333333333334,7.78088826691543e-05,0.000697,0.000887,3
FiLM,loss,24,0.0007706666666666666,6.650480350237035e-05,0.000709,0.000863,3
FiLM,loss,25,0.0006826666666666666,2.59529488797623e-05,0.000647,0.000708,3
FiLM,loss,26,0.0006419999999999999,1.8384776310850238e-05,0.000619,0.000664,3
FiLM,loss,27,0.0005773333333333333,2.347102232304529e-05,0.000551,0.000608,3
FiLM,loss,28,0.000594,9.416297927883684e-06,0.000585,0.000607,3
FiLM,loss,29,0.00053,4.707440918375927e-05,0.000478,0.000592,3
FiLM,loss,30,0.0005363333333333332,1.713346303452853e-05,0.00052,0.00056,3
FiLM,loss,31,0.000475,4.1721297518973036e-05,0.000429,0.00053,3
FiLM,loss,32,0.0004386666666666667,1.8208667044996884e-05,0.000422,0.000464,3
FiLM,loss,33,0.00042466666666666667,2.7353650985238186e-05,0.000401,0.000463,3
FiLM,loss,34,0.000392,1.7907168024751064e-05,0.000367,0.000408,3
FiLM,loss,35,0.00036300000000000004,2.8994252303976835e-05,0.000322,0.000384,3
FiLM,loss,36,0.00036633333333333337,7.148115524776832e-05,0.000308,0.000467,3
FiLM,loss,37,0.00030333333333333335,1.5151090903151339e-05,0.000284,0.000321,3
FiLM,loss,38,0.00032033333333333333,2.542090128658349e-05,0.000291,0.000353,3
FiLM,loss,39,0.00027833333333333334,1.7307673314329556e-05,0.000259,0.000301,3
FiLM,loss,40,0.00027299999999999997,3.37441352929167e-05,0.000227,0.000307,3
FiLM,loss,41,0.00023833333333333334,2.4689178916188275e-05,0.000204,0.000261,3
FiLM,loss,42,0.00025899999999999995,6.200537611100078e-05,0.000206,0.000346,3
FiLM,loss,43,0.00023899999999999998,1.134313301811571e-05,0.00023,0.000255,3
FiLM,loss,44,0.0002486666666666666,5.2315283511502553e-05,0.000196,0.00032,3
FiLM,loss,45,0.00020333333333333333,1.6579773487261178e-05,0.00018,0.000217,3
FiLM,loss,46,0.00018233333333333337,1.114550233153365e-05,0.00017,0.000197,3
FiLM,loss,47,0.000201,2.9439202887759487e-05,0.000171,0.000241,3
FiLM,loss,48,0.00020666666666666666,4.8609555530665863e-05,0.000161,0.000274,3
FiLM,loss,49,0.0001823333333333333,3.890444133457715e-05,0.000145,0.000236,3
FiLM,loss,50,0.00016733333333333335,1.1897712198383164e-05,0.000152,0.000181,3
FiLM,loss,51,0.00019466666666666666,4.106363625182532e-05,0.000158,0.000252,3
FiLM,loss,52,0.00015933333333333335,2.2661764175711383e-05,0.000134,0.000189,3
FiLM,loss,53,0.000151,1.5577761927397233e-05,0.000133,0.000171,3
FiLM,loss,54,0.00013233333333333334,1.2229290885229423e-05,0.00012,0.000149,3
FiLM,loss,55,0.00012766666666666666,7.930251502246879e-06,0.000117,0.000136,3
FiLM,loss,56,0.00012566666666666664,1.0624918300339484e-05,0.000113,0.000139,3
FiLM,loss,57,0.00013299999999999998,7.1180521680208665e-06,0.000123,0.000139,3
FiLM,loss,58,0.00011666666666666667,1.3224556283251582e-05,9.8e-05,0.000127,3
FiLM,loss,59,0.00011566666666666665,9.843215373488934e-06,0.000103,0.000127,3
FiLM,loss,60,0.000113,1.2192894105447918e-05,0.000102,0.00013,3
FiLM,loss,61,0.00010566666666666667,4.496912521077346e-06,0.0001,0.000111,3
FiLM,loss,62,0.000111,4.898979485566353e-06,0.000105,0.000117,3
FiLM,loss,63,0.00013833333333333333,4.290558109254424e-05,0.000107,0.000199,3
FiLM,loss,64,9.733333333333333e-05,3.6817870057290877e-06,9.3e-05,0.000102,3
FiLM,loss,65,0.000121,2.4657656011875902e-05,8.9e-05,0.000149,3
FiLM,loss,66,0.000126,3.4215006454283577e-05,9e-05,0.000172,3
FiLM,loss,67,9.366666666666666e-05,1.2472191289246485e-06,9.2e-05,9.5e-05,3
FiLM,loss,68,0.000101,7.257180352359082e-06,9.4e-05,0.000111,3
FiLM,loss,69,9.033333333333332e-05,8.259674462242578e-06,8.4e-05,0.000102,3
FiLM,loss,70,8.800000000000001e-05,1.7568911937472583e-05,6.7e-05,0.00011,3
FiLM,loss,71,9.3e-05,2.0704266871026044e-05,6.4e-05,0.000111,3
FiLM,loss,72,8.600000000000002e-05,7.071067811865474e-06,8.1e-05,9.6e-05,3
FiLM,loss,73,8.733333333333335e-05,5.249338582674538e-06,8e-05,9.2e-05,3
FiLM,loss,74,8.366666666666668e-05,1.6996731711975965e-06,8.2e-05,8.6e-05,3
FiLM,loss,75,7.233333333333333e-05,6.342099196813484e-06,6.6e-05,8.1e-05,3
FiLM,loss,76,7.6e-05,7.3484692283495356e-06,6.7e-05,8.5e-05,3
FiLM,loss,77,7.2e-05,9.899494936611665e-06,5.8e-05,7.9e-05,3
FiLM,loss,78,8.333333333333333e-05,2.5616834742454466e-05,6e-05,0.000119,3
FiLM,loss,79,7.433333333333333e-05,1.2552113589175154e-05,6.4e-05,9.2e-05,3
FiLM,loss,80,9.666666666666667e-05,2.6886593106767712e-05,5.9e-05,0.00012,3
FiLM,loss,81,6.6e-05,6.377042156569662e-06,5.7e-05,7.1e-05,3
FiLM,loss,82,5.566666666666667e-05,2.054804667656325e-06,5.3e-05,5.8e-05,3
FiLM,loss,83,6.833333333333333e-05,5.436502143433368e-06,6.4e-05,7.6e-05,3
FiLM,loss,84,4.8333333333333334e-05,1.0873004286866727e-05,3.7e-05,6.3e-05,3
FiLM,loss,85,7.466666666666666e-05,2.6284765338288432e-05,4.7e-05,0.00011,3
FiLM,loss,86,6.633333333333334e-05,1.545603082582617e-05,5.3e-05,8.8e-05,3
FiLM,loss,87,4.9e-05,3.5590260840104366e-06,4.6e-05,5.4e-05,3
FiLM,loss,88,4.8333333333333334e-05,4.10960933531265e-06,4.3e-05,5.3e-05,3
FiLM,loss,89,5.1666666666666664e-05,9.285592184789412e-06,3.9e-05,6.1e-05,3
FiLM,loss,90,3.8333333333333334e-05,6.599663291074442e-06,3.1e-05,4.7e-05,3
FiLM,loss,91,5.433333333333334e-05,2.0499322482029065e-05,3.3e-05,8.2e-05,3
FiLM,loss,92,4.233333333333333e-05,3.2998316455372184e-06,4e-05,4.7e-05,3
FiLM,loss,93,5.1666666666666664e-05,5.7927157323275895e-06,4.4e-05,5.8e-05,3
FiLM,loss,94,5.266666666666666e-05,6.0184900284225965e-06,4.7e-05,6.1e-05,3
FiLM,loss,95,4.1e-05,1.283225103661344e-05,2.7e-05,5.8e-05,3
FiLM,loss,96,3.9e-05,4.320493798938576e-06,3.5e-05,4.5e-05,3
FiLM,loss,97,5.933333333333333e-05,1.7172329163188345e-05,3.9e-05,8.1e-05,3
FiLM,loss,98,4.5e-05,1.151810169544733e-05,3e-05,5.8e-05,3
FiLM,loss,99,4.5333333333333335e-05,8.178562764256867e-06,3.5e-05,5.5e-05,3
FiLM,loss,100,4.6e-05,7.118052168020872e-06,3.6e-05,5.2e-05,3
FiLM,loss,101,3.9000000000000006e-05,4.546060565661951e-06,3.3e-05,4.4e-05,3
FiLM,loss,102,5.433333333333334e-05,1.1025223605694152e-05,4.1e-05,6.8e-05,3
FiLM,loss,103,5.5e-05,2.943920288775949e-06,5.2e-05,5.9e-05,3
FiLM,loss,104,3.1666666666666666e-05,3.39934634239519e-06,2.7e-05,3.5e-05,3
FiLM,loss,105,3.266666666666666e-05,1.3888444437333105e-05,2e-05,5.2e-05,3
FiLM,loss,106,3.266666666666666e-05,8.25967446224258e-06,2.1e-05,3.9e-05,3
FiLM,loss,107,3.866666666666667e-05,2.347102232304526e-05,1.6e-05,7.1e-05,3
FiLM,loss,108,4.9e-05,9.201449161228175e-06,4.2e-05,6.2e-05,3
FiLM,loss,109,3.866666666666667e-05,1.12644968324772e-05,2.3e-05,4.9e-05,3
FiLM,loss,110,3.1e-05,1.632993161855453e-06,2.9e-05,3.3e-05,3
FiLM,loss,111,2.7000000000000002e-05,1.39522996909709e-05,1.1e-05,4.5e-05,3
FiLM,loss,112,3.2999999999999996e-05,9.416297927883692e-06,2.2e-05,4.5e-05,3
FiLM,loss,113,3.766666666666666e-05,1.2256517540566823e-05,2.3e-05,5.3e-05,3
FiLM,loss,114,3.633333333333333e-05,9.741092797468307e-06,2.8e-05,5e-05,3
FiLM,loss,115,3.1666666666666666e-05,1.3199326582148889e-05,1.3e-05,4.1e-05,3
FiLM,loss,116,3.466666666666667e-05,5.734883511361751e-06,2.8e-05,4.2e-05,3
FiLM,loss,117,3.433333333333334e-05,9.392668535736914e-06,2.3e-05,4.6e-05,3
FiLM,loss,118,4.7000000000000004e-05,1.70489491367259e-05,3.3e-05,7.1e-05,3
FiLM,loss,119,3.1666666666666666e-05,4.714045207910315e-06,2.5e-05,3.5e-05,3
FiLM,loss,120,3.5000000000000004e-05,2.0461345670963742e-05,1.1e-05,6.1e-05,3
FiLM,loss,121,4.2666666666666676e-05,9.030811456096044e-06,3.1e-05,5.3e-05,3
FiLM,loss,122,4.2666666666666676e-05,1.2472191289246468e-06,4.1e-05,4.4e-05,3
FiLM,loss,123,3.566666666666667e-05,1.0274023338281627e-05,2.4e-05,4.9e-05,3
FiLM,loss,124,3.333333333333333e-05,1.3474255287605158e-05,1.5e-05,4.7e-05,3
FiLM,loss,125,3.9666666666666664e-05,2.414309194964242e-05,9e-06,6.8e-05,3
FiLM,loss,126,2.633333333333333e-05,3.091206165165235e-06,2.2e-05,2.9e-05,3
FiLM,loss,127,3.3666666666666674e-05,4.784233364802443e-06,2.7e-05,3.8e-05,3
FiLM,loss,128,6.0333333333333334e-05,4.608205242342789e-05,2.1e-05,0.000125,3
FiLM,loss,129,3.333333333333333e-05,9.56846672960488e-06,2e-05,4.2e-05,3
FiLM,loss,130,2.7333333333333335e-05,5.4365021434333634e-06,2e-05,3.3e-05,3
FiLM,loss,131,1.8e-05,7.0710678118654756e-06,1.3e-05,2.8e-05,3
FiLM,loss,132,1.933333333333333e-05,8.956685895029602e-06,1.3e-05,3.2e-05,3
FiLM,loss,133,1.6666666666666664e-05,9.463379711052259e-06,6e-06,2.9e-05,3
FiLM,loss,134,2.466666666666667e-05,5.24933858267454e-06,2e-05,3.2e-05,3
FiLM,loss,135,1.7666666666666668e-05,7.363574011458173e-06,9e-06,2.7e-05,3
FiLM,loss,136,1e-05,4.320493798938573e-06,6e-06,1.6e-05,3
FiLM,loss,137,2.4333333333333333e-05,8.055363982396381e-06,1.3e-05,3.1e-05,3
FiLM,loss,138,3.066666666666667e-05,1.0077477638553983e-05,1.7e-05,4.1e-05,3
FiLM,loss,139,2.5e-05,1.7146428199482248e-05,4e-06,4.6e-05,3
FiLM,loss,140,2.8666666666666668e-05,9.428090415820634e-06,2.2e-05,4.2e-05,3
FiLM,loss,141,4.733333333333333e-05,2.4073960113690383e-05,1.4e-05,7e-05,3
FiLM,loss,142,4.6e-05,3.31762967593833e-05,1.2e-05,9.1e-05,3
FiLM,loss,143,3.066666666666667e-05,6.342099196813483e-06,2.2e-05,3.7e-05,3
FiLM,loss,144,2.8333333333333335e-05,1.4727148022916346e-05,1.1e-05,4.7e-05,3
FiLM,loss,145,4.066666666666667e-05,2.5616834742454466e-05,5e-06,6.4e-05,3
FiLM,loss,146,4.566666666666667e-05,1.6213848676020412e-05,2.3e-05,6e-05,3
FiLM,loss,147,4.066666666666667e-05,1.915434386474486e-05,2.2e-05,6.7e-05,3
FiLM,loss,148,3.933333333333333e-05,2.792052212182923e-05,-0.0,6.2e-05,3
FiLM,loss,149,3.4333333333333325e-05,2.5315783394730034e-05,3e-06,6.5e-05,3
FiLM,loss,150,3.366666666666667e-05,1.102522360569415e-05,2e-05,4.7e-05,3
FiLM,loss,151,4.0333333333333336e-05,3.147838764754143e-05,-4e-06,6.6e-05,3
FiLM,loss,152,3.1e-05,2.1924111536540467e-05,2e-06,5.5e-05,3
FiLM,loss,153,3.2e-05,2.083266665599966e-05,1.3e-05,6.1e-05,3
FiLM,loss,154,2.2666666666666668e-05,2.1746008573733454e-05,0.0,5.2e-05,3
FiLM,loss,155,2.6999999999999996e-05,1.6990193249832876e-05,1.4e-05,5.1e-05,3
FiLM,loss,156,2.133333333333333e-05,1.8873850222522754e-05,7e-06,4.8e-05,3
FiLM,loss,157,2.6e-05,7.2571803523590814e-06,1.6e-05,3.3e-05,3
FiLM,loss,158,5.300000000000001e-05,2.6318561257535847e-05,3.1e-05,9e-05,3
FiLM,loss,159,4.2666666666666676e-05,1.3695092389449425e-05,3.2e-05,6.2e-05,3
FiLM,loss,160,3.066666666666666e-05,1.1440668201153675e-05,1.5e-05,4.2e-05,3
FiLM,loss,161,3.266666666666666e-05,1.4974051630144134e-05,1.2e-05,4.7e-05,3
FiLM,loss,162,3.1666666666666666e-05,1.3072447700751718e-05,1.6e-05,4.8e-05,3
FiLM,loss,163,3.733333333333333e-05,1.7931970208417022e-05,1.2e-05,5.1e-05,3
FiLM,loss,164,4.0333333333333336e-05,2.752372713779069e-05,1.3e-05,7.8e-05,3
FiLM,loss,165,3.2999999999999996e-05,1.9252705437591535e-05,1.3e-05,5.9e-05,3
FiLM,loss,166,3.0333333333333333e-05,1.883849486792639e-05,4e-06,4.7e-05,3
FiLM,loss,167,3.233333333333333e-05,1.8553226733434328e-05,8e-06,5.3e-05,3
FiLM,loss,168,4.733333333333333e-05,1.9189117286165675e-05,2.4e-05,7.1e-05,3
FiLM,loss,169,4e-05,2.160246899469287e-06,3.8e-05,4.3e-05,3
FiLM,loss,170,4.333333333333334e-05,1.681930108205715e-05,2e-05,5.9e-05,3
FiLM,loss,171,4.5333333333333335e-05,1.1115554667022044e-05,3e-05,5.6e-05,3
FiLM,loss,172,4.5e-05,1.7146428199482245e-05,3e-05,6.9e-05,3
FiLM,loss,173,5.7e-05,1.6329931618554523e-05,3.7e-05,7.7e-05,3
FiLM,loss,174,5.466666666666667e-05,2.471616654922217e-05,2.7e-05,8.7e-05,3
FiLM,loss,175,4.5e-05,1.061445555206044e-05,3.2e-05,5.8e-05,3
FiLM,loss,176,3.9666666666666664e-05,1.8553226733434325e-05,1.9e-05,6.4e-05,3
FiLM,loss,177,3.633333333333333e-05,1.7969109295924738e-05,1.4e-05,5.8e-05,3
FiLM,loss,178,6.466666666666666e-05,1.2552113589175154e-05,4.7e-05,7.5e-05,3
FiLM,loss,179,7.2e-05,2.0049937655763418e-05,4.5e-05,9.3e-05,3
FiLM,loss,180,4.8333333333333334e-05,1.461354014452198e-05,3.3e-05,6.8e-05,3
FiLM,loss,181,4.333333333333334e-05,2.735365098523819e-05,2.3e-05,8.2e-05,3
FiLM,loss,182,4.466666666666667e-05,2.0997354330698164e-05,2.6e-05,7.4e-05,3
FiLM,loss,183,5.1666666666666664e-05,2.0981473309141617e-05,2.8e-05,7.9e-05,3
FiLM,loss,184,4.466666666666667e-05,1.7987650084309384e-05,3e-05,7e-05,3
FiLM,loss,185,5e-05,2.333809475228573e-05,1.8e-05,7.3e-05,3
FiLM,loss,186,2.7666666666666667e-05,3.249957264676295e-05,-5e-06,7.2e-05,3
FiLM,loss,187,1.7000000000000003e-05,2.7652606869274853e-05,-1e-05,5.5e-05,3
FiLM,loss,188,9.999999999999997e-06,1.7907168024751054e-05,-6e-06,3.5e-05,3
FiLM,loss,189,2e-05,1.6268579122549907e-05,8e-06,4.3e-05,3
FiLM,loss,190,2.7000000000000002e-05,2.649528259898354e-05,0.0,6.3e-05,3
FiLM,loss,191,3.6666666666666666e-05,2.5037749277618562e-05,3e-06,6.3e-05,3
FiLM,loss,192,3.6666666666666666e-05,5.0108770578501414e-05,-6e-06,0.000107,3
FiLM,loss,193,4.500000000000001e-05,5.752101065407898e-05,-1.4e-05,0.000123,3
FiLM,loss,194,4e-06,1.019803902718557e-05,-1e-05,1.4e-05,3
FiLM,loss,195,1.4999999999999999e-05,2.5806975801127882e-05,-1.8e-05,4.5e-05,3
FiLM,loss,196,1.333333333333334e-06,2.0038851153585516e-05,-2.4e-05,2.5e-05,3
FiLM,loss,197,-8.333333333333334e-06,1.5627610892974723e-05,-2.4e-05,1.3e-05,3
FiLM,loss,198,2e-06,1.608311744241976e-05,-2e-05,1.8e-05,3
FiLM,loss,199,-2.3333333333333336e-06,2.1171259344267224e-05,-3.2e-05,1.6e-05,3
FiLM,loss,200,1.333333333333333e-06,1.7249798710580815e-05,-2.3e-05,1.5e-05,3
FiLM,loss,201,-1.333333333333334e-06,2.107657994604965e-05,-3.1e-05,1.6e-05,3
FiLM,loss,202,-1.1333333333333334e-05,1.554205763583302e-05,-3.1e-05,7e-06,3
FiLM,loss,203,-6.333333333333333e-06,2.4689178916188272e-05,-3.2e-05,2.7e-05,3
FiLM,loss,204,-8.333333333333334e-06,2.6411277052720408e-05,-3.4e-05,2.8e-05,3
FiLM,loss,205,-4.9999999999999996e-06,2.981051268708183e-05,-3.4e-05,3.6e-05,3
FiLM,loss,206,-7e-06,2.237558192911788e-05,-2.8e-05,2.4e-05,3
FiLM,loss,207,-4.333333333333334e-06,2.8871362204709976e-05,-3e-05,3.6e-05,3
FiLM,loss,208,-1.3666666666666667e-05,1.755625877635159e-05,-3.2e-05,1e-05,3
FiLM,loss,209,-1.4333333333333334e-05,2.295406040091576e-05,-3.3e-05,1.8e-05,3
FiLM,loss,210,-5.666666666666665e-06,2.980305726300948e-05,-3.2e-05,3.6e-05,3
FiLM,loss,211,-1.0333333333333333e-05,3.503648891592243e-05,-3.9e-05,3.9e-05,3
FiLM,loss,212,-7.333333333333336e-06,3.6298148100909436e-05,-3.3e-05,4.4e-05,3
FiLM,loss,213,-1.2e-05,2.6882460204874603e-05,-3.2e-05,2.6e-05,3
FiLM,loss,214,-8.333333333333334e-06,3.0684777260973485e-05,-3.2e-05,3.5e-05,3
FiLM,loss,215,-1.2666666666666667e-05,2.9465610840812756e-05,-3.4e-05,2.9e-05,3
FiLM,loss,216,2.8666666666666664e-05,8.511299678793023e-05,-3.4e-05,0.000149,3
FiLM,loss,217,-4.666666666666667e-06,3.938132665222045e-05,-3.4e-05,5.1e-05,3
FiLM,loss,218,4.000000000000002e-06,5.7312011539176207e-05,-3.9e-05,8.5e-05,3
FiLM,loss,219,1.2666666666666667e-05,6.393920723798678e-05,-3.6e-05,0.000103,3
FiLM,loss,220,7.999999999999998e-06,6.0271607467087415e-05,-4e-05,9.3e-05,3
FiLM,loss,221,3.999999999999998e-06,5.024606120549814e-05,-3.4e-05,7.5e-05,3
FiLM,loss,222,-4.0000000000000015e-06,4.477350406955733e-05,-4.1e-05,5.9e-05,3
FiLM,loss,223,1.999999999999999e-06,4.949747468305833e-05,-3.3e-05,7.2e-05,3
FiLM,loss,224,1.1293772630057337e-21,4.758851402036701e-05,-3.9e-05,6.7e-05,3
FiLM,loss,225,1.6666666666666654e-06,4.786323107447813e-05,-3.8e-05,6.9e-05,3
FiLM,loss,226,8e-06,5.587486017879597e-05,-3.3e-05,8.7e-05,3
FiLM,loss,227,-9.999999999999995e-07,4.3289721643826725e-05,-3.6e-05,6e-05,3
FiLM,loss,228,1.999999999999999e-06,5.0338851794612876e-05,-3.8e-05,7.3e-05,3
FiLM,loss,229,7.666666666666667e-06,4.908722395446248e-05,-3e-05,7.7e-05,3
FiLM,loss,230,2.4333333333333336e-05,7.27109956532634e-05,-3.2e-05,0.000127,3
FiLM,loss,231,-2.9999999999999997e-06,3.4292856398964496e-05,-3.3e-05,4.5e-05,3
FiLM,loss,232,-4.333333333333331e-06,3.496982826507572e-05,-3.2e-05,4.5e-05,3
FiLM,loss,233,9.666666666666668e-06,5.6876083628260555e-05,-3.4e-05,9e-05,3
FiLM,loss,234,1.4666666666666668e-05,5.90668171555645e-05,-3.2e-05,9.8e-05,3
FiLM,loss,235,-6.3333333333333326e-06,2.572072229848057e-05,-2.6e-05,3e-05,3
FiLM,loss,236,5.333333333333331e-06,4.598792111945145e-05,-3.3e-05,7e-05,3
FiLM,loss,237,3.999999999999999e-06,4.6180804092898455e-05,-3.4e-05,6.9e-05,3
FiLM,loss,238,-9.999999999999995e-07,3.6120169803956716e-05,-2.9e-05,5e-05,3
FiLM,loss,239,2.3333333333333323e-06,4.149163235588057e-05,-2.8e-05,6.1e-05,3
FiLM,loss,240,-6.666666666666682e-07,3.732142667274241e-05,-3e-05,5.2e-05,3
FiLM,loss,241,-1.999999999999999e-06,3.5364765892999584e-05,-2.8e-05,4.8e-05,3
FiLM,loss,242,6.666666666666682e-07,3.983577398380618e-05,-2.8e-05,5.7e-05,3
FiLM,loss,243,1.6666666666666677e-06,4.5492368102304325e-05,-3.1e-05,6.6e-05,3
FiLM,loss,244,-1.2666666666666667e-05,2.3809428571238094e-05,-3e-05,2.1e-05,3
FiLM,loss,245,1.8333333333333336e-05,6.209848808322327e-05,-3e-05,0.000106,3
FiLM,loss,246,1.0000000000000003e-05,4.9605107263936716e-05,-2.9e-05,8e-05,3
FiLM,loss,247,9.333333333333334e-06,5.0717080182343135e-05,-2.9e-05,8.1e-05,3
FiLM,loss,248,-2.0666666666666663e-05,8.956685895029602e-06,-2.7e-05,-8e-06,3
FiLM,loss,249,-1.7666666666666668e-05,1.1145502331533657e-05,-2.7e-05,-2e-06,3
FiLM,reward,0,-67.59536666666666,1.0429733660176672,-69.03,-66.5813,3
FiLM,reward,1,-65.89423333333333,0.1450354056390683,-66.0782,-65.7237,3
FiLM,reward,2,-65.50573333333334,0.8594762759313913,-66.4791,-64.3886,3
FiLM,reward,3,-67.09746666666666,0.9163289887128729,-68.1773,-65.9371,3
FiLM,reward,4,-65.82603333333334,0.6438380817841963,-66.4803,-64.9505,3
FiLM,reward,5,-65.40216666666667,1.1487227873696166,-66.3651,-63.7876,3
FiLM,reward,6,-66.5795,1.5486507439273276,-67.7992,-64.3943,3
FiLM,reward,7,-66.32600000000001,0.11794679591522117,-66.4144,-66.1593,3
FiLM,reward,8,-66.46820000000001,1.2555598299828914,-67.4563,-64.6965,3
FiLM,reward,9,-66.5085,0.15218731878839642,-66.7103,-66.3428,3
FiLM,reward,10,-66.4303,1.7430215202343289,-68.1402,-64.0377,3
FiLM,reward,11,-63.78673333333333,0.6599170267709572,-64.4489,-62.8861,3
FiLM,reward,12,-65.9636,0.7621351105064416,-66.7876,-64.9499,3
FiLM,reward,13,-64.79076666666667,0.6595317244496688,-65.6392,-64.031,3
FiLM,reward,14,-63.82703333333333,0.6872640702249918,-64.7975,-63.2955,3
FiLM,reward,15,-64.25703333333333,1.1620634358282214,-65.8177,-63.0308,3
FiLM,reward,16,-66.0299,0.25952144420066775,-66.29,-65.6756,3
FiLM,reward,17,-64.3059,1.1209517592950493,-65.7546,-63.0241,3
FiLM,reward,18,-64.00863333333332,1.2948578720805184,-64.9459,-62.1776,3
FiLM,reward,19,-64.3714,2.1716736218870434,-67.2088,-61.9348,3
FiLM,reward,20,-64.56276666666666,1.8608781087313448,-66.9943,-62.4752,3
FiLM,reward,21,-64.47056666666667,2.534438222214583,-68.0363,-62.3727,3
FiLM,reward,22,-63.765166666666666,3.133238045359607,-67.6447,-59.9713,3
FiLM,reward,23,-62.94103333333334,2.0109203901585855,-64.435,-60.0984,3
FiLM,reward,24,-63.488933333333335,1.9881751839871216,-66.3006,-62.0705,3
FiLM,reward,25,-63.08723333333334,1.450786417391921,-64.6468,-61.1529,3
FiLM,reward,26,-62.9692,1.3975629097348985,-64.4895,-61.1153,3
FiLM,reward,27,-60.8174,0.8946839702747912,-61.6859,-59.5863,3
FiLM,reward,28,-63.63743333333334,0.8957499105343087,-64.8197,-62.6523,3
FiLM,reward,29,-61.534533333333336,1.471696445904822,-63.4321,-59.8453,3
FiLM,reward,30,-63.21876666666666,1.1974451534644766,-64.7446,-61.8197,3
FiLM,reward,31,-62.74903333333333,1.6292384199032643,-64.7996,-60.8138,3
FiLM,reward,32,-62.1097,0.7186870250672419,-62.9921,-61.2317,3
FiLM,reward,33,-63.5126,1.5362412918115032,-65.656,-62.1336,3
FiLM,reward,34,-62.491166666666665,1.1145574737187032,-63.9186,-61.1985,3
FiLM,reward,35,-62.9586,1.7058548961346829,-64.7056,-60.6443,3
FiLM,reward,36,-60.7711,2.226178934108098,-63.8968,-58.8822,3
FiLM,reward,37,-60.977900000000005,0.6433811674790205,-61.8241,-60.2652,3
FiLM,reward,38,-63.0796,0.8401681895112834,-64.0562,-62.0052,3
FiLM,reward,39,-61.2799,0.6001968066115194,-61.8273,-60.4444,3
FiLM,reward,40,-61.83826666666667,0.9715230665758237,-63.2122,-61.1473,3
FiLM,reward,41,-60.9386,2.414756414216555,-63.3201,-57.6282,3
FiLM,reward,42,-61.939633333333326,2.6597239134082225,-65.1399,-58.6278,3
FiLM,reward,43,-62.271966666666664,2.474832295103831,-64.4603,-58.8123,3
FiLM,reward,44,-60.632666666666665,3.127656462735137,-64.496,-56.8357,3
FiLM,reward,45,-60.30883333333333,2.0080635785640752,-62.5248,-57.6628,3
FiLM,reward,46,-60.8362,1.769382436520345,-63.2443,-59.0432,3
FiLM,reward,47,-59.54333333333333,0.870871771400488,-60.7503,-58.7276,3
FiLM,reward,48,-61.76076666666666,2.152918950840667,-64.5315,-59.2823,3
FiLM,reward,49,-62.00676666666667,0.46310798116877855,-62.521,-61.3984,3
FiLM,reward,50,-61.447466666666664,1.0876951237466408,-62.8953,-60.2736,3
FiLM,reward,51,-62.87643333333333,0.4577377876276132,-63.4998,-62.4136,3
FiLM,reward,52,-62.24406666666667,0.5930762532948217,-63.0495,-61.6387,3
FiLM,reward,53,-62.279333333333334,1.0859872201007834,-63.1779,-60.7514,3
FiLM,reward,54,-61.5753,1.0446339103564777,-62.5417,-60.1244,3
FiLM,reward,55,-62.03706666666667,0.6535368662558798,-62.848,-61.2476,3
FiLM,reward,56,-62.3424,1.0703038727389527,-63.4967,-60.9173,3
FiLM,reward,57,-62.9583,1.4943250717297087,-64.7839,-61.1236,3
FiLM,reward,58,-61.16266666666667,1.5521134695060863,-63.161,-59.377,3
FiLM,reward,59,-62.36183333333333,0.4607843337421771,-62.9852,-61.8857,3
FiLM,reward,60,-62.21096666666667,0.6948892109937784,-62.8113,-61.237,3
FiLM,reward,61,-60.64456666666666,0.5451342729599322,-61.352,-60.0255,3
FiLM,reward,62,-61.1042,1.3705220392244726,-63.0035,-59.8199,3
FiLM,reward,63,-61.45336666666666,3.8585213630209307,-66.8079,-57.8656,3
FiLM,reward,64,-62.0864,1.9481306475696163,-64.2168,-59.5083,3
FiLM,reward,65,-61.36493333333333,2.0514750860999715,-63.6675,-58.6851,3
FiLM,reward,66,-60.065333333333335,0.8610700178008505,-61.1447,-59.0374,3
FiLM,reward,67,-59.24993333333333,1.1902488936726163,-60.9297,-58.3161,3
FiLM,reward,68,-58.279066666666665,1.2708523762507657,-60.0494,-57.1255,3
FiLM,reward,69,-59.18223333333333,2.3881371336020236,-62.4041,-56.6941,3
FiLM,reward,70,-61.61933333333334,1.1868970197770126,-62.5171,-59.9422,3
FiLM,reward,71,-61.206133333333334,3.1815408869847257,-65.6335,-58.2981,3
FiLM,reward,72,-60.047866666666664,1.8113917712325192,-61.9785,-57.6244,3
FiLM,reward,73,-60.60509999999999,2.0125614740093445,-62.3374,-57.7832,3
FiLM,reward,74,-61.070233333333334,1.3761766585564343,-63.0139,-60.0123,3
FiLM,reward,75,-60.686933333333336,1.458120672494414,-62.4055,-58.8407,3
FiLM,reward,76,-61.33116666666666,1.6713808110528097,-63.6943,-60.1052,3
FiLM,reward,77,-59.24126666666666,1.6587251376349932,-60.8006,-56.9439,3
FiLM,reward,78,-61.44793333333334,2.7239858557309407,-65.3002,-59.5084,3
FiLM,reward,79,-59.18796666666666,1.2107650923646947,-60.4104,-57.5384,3
FiLM,reward,80,-58.92123333333334,4.3892151654810565,-65.1097,-55.4087,3
FiLM,reward,81,-58.453966666666666,2.513191013211868,-61.8592,-55.8696,3
FiLM,reward,82,-57.11443333333333,1.7965342567164033,-59.4108,-55.0248,3
FiLM,reward,83,-61.48863333333333,2.563044206060877,-64.974,-58.884,3
FiLM,reward,84,-59.82286666666667,0.9856081382690693,-61.1935,-58.9181,3
FiLM,reward,85,-61.92306666666667,4.078542117254919,-65.4381,-56.2051,3
FiLM,reward,86,-59.36933333333334,2.0815058849037364,-62.0118,-56.9247,3
FiLM,reward,87,-57.16480000000001,1.5740419901218226,-58.7214,-55.0084,3
FiLM,reward,88,-57.160533333333326,1.9845779741687029,-59.8199,-55.0539,3
FiLM,reward,89,-58.7517,2.925941985070793,-62.8892,-56.6327,3
FiLM,reward,90,-58.5841,2.787728885670198,-62.204,-55.4216,3
FiLM,reward,91,-59.0642,1.9328962948556416,-60.5189,-56.3326,3
FiLM,reward,92,-56.612966666666665,2.9745161335734744,-59.8544,-52.6703,3
FiLM,reward,93,-58.367999999999995,2.2432193710528336,-60.0758,-55.1988,3
FiLM,reward,94,-54.788900000000005,4.431980921288658,-59.912,-49.1002,3
FiLM,reward,95,-56.06433333333334,2.1799642540392448,-58.0973,-53.0407,3
FiLM,reward,96,-56.464133333333336,0.9547184867220759,-57.7263,-55.4178,3
FiLM,reward,97,-54.244233333333334,1.6265581049839215,-56.3441,-52.381,3
FiLM,reward,98,-54.798966666666665,1.4965606799889162,-56.5496,-52.8936,3
FiLM,reward,99,-54.13183333333333,0.5500217834070052,-54.6701,-53.3764,3
FiLM,reward,100,-53.16653333333334,1.4190353444819068,-54.7101,-51.2841,3
FiLM,reward,101,-54.4296,0.3007626306574647,-54.7698,-54.0384,3
FiLM,reward,102,-52.85913333333334,2.3742518910642594,-56.0922,-50.4577,3
FiLM,reward,103,-56.50613333333333,2.8494111372157023,-60.2949,-53.4232,3
FiLM,reward,104,-55.215,2.3484865381772972,-58.5134,-53.2289,3
FiLM,reward,105,-53.92616666666667,2.7344363640225553,-57.4444,-50.777,3
FiLM,reward,106,-53.41826666666666,3.606202067118381,-57.2168,-48.5719,3
FiLM,reward,107,-52.41329999999999,2.933600621534341,-56.1188,-48.9447,3
FiLM,reward,108,-52.4501,2.9640202563410387,-56.4739,-49.4209,3
FiLM,reward,109,-54.13373333333333,2.651493737918727,-57.5387,-51.071,3
FiLM,reward,110,-53.45863333333333,3.9529532625058375,-58.7307,-49.2124,3
FiLM,reward,111,-52.96033333333333,2.1758665466633937,-55.7684,-50.4665,3
FiLM,reward,112,-52.692933333333336,2.9444477403335862,-56.256,-49.0451,3
FiLM,reward,113,-51.17223333333333,3.4105716278783653,-54.9295,-46.6744,3
FiLM,reward,114,-52.59563333333333,3.727084546338538,-57.4043,-48.322,3
FiLM,reward,115,-51.45973333333333,1.926094325023801,-53.2691,-48.7917,3
FiLM,reward,116,-49.750400000000006,3.2313908594700607,-53.1243,-45.3941,3
FiLM,reward,117,-49.38203333333333,1.0783464017755235,-50.1836,-47.8577,3
FiLM,reward,118,-48.6231,3.2433555412052315,-52.2036,-44.3501,3
FiLM,reward,119,-48.85706666666667,2.2544905268276385,-51.4461,-45.9511,3
FiLM,reward,120,-49.59383333333333,1.9583270995645463,-51.1926,-46.836,3
FiLM,reward,121,-45.9794,1.1227009307914542,-46.9481,-44.4056,3
FiLM,reward,122,-45.69246666666667,0.5349484357289855,-46.0998,-44.9367,3
FiLM,reward,123,-46.08623333333333,1.924331998960217,-48.755,-44.2905,3
FiLM,reward,124,-44.995866666666664,1.537088495247499,-46.6471,-42.9459,3
FiLM,reward,125,-47.453333333333326,1.6440728052275815,-49.3015,-45.3075,3
FiLM,reward,126,-46.17283333333333,1.5249693993286855,-47.5958,-44.0579,3
FiLM,reward,127,-46.6615,0.3587385677620946,-47.1645,-46.3527,3
FiLM,reward,128,-49.5174,5.835918380169483,-57.7293,-44.697,3
FiLM,reward,129,-46.84676666666667,3.9159751551249102,-52.3234,-43.3963,3
FiLM,reward,130,-47.016799999999996,1.312701948907926,-48.8589,-45.8963,3
FiLM,reward,131,-46.746900000000004,2.3283303259345876,-49.3729,-43.7135,3
FiLM,reward,132,-47.95986666666666,1.4305444705503623,-49.294,-45.9757,3
FiLM,reward,133,-48.77086666666667,2.4654018865536362,-51.5266,-45.5432,3
FiLM,reward,134,-46.71233333333333,1.3573306065787933,-48.1291,-44.8823,3
FiLM,reward,135,-46.59173333333333,1.9560319294144684,-49.3557,-45.1125,3
FiLM,reward,136,-46.1249,2.3928063690988455,-48.6485,-42.9107,3
FiLM,reward,137,-43.752833333333335,2.695783438796391,-46.9542,-40.3593,3
FiLM,reward,138,-44.4074,2.1384549702998195,-47.4097,-42.5914,3
FiLM,reward,139,-45.5431,3.847953141606588,-50.6405,-41.3444,3
FiLM,reward,140,-43.52373333333333,3.3911176931638476,-48.316,-40.969,3
FiLM,reward,141,-46.23393333333333,3.6121027138711823,-50.3429,-41.5511,3
FiLM,reward,142,-46.6062,3.647940406128733,-49.8277,-41.5058,3
FiLM,reward,143,-46.40273333333334,4.689643796944734,-52.4258,-40.9868,3
FiLM,reward,144,-41.0582,3.049118892401541,-45.3313,-38.4205,3
FiLM,reward,145,-40.92253333333333,3.812943361178549,-46.0686,-36.9544,3
FiLM,reward,146,-38.688766666666666,3.7440655490463257,-43.0893,-33.9383,3
FiLM,reward,147,-42.2986,4.422757036811616,-47.7505,-36.9177,3
FiLM,reward,148,-43.41446666666667,4.4955999231347175,-49.766,-39.9955,3
FiLM,reward,149,-43.1235,3.7030399871817026,-47.2821,-38.2877,3
FiLM,reward,150,-45.78276666666667,5.878596044030315,-53.4381,-39.1473,3
FiLM,reward,151,-42.73113333333333,5.714906930903503,-48.1393,-34.8257,3
FiLM,reward,152,-41.189766666666664,4.913001134631346,-46.0824,-34.4711,3
FiLM,reward,153,-42.799299999999995,4.793935761633301,-48.5746,-36.8364,3
FiLM,reward,154,-42.082300000000004,4.992359578395771,-48.1801,-35.9515,3
FiLM,reward,155,-40.84823333333333,4.168133816096704,-45.721,-35.5392,3
FiLM,reward,156,-41.212466666666664,2.210081115152915,-43.3831,-38.1796,3
FiLM,reward,157,-38.309,4.89251752236685,-42.6804,-31.4786,3
FiLM,reward,158,-36.347166666666666,3.0335293705883615,-40.2001,-32.7868,3
FiLM,reward,159,-36.53973333333334,2.9198194571278258,-39.453,-32.5488,3
FiLM,reward,160,-37.04843333333333,3.334340790754432,-41.7577,-34.4844,3
FiLM,reward,161,-35.9912,3.9379856026484745,-41.4063,-32.1571,3
FiLM,reward,162,-36.7617,4.736168506996629,-43.2654,-32.123,3
FiLM,reward,163,-36.6458,4.919935147946566,-43.4056,-31.8385,3
FiLM,reward,164,-35.6544,5.62238248669251,-43.4364,-30.3502,3
FiLM,reward,165,-36.639833333333335,6.999739468643734,-46.4721,-30.729,3
FiLM,reward,166,-35.284333333333336,5.4610710386231816,-42.653,-29.597,3
FiLM,reward,167,-36.31356666666667,6.525651704534106,-45.5417,-31.6137,3
FiLM,reward,168,-36.104933333333335,6.885854657355339,-45.4497,-29.06,3
FiLM,reward,169,-37.404599999999995,7.396797972546408,-47.5154,-30.0259,3
FiLM,reward,170,-35.4225,5.36252505883811,-42.3855,-29.3386,3
FiLM,reward,171,-34.475766666666665,7.118703082412945,-44.2364,-27.4597,3
FiLM,reward,172,-34.2339,7.28359743853727,-44.2228,-27.0617,3
FiLM,reward,173,-36.02673333333333,8.19386915945222,-47.613,-30.0661,3
FiLM,reward,174,-35.59206666666667,10.376545349756611,-49.3484,-24.2888,3
FiLM,reward,175,-35.56453333333334,9.592885864824805,-48.5124,-25.5835,3
FiLM,reward,176,-31.803633333333337,5.167590309698409,-38.9849,-27.0391,3
FiLM,reward,177,-30.194433333333336,7.430664181320238,-39.9435,-21.923,3
FiLM,reward,178,-30.779866666666667,8.182363606902078,-42.1908,-23.4102,3
FiLM,reward,179,-32.59956666666667,7.237565926162992,-42.7943,-26.7122,3
FiLM,reward,180,-28.58796666666667,11.257773105528269,-43.4864,-16.2773,3
FiLM,reward,181,-30.47916666666666,10.195560564720749,-43.5074,-18.615,3
FiLM,reward,182,-31.301733333333335,10.549268194629533,-44.2321,-18.3918,3
FiLM,reward,183,-33.428333333333335,13.50162003547064,-49.8162,-16.748,3
FiLM,reward,184,-30.002533333333332,11.04668442334119,-44.1939,-17.2502,3
FiLM,reward,185,-28.587733333333333,10.356909991026388,-40.8109,-15.4873,3
FiLM,reward,186,-27.391466666666663,12.539008617200254,-42.6524,-11.94,3
FiLM,reward,187,-26.275666666666666,12.890755492298434,-42.2335,-10.6634,3
FiLM,reward,188,-23.9303,13.736965737988381,-42.2926,-9.2559,3
FiLM,reward,189,-23.4731,12.039998393964455,-39.1048,-9.8109,3
FiLM,reward,190,-23.486733333333333,13.294889219629557,-40.9293,-8.6869,3
FiLM,reward,191,-23.005733333333335,12.329449376549178,-38.8314,-8.7538,3
FiLM,reward,192,-22.024133333333335,12.881095561670554,-39.0436,-7.8897,3
FiLM,reward,193,-20.463033333333332,12.945749987115033,-38.1791,-7.6057,3
FiLM,reward,194,-20.1917,12.971572297142703,-38.1715,-8.0494,3
FiLM,reward,195,-20.317033333333335,12.226400677586554,-36.8541,-7.6757,3
FiLM,reward,196,-21.031499999999998,15.27088409315802,-42.2423,-6.9081,3
FiLM,reward,197,-19.314,13.792058712897068,-38.5746,-7.0185,3
FiLM,reward,198,-18.303733333333334,13.555384326614359,-37.3277,-6.745,3
FiLM,reward,199,-18.31816666666667,13.657028873888429,-37.4639,-6.5425,3
FiLM,reward,200,-17.32793333333333,13.052696317193965,-35.6463,-6.1971,3
FiLM,reward,201,-18.1439,14.213233328369258,-38.1425,-6.3936,3
FiLM,reward,202,-16.883200000000002,12.765093479746502,-34.8354,-6.2608,3
FiLM,reward,203,-17.159933333333335,12.671631550128904,-34.9412,-6.3392,3
FiLM,reward,204,-15.807900000000002,12.329154275402132,-33.2141,-6.2215,3
FiLM,reward,205,-15.727100000000002,12.607048949165968,-33.5215,-5.8676,3
FiLM,reward,206,-15.758466666666665,12.832745589917831,-33.8807,-5.8562,3
FiLM,reward,207,-16.90426666666667,14.871224675489538,-37.9209,-5.7208,3
FiLM,reward,208,-16.558466666666664,14.357731096598174,-36.8304,-5.4209,3
FiLM,reward,209,-16.254133333333336,14.120920835491651,-36.1931,-5.3209,3
FiLM,reward,210,-16.022633333333335,13.755488762510607,-35.4502,-5.4443,3
FiLM,reward,211,-13.8349,11.201588532287136,-29.6416,-5.0235,3
FiLM,reward,212,-15.19783333333333,13.347156413591957,-34.0481,-4.9239,3
FiLM,reward,213,-14.390466666666669,12.387519940201466,-31.8912,-4.9551,3
FiLM,reward,214,-14.111966666666667,12.241746178366695,-31.3987,-4.6518,3
FiLM,reward,215,-12.9662,10.752251084617892,-28.1478,-4.63,3
FiLM,reward,216,-12.089166666666666,9.58984185908309,-25.618,-4.5028,3
FiLM,reward,217,-12.4917,10.526880672196615,-27.3619,-4.4396,3
FiLM,reward,218,-11.285866666666665,8.842027885552548,-23.7658,-4.3672,3
FiLM,reward,219,-11.415233333333333,9.306086615519735,-24.55,-4.1314,3
FiLM,reward,220,-12.623066666666666,11.044770713278249,-28.2223,-4.1318,3
FiLM,reward,221,-12.8182,11.357890227796123,-28.8614,-4.1152,3
FiLM,reward,222,-9.948233333333333,7.689830485488972,-20.797,-3.8693,3
FiLM,reward,223,-12.321,11.411307783364126,-28.4465,-3.7077,3
FiLM,reward,224,-11.745433333333333,10.6290122652839,-26.7604,-3.624,3
FiLM,reward,225,-10.744166666666667,9.225267235996775,-23.7724,-3.6324,3
FiLM,reward,226,-11.290433333333333,10.17990606188922,-25.6735,-3.5592,3
FiLM,reward,227,-10.023533333333333,8.58625364029945,-22.1525,-3.4573,3
FiLM,reward,228,-9.629,8.104922890441339,-21.0708,-3.3177,3
FiLM,reward,229,-11.2904,10.723917448395433,-26.446,-3.2284,3
FiLM,reward,230,-9.416133333333333,8.080573731418388,-20.8289,-3.2047,3
FiLM,reward,231,-8.442633333333333,6.740483131217096,-17.9586,-3.1989,3
FiLM,reward,232,-10.0304,8.914269668720296,-22.6299,-3.3622,3
FiLM,reward,233,-8.384466666666667,6.761314272799007,-17.9293,-3.1169,3
FiLM,reward,234,-8.066766666666666,6.482328606981359,-17.2179,-3.0185,3
FiLM,reward,235,-8.858199999999998,7.921931326808297,-20.0554,-2.9394,3
FiLM,reward,236,-8.613333333333332,7.531208862829097,-19.2537,-2.8862,3
FiLM,reward,237,-9.521933333333335,8.968916767121634,-22.1977,-2.7892,3
FiLM,reward,238,-7.503000000000001,6.171029593727993,-16.2173,-2.7358,3
FiLM,reward,239,-8.806233333333333,8.1601191749195,-20.3402,-2.7121,3
FiLM,reward,240,-10.883766666666666,11.261644245352846,-26.8062,-2.6159,3
FiLM,reward,241,-9.4389,9.256176045214353,-22.5252,-2.6187,3
FiLM,reward,242,-8.867533333333334,8.455950124944893,-20.8194,-2.5462,3
FiLM,reward,243,-9.603233333333334,9.638568760050541,-23.2301,-2.4993,3
FiLM,reward,244,-6.0037666666666665,4.6323311311788675,-12.5497,-2.5054,3
FiLM,reward,245,-7.1447,6.342855319701583,-16.1112,-2.4398,3
FiLM,reward,246,-8.688633333333334,8.466844931981583,-20.6601,-2.4927,3
FiLM,reward,247,-6.713699999999999,5.867873702344544,-15.0071,-2.3169,3
FiLM,reward,248,-5.756766666666667,4.5510085434134515,-12.1906,-2.392,3
FiLM,reward,249,-5.2931,3.8685715822079167,-10.7572,-2.3234,3
FiLM,queue,0,16.909033333333333,0.26194226251005953,16.6509,17.2682,3
FiLM,queue,1,16.4854,0.0361106632450863,16.4443,16.5322,3
FiLM,queue,2,16.385733333333334,0.21529591006075488,16.1054,16.6288,3
FiLM,queue,3,16.786,0.22967112719422625,16.4948,17.0562,3
FiLM,queue,4,16.46806666666667,0.16191784610996057,16.2484,16.6339,3
FiLM,queue,5,16.360366666666668,0.2866610348283991,15.9577,16.6024,3
FiLM,queue,6,16.658733333333334,0.3911548826516449,16.1068,16.9668,3
FiLM,queue,7,16.594433333333335,0.03001958619893988,16.552,16.6168,3
FiLM,queue,8,16.629,0.3148079202730874,16.1848,16.877,3
FiLM,queue,9,16.639033333333334,0.03866922405335891,16.5971,16.6904,3
FiLM,queue,10,16.61923333333333,0.43625406461016425,16.0205,17.0475,3
FiLM,queue,11,15.9565,0.16561141265021545,15.7306,16.123,3
FiLM,queue,12,16.502333333333333,0.19054520606815473,16.2484,16.7074,3
FiLM,queue,13,16.20783333333333,0.16566024132408957,16.0175,16.4213,3
FiLM,queue,14,15.964333333333334,0.17077996239476026,15.831,16.2054,3
FiLM,queue,15,16.0761,0.2927548576312047,15.7666,16.469,3
FiLM,queue,16,16.517766666666667,0.06678709123442537,16.4263,16.5839,3
FiLM,queue,17,16.088166666666666,0.2814439119177306,15.7681,16.4531,3
FiLM,queue,18,16.0111,0.3262095134521176,15.5498,16.2463,3
FiLM,queue,19,16.1022,0.5452879850745531,15.4878,16.813,3
FiLM,queue,20,16.1481,0.46745265000853287,15.6245,16.7594,3
FiLM,queue,21,16.126666666666665,0.6340982065544382,15.6011,17.0187,3
FiLM,queue,22,15.9518,0.7874550399864109,14.9998,16.9282,3
FiLM,queue,23,15.742266666666666,0.5044771044248583,15.0291,16.1159,3
FiLM,queue,24,15.881266666666667,0.4981904745063764,15.5251,16.5858,3
FiLM,queue,25,15.781600000000003,0.3618369061699859,15.2998,16.1718,3
FiLM,queue,26,15.751800000000001,0.3505334601242322,15.2874,16.1342,3
FiLM,queue,27,15.2108,0.22323200188742356,14.9031,15.4258,3
FiLM,queue,28,15.918166666666666,0.2254333653703959,15.6704,16.2158,3
FiLM,queue,29,15.389566666666667,0.36758366243467416,14.9692,15.8646,3
FiLM,queue,30,15.815066666666667,0.30100535248101906,15.4644,16.1994,3
FiLM,queue,31,15.696933333333334,0.40754452790121326,15.213,16.21,3
FiLM,queue,32,15.536299999999999,0.17967119969544337,15.3167,15.7568,3
FiLM,queue,33,15.888466666666666,0.3848836563026403,15.5422,16.4253,3
FiLM,queue,34,15.631300000000001,0.27800627091248664,15.308,15.9867,3
FiLM,queue,35,15.747766666666665,0.4262199849321417,15.1697,16.1847,3
FiLM,queue,36,15.201333333333332,0.5584405807444718,14.7267,15.9853,3
FiLM,queue,37,15.251600000000002,0.16103057680660124,15.0734,15.4635,3
FiLM,queue,38,15.778599999999999,0.21075755423392759,15.5094,16.024,3
FiLM,queue,39,15.330033333333333,0.15180584822580315,15.119,15.4697,3
FiLM,queue,40,15.466500000000002,0.24162882002498476,15.2929,15.8082,3
FiLM,queue,41,15.243266666666665,0.6058912682065061,14.4122,15.8395,3
FiLM,queue,42,15.493633333333333,0.6699102891847201,14.6613,16.3017,3
FiLM,queue,43,15.576133333333331,0.6223209907720891,14.7063,16.1271,3
FiLM,queue,44,15.165300000000002,0.7865789767510107,14.2104,16.1369,3
FiLM,queue,45,15.083466666666666,0.5033002704372631,14.4193,15.6372,3
FiLM,queue,46,15.216133333333334,0.44638294720514915,14.7634,15.8235,3
FiLM,queue,47,14.8908,0.21615532995201983,14.6888,15.1905,3
FiLM,queue,48,15.447933333333333,0.5396226850515287,14.8267,16.1424,3
FiLM,queue,49,15.510633333333333,0.11794298999469542,15.356,15.6421,3
FiLM,queue,50,15.370466666666667,0.272804720552185,15.0778,15.7345,3
FiLM,queue,51,15.728066666666669,0.11455922291791107,15.6139,15.8847,3
FiLM,queue,52,15.568433333333333,0.1474905044024492,15.4183,15.7689,3
FiLM,queue,53,15.576999999999998,0.2726555458204846,15.1933,15.8019,3
FiLM,queue,54,15.402,0.2601708797438073,15.0407,15.6429,3
FiLM,queue,55,15.5197,0.16626522987885006,15.3182,15.7254,3
FiLM,queue,56,15.595733333333333,0.2709465055853073,15.235,15.888,3
FiLM,queue,57,15.748933333333333,0.3757175741904487,15.2872,16.2075,3
FiLM,queue,58,15.297733333333333,0.3906140664247631,14.8487,15.8009,3
FiLM,queue,59,15.6006,0.1155957611679597,15.4834,15.7579,3
FiLM,queue,60,15.563766666666666,0.17333455768798323,15.3207,15.7128,3
FiLM,queue,61,15.169400000000001,0.1357309348183634,15.0155,15.3457,3
FiLM,queue,62,15.285366666666667,0.3427095206666357,14.9669,15.761,3
FiLM,queue,63,15.373,0.9681683772292228,14.4726,16.7165,3
FiLM,queue,64,15.530466666666667,0.4885260711796481,14.8843,16.0653,3
FiLM,queue,65,15.349933333333333,0.5149596122243203,14.6785,15.9299,3
FiLM,queue,66,15.023600000000002,0.2175048964966079,14.7623,15.2948,3
FiLM,queue,67,14.820133333333333,0.3000232694679238,14.5868,15.2437,3
FiLM,queue,68,14.577833333333333,0.31834960167854565,14.2902,15.0216,3
FiLM,queue,69,14.8053,0.5990297655375731,14.1786,15.6123,3
FiLM,queue,70,15.415766666666665,0.29961753768577837,14.9924,15.6425,3
FiLM,queue,71,15.312933333333334,0.7971071418294752,14.5862,16.4226,3
FiLM,queue,72,15.020433333333335,0.4565602138698566,14.4086,15.505,3
FiLM,queue,73,15.160166666666667,0.5054700870366996,14.4517,15.5969,3
FiLM,queue,74,15.277033333333334,0.34621543710367525,15.0123,15.7661,3
FiLM,queue,75,15.179933333333333,0.3652831991148178,14.7181,15.6113,3
FiLM,queue,76,15.342066666666668,0.4193854975503512,15.0334,15.935,3
FiLM,queue,77,14.816833333333333,0.4179049120979019,14.2383,15.2107,3
FiLM,queue,78,15.371699999999999,0.680734402440971,14.888,16.3344,3
FiLM,queue,79,14.804666666666668,0.303859971404958,14.3907,15.1115,3
FiLM,queue,80,14.7371,1.0992671862048216,13.8565,16.2869,3
FiLM,queue,81,14.6239,0.6290008638043889,13.9767,15.476,3
FiLM,queue,82,14.284666666666666,0.4492343585355964,13.7611,14.8581,3
FiLM,queue,83,15.382566666666667,0.6441100596085191,14.7281,16.2585,3
FiLM,queue,84,14.965800000000002,0.2484460102315993,14.7369,15.3111,3
FiLM,queue,85,15.493233333333334,1.0234049062918467,14.0586,16.3761,3
FiLM,queue,86,14.851166666666666,0.5226680931102984,14.2372,15.5146,3
FiLM,queue,87,14.298499999999999,0.3950688631956043,13.7579,14.691,3
FiLM,queue,88,14.297433333333332,0.49792403927596085,13.7698,14.9651,3
FiLM,queue,89,14.6958,0.7360683709185347,14.1597,15.7366,3
FiLM,queue,90,14.6552,0.6979272789242917,13.8641,15.5619,3
FiLM,queue,91,14.774166666666666,0.48577720773576427,14.0876,15.1384,3
FiLM,queue,92,14.160933333333332,0.7464579485067385,13.1723,14.9758,3
FiLM,queue,93,14.601933333333333,0.5638935498439004,13.8053,15.0318,3
FiLM,queue,94,13.7007,1.1149483575484564,12.2693,14.9891,3
FiLM,queue,95,14.023199999999997,0.545766073209637,13.2662,14.5321,3
FiLM,queue,96,14.124733333333333,0.2392238328892469,13.8631,14.4413,3
FiLM,queue,97,13.563733333333332,0.40837356536495956,13.0946,14.09,3
FiLM,queue,98,13.7057,0.3736900587385219,13.231,14.1442,3
FiLM,queue,99,13.536733333333336,0.13824240384998415,13.3465,13.6709,3
FiLM,queue,100,13.295466666666668,0.3563817647161856,12.8212,13.6803,3
FiLM,queue,101,13.611500000000001,0.0763417317068459,13.5123,13.698,3
FiLM,queue,102,13.216099999999999,0.5975453511380258,12.612,14.0299,3
FiLM,queue,103,14.132866666666667,0.7147339100827816,13.3597,15.0833,3
FiLM,queue,104,13.807333333333332,0.5912104325496599,13.3089,14.6379,3
FiLM,queue,105,13.485066666666667,0.6868943942767973,12.6935,14.3685,3
FiLM,queue,106,13.357533333333334,0.9055844313051223,12.1407,14.3118,3
FiLM,queue,107,13.106466666666668,0.7374316073749181,12.2339,14.0374,3
FiLM,queue,108,13.116133333333332,0.7453681521384058,12.3551,14.1283,3
FiLM,queue,109,13.538566666666668,0.6648198770260174,12.7698,14.3917,3
FiLM,queue,110,13.366099999999998,0.9934790183994832,12.2989,14.6911,3
FiLM,queue,111,13.243366666666667,0.5478775126694734,12.6141,13.9495,3
FiLM,queue,112,13.176266666666665,0.7394695951979516,12.2583,14.0691,3
FiLM,queue,113,12.793233333333333,0.8551213260246892,11.6646,13.7337,3
FiLM,queue,114,13.151199999999998,0.937547623679281,12.075,14.36,3
FiLM,queue,115,12.864966666666668,0.48448136760411703,12.1943,13.3217,3
FiLM,queue,116,12.435333333333332,0.8138016192878674,11.3384,13.2854,3
FiLM,queue,117,12.345266666666667,0.27059933891682436,11.9628,12.5477,3
FiLM,queue,118,12.152466666666667,0.8174055800043346,11.0763,13.0561,3
FiLM,queue,119,12.210733333333332,0.5665432041973696,11.4787,12.8588,3
FiLM,queue,120,12.393933333333331,0.49497421032705224,11.6968,12.7973,3
FiLM,queue,121,11.486033333333333,0.28231736672680174,11.0896,11.7253,3
FiLM,queue,122,11.4141,0.13390317397283727,11.2249,11.5156,3
FiLM,queue,123,11.5101,0.48418709882303396,11.0579,12.1815,3
FiLM,queue,124,11.238633333333333,0.387462723655092,10.7218,11.6547,3
FiLM,queue,125,11.857566666666665,0.4127411322151237,11.3182,12.3205,3
FiLM,queue,126,11.5361,0.3840790803988159,11.0031,11.8932,3
FiLM,queue,127,11.6577,0.09175732486655612,11.5803,11.7866,3
FiLM,queue,128,12.374233333333335,1.4644517206866952,11.167,14.4352,3
FiLM,queue,129,11.705166666666669,0.9844490246946366,10.8328,13.081,3
FiLM,queue,130,11.745533333333332,0.3320697751310037,11.4613,12.2114,3
FiLM,queue,131,11.680133333333332,0.5864683073752195,10.9166,12.3424,3
FiLM,queue,132,11.982899999999999,0.3591103544408969,11.4841,12.315,3
FiLM,queue,133,12.189066666666667,0.6197095520394124,11.3784,12.8828,3
FiLM,queue,134,11.671933333333333,0.34336917288668906,11.2091,12.0306,3
FiLM,queue,135,11.639866666666668,0.49280157828030097,11.2668,12.3362,3
FiLM,queue,136,11.5246,0.601637083298561,10.7154,12.1569,3
FiLM,queue,137,10.9262,0.6764912859749189,10.0754,11.7305,3
FiLM,queue,138,11.091099999999999,0.5379021162504073,10.6337,11.8462,3
FiLM,queue,139,11.377366666666667,0.9690963809423477,10.3217,12.6621,3
FiLM,queue,140,10.8683,0.8534161274938898,10.2269,12.0744,3
FiLM,queue,141,11.549933333333334,0.9079587227524293,10.3715,12.5808,3
FiLM,queue,142,11.644533333333333,0.9168425613060411,10.3627,12.4545,3
FiLM,queue,143,11.592833333333333,1.1819883652369663,10.2271,13.1104,3
FiLM,queue,144,10.2505,0.7662060079813175,9.5902,11.3247,3
FiLM,queue,145,10.216433333333333,0.9595966039030271,9.215,11.5103,3
FiLM,queue,146,9.6515,0.943929022755419,8.4535,10.7605,3
FiLM,queue,147,10.5615,1.110372697190753,9.2098,11.9295,3
FiLM,queue,148,10.844699999999998,1.1273687092813365,9.9916,12.4377,3
FiLM,queue,149,10.771799999999999,0.9301000842203306,9.5578,11.8173,3
FiLM,queue,150,11.4397,1.4773789561246633,9.7718,13.3634,3
FiLM,queue,151,10.672366666666667,1.4372314226394511,8.6842,12.0323,3
FiLM,queue,152,10.284500000000001,1.2354621996106017,8.5951,11.5152,3
FiLM,queue,153,10.691133333333335,1.202967891877788,9.1966,12.1423,3
FiLM,queue,154,10.509866666666667,1.255051399567187,8.9685,12.0427,3
FiLM,queue,155,10.197933333333333,1.04582556331775,8.8658,11.4205,3
FiLM,queue,156,10.289133333333332,0.555257299716887,9.5267,10.8331,3
FiLM,queue,157,9.560833333333333,1.2305641100279532,7.8425,10.6586,3
FiLM,queue,158,9.067300000000001,0.7610742539332152,8.175,10.0347,3
FiLM,queue,159,9.1147,0.7306375891416123,8.1168,9.8458,3
FiLM,queue,160,9.2422,0.8366875442282299,8.6005,10.424,3
FiLM,queue,161,8.978633333333333,0.9928090294154706,8.0079,10.3425,3
FiLM,queue,162,9.170333333333334,1.1902553712917614,8.0022,10.804,3
FiLM,queue,163,9.142033333333332,1.2384015889668243,7.9282,10.8423,3
FiLM,queue,164,8.892366666666668,1.4130559279644797,7.5557,10.8472,3
FiLM,queue,165,9.139066666666666,1.7586520014551548,7.6514,11.609,3
FiLM,queue,166,8.799900000000001,1.3733462952462743,7.3686,10.6525,3
FiLM,queue,167,9.059666666666667,1.638164628139947,7.8763,11.3762,3
FiLM,queue,168,9.008266666666668,1.728896492628238,7.2403,11.3549,3
FiLM,queue,169,9.331866666666667,1.8567508436932392,7.4833,11.8712,3
FiLM,queue,170,8.831466666666666,1.3460628522555034,7.3071,10.5811,3
FiLM,queue,171,8.597133333333334,1.7885757692147743,6.8373,11.0505,3
FiLM,queue,172,8.536333333333333,1.831608383058149,6.7329,11.0483,3
FiLM,queue,173,8.983533333333334,2.060883878878726,7.4866,11.8977,3
FiLM,queue,174,8.876866666666666,2.6083821631212114,6.0351,12.3346,3
FiLM,queue,175,8.8717,2.412738312927174,6.3612,12.1282,3
FiLM,queue,176,7.921766666666666,1.2977910369375938,6.7249,9.7252,3
FiLM,queue,177,7.5201666666666656,1.8682264608148786,5.4381,9.9698,3
FiLM,queue,178,7.667533333333334,2.058054079842305,5.8146,10.5378,3
FiLM,queue,179,8.122200000000001,1.8168393453100544,6.6418,10.6811,3
FiLM,queue,180,7.115166666666667,2.8324560065231172,4.0194,10.8645,3
FiLM,queue,181,7.5914,2.5644734469282384,4.6066,10.8679,3
FiLM,queue,182,7.7994666666666665,2.653002714326207,4.552,11.0505,3
FiLM,queue,183,8.3315,3.3965182918198256,4.1325,12.4511,3
FiLM,queue,184,7.471266666666666,2.7806222281272865,4.2593,11.042,3
FiLM,queue,185,7.115066666666666,2.6054523757348207,3.8187,10.1891,3
FiLM,queue,186,6.811566666666667,3.155648768302469,2.9234,10.6527,3
FiLM,queue,187,6.531366666666667,3.243433150570892,2.6004,10.5439,3
FiLM,queue,188,5.940233333333334,3.459580963385916,2.2418,10.5633,3
FiLM,queue,189,5.826233333333334,3.029706872876575,2.3851,9.7576,3
FiLM,queue,190,5.830066666666666,3.3444248636931415,2.1025,10.2151,3
FiLM,queue,191,5.7070333333333325,3.107047228836765,2.1115,9.6922,3
FiLM,queue,192,5.4631333333333325,3.242767665984653,1.9011,9.7456,3
FiLM,queue,193,5.066733333333333,3.2584936277706946,1.8304,9.5259,3
FiLM,queue,194,4.9975,3.2666881587728365,1.9418,9.526,3
FiLM,queue,195,5.030033333333333,3.07939294270081,1.8442,9.1943,3
FiLM,queue,196,5.2106,3.843234966361889,1.656,10.5487,3
FiLM,queue,197,4.776666666666666,3.4727185367598623,1.6802,9.6262,3
FiLM,queue,198,4.521999999999999,3.416577206308481,1.6099,9.3171,3
FiLM,queue,199,4.5279,3.4395750347971763,1.5632,9.35,3
FiLM,queue,200,4.2804,3.284723627136181,1.4778,8.89,3
FiLM,queue,201,4.4855,3.5788264361379696,1.528,9.5212,3
FiLM,queue,202,4.166799999999999,3.215214086184619,1.4919,8.6886,3
FiLM,queue,203,4.237866666666667,3.191467004720905,1.5181,8.7171,3
FiLM,queue,204,3.899566666666667,3.105984559237574,1.4864,8.2847,3
FiLM,queue,205,3.875933333333333,3.173466791311287,1.3972,8.3554,3
FiLM,queue,206,3.8850999999999996,3.2302989211526536,1.3927,8.4469,3
FiLM,queue,207,4.1744,3.7445283850795774,1.3602,9.4664,3
FiLM,queue,208,4.0874999999999995,3.614093082180738,1.2884,9.1906,3
FiLM,queue,209,4.0129,3.5555953622424474,1.2621,9.0336,3
FiLM,queue,210,3.954866666666667,3.464468001808583,1.2921,8.848,3
FiLM,queue,211,3.4021333333333335,2.8198634498066664,1.183,7.3812,3
FiLM,queue,212,3.7473333333333336,3.359449871961513,1.1646,8.4921,3
FiLM,queue,213,3.5433,3.118117675778129,1.1723,7.9487,3
FiLM,queue,214,3.4760333333333335,3.077756544772326,1.098,7.8222,3
FiLM,queue,215,3.1866333333333334,2.7033704904967966,1.0915,7.0037,3
FiLM,queue,216,2.9667333333333334,2.4134213298874183,1.0592,6.3716,3
FiLM,queue,217,3.0668666666666664,2.6468174176210613,1.0433,6.8058,3
FiLM,queue,218,2.7655666666666665,2.222790115048102,1.0278,5.903,3
FiLM,queue,219,2.798333333333334,2.340274401764792,0.9688,6.1016,3
FiLM,queue,220,3.0999999999999996,2.774500704631375,0.9702,7.0188,3
FiLM,queue,221,3.1500999999999997,2.8536835295222676,0.9674,7.1812,3
FiLM,queue,222,2.4323333333333337,1.9283501001863976,0.9111,5.1531,3
FiLM,queue,223,3.026666666666666,2.8657842316235573,0.8646,7.0764,3
FiLM,queue,224,2.8816333333333333,2.666135012001872,0.8477,6.6481,3
FiLM,queue,225,2.6306666666666665,2.3152210842355614,0.8507,5.9006,3
FiLM,queue,226,2.7698666666666667,2.5560754035999973,0.8303,6.3814,3
FiLM,queue,227,2.4508,2.1552482563887314,0.806,5.4955,3
FiLM,queue,228,2.3533666666666666,2.035358979530529,0.7698,5.2268,3
FiLM,queue,229,2.771466666666667,2.691273089491704,0.7479,6.5749,3
FiLM,queue,230,2.3004,2.025339383905818,0.7447,5.161,3
FiLM,queue,231,2.052233333333333,1.6894794076545854,0.7411,4.4376,3
FiLM,queue,232,2.4530999999999996,2.2360471506656565,0.7818,5.6136,3
FiLM,queue,233,2.0387333333333335,1.6922308162764192,0.7186,4.4275,3
FiLM,queue,234,1.9581,1.6202010142777552,0.6971,4.2454,3
FiLM,queue,235,2.1598333333333333,1.9879068796657005,0.6739,4.9696,3
FiLM,queue,236,2.0974666666666666,1.8867790372896227,0.6612,4.7631,3
FiLM,queue,237,2.3287,2.2488921598570855,0.6415,5.5071,3
FiLM,queue,238,1.8187666666666666,1.5436236616769285,0.6253,3.9985,3
FiLM,queue,239,2.148066666666667,2.045964346925158,0.6215,5.04,3
FiLM,queue,240,2.6697333333333333,2.8225687547968703,0.599,6.6605,3
FiLM,queue,241,2.3086333333333333,2.3222358828412664,0.5979,5.5918,3
FiLM,queue,242,2.1633333333333336,2.123668174540353,0.5762,5.165,3
FiLM,queue,243,2.3508333333333336,2.4193877150129444,0.5667,5.7713,3
FiLM,queue,244,1.4390666666666665,1.1533973248143456,0.5674,3.0689,3
FiLM,queue,245,1.7285666666666668,1.5874310070747082,0.5505,3.9726,3
FiLM,queue,246,2.1178,2.124194653666812,0.5656,5.1213,3
FiLM,queue,247,1.6203000000000003,1.466345855065123,0.5223,3.6928,3
FiLM,queue,248,1.3789666666666667,1.137197362915612,0.5369,2.9866,3
FiLM,queue,249,1.2608000000000001,0.9591783045920086,0.5249,2.6156,3
FiLM,delay,0,0.13296666666666668,0.0009843215373488872,0.1317,0.1341,3
FiLM,delay,1,0.1309,0.0010033277962194906,0.1295,0.1318,3
FiLM,delay,2,0.13263333333333335,0.0009463379711052358,0.1314,0.1337,3
FiLM,delay,3,0.13173333333333334,0.0013224556283251562,0.1307,0.1336,3
FiLM,delay,4,0.13273333333333334,0.001065624490876388,0.1317,0.1342,3
FiLM,delay,5,0.13233333333333333,0.001532608524343024,0.1303,0.134,3
FiLM,delay,6,0.132,0.0015121728296285043,0.1301,0.1338,3
FiLM,delay,7,0.1322,0.000294392028877597,0.1318,0.1325,3
FiLM,delay,8,0.132,0.0010033277962194906,0.1311,0.1334,3
FiLM,delay,9,0.1308666666666667,0.0011897712198383177,0.1297,0.1325,3
FiLM,delay,10,0.1305666666666667,0.0018372685039360884,0.1288,0.1331,3
FiLM,delay,11,0.1301,0.000294392028877597,0.1298,0.1305,3
FiLM,delay,12,0.13249999999999998,0.0010708252269472634,0.1313,0.1339,3
FiLM,delay,13,0.1318,0.0006164414002968973,0.1311,0.1326,3
FiLM,delay,14,0.1296333333333333,0.0012814921857827394,0.1284,0.1314,3
FiLM,delay,15,0.1322,8.164965809277494e-05,0.1321,0.1323,3
FiLM,delay,16,0.13103333333333333,0.0008730533902472607,0.1301,0.1322,3
FiLM,delay,17,0.1315333333333333,0.00033993463423951964,0.1312,0.132,3
FiLM,delay,18,0.133,0.001667333200053303,0.1307,0.1346,3
FiLM,delay,19,0.13043333333333332,0.0007318166133366766,0.1294,0.131,3
FiLM,delay,20,0.13076666666666667,0.003092284304882434,0.1277,0.135,3
FiLM,delay,21,0.13206666666666667,0.0011671427600007706,0.1305,0.1333,3
FiLM,delay,22,0.13253333333333334,0.003439315177312031,0.1288,0.1371,3
FiLM,delay,23,0.12973333333333334,0.0029555973263547864,0.1257,0.1327,3
FiLM,delay,24,0.12966666666666665,0.0006649979114419996,0.1291,0.1306,3
FiLM,delay,25,0.13066666666666668,0.0011897712198383182,0.129,0.1317,3
FiLM,delay,26,0.1298,0.0019510680835549124,0.1272,0.1319,3
FiLM,delay,27,0.1297,0.0021648710508172684,0.1271,0.1324,3
FiLM,delay,28,0.13186666666666666,4.7140452079097985e-05,0.1318,0.1319,3
FiLM,delay,29,0.12943333333333332,0.0004988876515698608,0.1289,0.1301,3
FiLM,delay,30,0.1308,0.0004966554808583829,0.1301,0.1312,3
FiLM,delay,31,0.13096666666666665,0.0006128258770283392,0.1301,0.1314,3
FiLM,delay,32,0.13156666666666667,0.0026612444874949425,0.1289,0.1352,3
FiLM,delay,33,0.13123333333333334,0.0011813363431112847,0.1303,0.1329,3
FiLM,delay,34,0.12943333333333334,0.001515109090315138,0.1275,0.1312,3
FiLM,delay,35,0.1305,0.0007788880963698612,0.1299,0.1316,3
FiLM,delay,36,0.13063333333333335,0.0009285592184789334,0.1297,0.1319,3
FiLM,delay,37,0.12926666666666667,0.0013072447700751637,0.1277,0.1309,3
FiLM,delay,38,0.12996666666666667,0.0013021349989749689,0.1282,0.1313,3
FiLM,delay,39,0.1298,0.0009416297927883723,0.1289,0.1311,3
FiLM,delay,40,0.12893333333333334,0.00093926685357369,0.1278,0.1301,3
FiLM,delay,41,0.12916666666666668,0.0014383632673594235,0.1272,0.1306,3
FiLM,delay,42,0.1297,0.001930457631409361,0.128,0.1324,3
FiLM,delay,43,0.13036666666666666,0.001222929088522937,0.1287,0.1316,3
FiLM,delay,44,0.13036666666666666,0.001442990721460883,0.1292,0.1324,3
FiLM,delay,45,0.12990000000000002,0.00021602468994693058,0.1297,0.1302,3
FiLM,delay,46,0.1306,0.0013589211407093096,0.1294,0.1325,3
FiLM,delay,47,0.13023333333333334,0.0028311756490114696,0.1274,0.1341,3
FiLM,delay,48,0.13049999999999998,0.0007118052168020819,0.1295,0.1311,3
FiLM,delay,49,0.12906666666666666,0.001178511301977567,0.1274,0.1299,3
FiLM,delay,50,0.12896666666666667,0.0023584363935078264,0.1272,0.1323,3
FiLM,delay,51,0.13133333333333333,0.00110855260988773,0.1299,0.1326,3
FiLM,delay,52,0.13060000000000002,0.0009416297927883596,0.1297,0.1319,3
FiLM,delay,53,0.12896666666666667,0.0016779617264870927,0.127,0.1311,3
FiLM,delay,54,0.12910000000000002,0.0012675435561221107,0.1276,0.1307,3
FiLM,delay,55,0.13036666666666666,0.002000555478416483,0.1279,0.1328,3
FiLM,delay,56,0.1275,0.0008164965809277268,0.1265,0.1285,3
FiLM,delay,57,0.12913333333333332,0.0002494438257849267,0.1288,0.1294,3
FiLM,delay,58,0.12766666666666668,0.0013912424503139446,0.1257,0.1287,3
FiLM,delay,59,0.13019999999999998,0.001485485330343813,0.1291,0.1323,3
FiLM,delay,60,0.1282333333333333,0.001536952251119795,0.127,0.1304,3
FiLM,delay,61,0.12766666666666668,0.0013597385369580803,0.1258,0.129,3
FiLM,delay,62,0.1284,0.00014142135623730701,0.1283,0.1286,3
FiLM,delay,63,0.1282,0.0015253414918196765,0.1265,0.1302,3
FiLM,delay,64,0.12783333333333333,0.0010338708279513814,0.1264,0.1288,3
FiLM,delay,65,0.12876666666666667,0.0017016332024133605,0.1265,0.1306,3
FiLM,delay,66,0.12696666666666667,0.00024944382578492424,0.1267,0.1273,3
FiLM,delay,67,0.12803333333333333,0.0003858612300930034,0.1275,0.1284,3
FiLM,delay,68,0.12766666666666665,0.0012364824660660904,0.1266,0.1294,3
FiLM,delay,69,0.12713333333333335,0.0008178562764256908,0.126,0.1279,3
FiLM,delay,70,0.1279,0.0014165686240583803,0.1259,0.129,3
FiLM,delay,71,0.12846666666666665,0.002289589968143243,0.1254,0.1309,3
FiLM,delay,72,0.12786666666666668,0.0013021349989749814,0.1268,0.1297,3
FiLM,delay,73,0.12836666666666666,0.0010274023338281636,0.1272,0.1297,3
FiLM,delay,74,0.12833333333333333,0.000736357401145815,0.1274,0.1292,3
FiLM,delay,75,0.12673333333333334,0.0014974051630144156,0.1253,0.1288,3
FiLM,delay,76,0.12750000000000003,0.0008485281374238553,0.1269,0.1287,3
FiLM,delay,77,0.1255,0.0010984838035522754,0.1244,0.127,3
FiLM,delay,78,0.1292333333333333,0.0025420901286583543,0.1263,0.1325,3
FiLM,delay,79,0.12760000000000002,0.0019798989873223327,0.1254,0.1302,3
FiLM,delay,80,0.1279,0.001849324200890695,0.1258,0.1303,3
FiLM,delay,81,0.1258,0.0011575836902790277,0.1247,0.1274,3
FiLM,delay,82,0.12473333333333332,0.0004784233364802514,0.1243,0.1254,3
FiLM,delay,83,0.1284,0.0004082482904638521,0.1279,0.1289,3
FiLM,delay,84,0.12560000000000002,0.0019096247449870059,0.1229,0.127,3
FiLM,delay,85,0.12843333333333332,0.0029408993333483687,0.1243,0.1309,3
FiLM,delay,86,0.12743333333333334,0.002619584360585135,0.1241,0.1305,3
FiLM,delay,87,0.12563333333333335,0.00077172246018602,0.1249,0.1267,3
FiLM,delay,88,0.12376666666666665,0.0007542472332656462,0.1227,0.1243,3
FiLM,delay,89,0.1252,0.0015556349186104101,0.1241,0.1274,3
FiLM,delay,90,0.1253,0.0004082482904638634,0.1248,0.1258,3
FiLM,delay,91,0.12663333333333335,0.0015412837362262556,0.125,0.1287,3
FiLM,delay,92,0.12419999999999999,0.0016872067646458327,0.122,0.1261,3
FiLM,delay,93,0.12663333333333335,0.0008219218670625312,0.1257,0.1277,3
FiLM,delay,94,0.12276666666666668,0.0017820088539498265,0.1204,0.1247,3
FiLM,delay,95,0.12470000000000002,0.0016512621435334491,0.1224,0.1262,3
FiLM,delay,96,0.1252,0.000962635271879576,0.1242,0.1265,3
FiLM,delay,97,0.12469999999999999,0.0007071067811865482,0.1237,0.1252,3
FiLM,delay,98,0.12459999999999999,0.0024097026095903766,0.1216,0.1275,3
FiLM,delay,99,0.12390000000000001,0.0019949937343260015,0.1222,0.1267,3
FiLM,delay,100,0.12396666666666667,0.0006548960901462795,0.1232,0.1248,3
FiLM,delay,101,0.12433333333333334,0.0005792715732327521,0.1237,0.1251,3
FiLM,delay,102,0.1223,0.0012355835328567081,0.1211,0.124,3
FiLM,delay,103,0.12416666666666666,0.0015965240019770734,0.1223,0.1262,3
FiLM,delay,104,0.12319999999999999,0.00269814751264641,0.121,0.127,3
FiLM,delay,105,0.12206666666666666,0.0022954060400915727,0.1202,0.1253,3
FiLM,delay,106,0.12346666666666667,0.0046578488120113505,0.1169,0.1272,3
FiLM,delay,107,0.12209999999999999,0.0027760883751542687,0.1187,0.1255,3
FiLM,delay,108,0.12246666666666667,0.002963481436119044,0.1198,0.1266,3
FiLM,delay,109,0.12413333333333333,0.0021561282171728294,0.1218,0.127,3
FiLM,delay,110,0.12290000000000001,0.004592022067310507,0.117,0.1282,3
FiLM,delay,111,0.12269999999999999,0.002608958923913264,0.1202,0.1263,3
FiLM,delay,112,0.12179999999999998,0.006414566755959959,0.1132,0.1286,3
FiLM,delay,113,0.11969999999999999,0.005045790324617146,0.1127,0.1244,3
FiLM,delay,114,0.12063333333333333,0.003564952859280034,0.1165,0.1252,3
FiLM,delay,115,0.12019999999999999,0.0018457157599876205,0.1176,0.1217,3
FiLM,delay,116,0.12006666666666665,0.0038230296304835993,0.1151,0.1244,3
FiLM,delay,117,0.1189,0.0015937377450509175,0.117,0.1209,3
FiLM,delay,118,0.11726666666666667,0.0033089105289942308,0.1133,0.1214,3
FiLM,delay,119,0.1158,0.0035223098481914814,0.1113,0.1199,3
FiLM,delay,120,0.11916666666666668,0.003175251521095965,0.1147,0.1218,3
FiLM,delay,121,0.11646666666666668,0.0030269162892657357,0.1122,0.1189,3
FiLM,delay,122,0.11523333333333334,0.0016499158227686124,0.1129,0.1164,3
FiLM,delay,123,0.1163,0.002885596414377219,0.1136,0.1203,3
FiLM,delay,124,0.11516666666666668,0.0027860764925289154,0.1116,0.1184,3
FiLM,delay,125,0.11796666666666666,0.004269530289023478,0.1122,0.1224,3
FiLM,delay,126,0.11653333333333334,0.0037187214051188186,0.1121,0.1212,3
FiLM,delay,127,0.11653333333333334,0.002704728370013437,0.1134,0.12,3
FiLM,delay,128,0.11836666666666666,0.003842163742245014,0.1156,0.1238,3
FiLM,delay,129,0.11696666666666666,0.005897645481225722,0.1125,0.1253,3
FiLM,delay,130,0.11646666666666666,0.0020237478982214063,0.1138,0.1187,3
FiLM,delay,131,0.11739999999999999,0.0032893768406797035,0.1145,0.122,3
FiLM,delay,132,0.11706666666666667,0.0036609045633862456,0.1123,0.1212,3
FiLM,delay,133,0.11986666666666668,0.004365266951236269,0.1137,0.1232,3
FiLM,delay,134,0.1156,0.003706750598570127,0.1105,0.1192,3
FiLM,delay,135,0.11473333333333334,0.003271425105702743,0.1106,0.1186,3
FiLM,delay,136,0.11556666666666666,0.004582818152864262,0.1092,0.1198,3
FiLM,delay,137,0.11243333333333334,0.003659083066683355,0.1096,0.1176,3
FiLM,delay,138,0.11563333333333332,0.002080598204576968,0.1127,0.1173,3
FiLM,delay,139,0.11676666666666667,0.002735365098523817,0.1138,0.1204,3
FiLM,delay,140,0.11303333333333333,0.003026916289265727,0.1092,0.1166,3
FiLM,delay,141,0.11716666666666666,0.004549236810230432,0.1119,0.123,3
FiLM,delay,142,0.11753333333333334,0.0036169354738814765,0.1127,0.1214,3
FiLM,delay,143,0.11839999999999999,0.0034292856398964447,0.1136,0.1214,3
FiLM,delay,144,0.11326666666666667,0.0009463379711052298,0.1122,0.1145,3
FiLM,delay,145,0.11209999999999999,0.0019304576314093662,0.1099,0.1146,3
FiLM,delay,146,0.1095,0.00291318840219212,0.1054,0.1119,3
FiLM,delay,147,0.1123,0.0052896124621752815,0.1055,0.1184,3
FiLM,delay,148,0.11466666666666668,0.002735365098523822,0.1108,0.1167,3
FiLM,delay,149,0.11393333333333333,0.003919467083956978,0.1085,0.1176,3
FiLM,delay,150,0.11663333333333332,0.004902607016226728,0.1105,0.1225,3
FiLM,delay,151,0.11080000000000001,0.00682544259859144,0.1014,0.1174,3
FiLM,delay,152,0.1114,0.0064518731130321074,0.1024,0.1172,3
FiLM,delay,153,0.11183333333333334,0.0036261396675926405,0.1068,0.1152,3
FiLM,delay,154,0.10956666666666666,0.0033707895547218925,0.1048,0.112,3
FiLM,delay,155,0.11053333333333333,0.0033479678745305893,0.1058,0.113,3
FiLM,delay,156,0.11023333333333334,0.0016858891488535778,0.1088,0.1126,3
FiLM,delay,157,0.10713333333333334,0.005724993934979809,0.0992,0.1125,3
FiLM,delay,158,0.10703333333333333,0.0014522013940527986,0.1051,0.1086,3
FiLM,delay,159,0.10686666666666667,0.001040299102288486,0.1054,0.1077,3
FiLM,delay,160,0.10553333333333333,0.002876726534718856,0.1034,0.1096,3
FiLM,delay,161,0.1052,0.0030011109054259672,0.1018,0.1091,3
FiLM,delay,162,0.10656666666666666,0.002955597326354788,0.1036,0.1106,3
FiLM,delay,163,0.1057,0.003929376540877699,0.1007,0.1103,3
FiLM,delay,164,0.1049,0.0032031234756093926,0.1022,0.1094,3
FiLM,delay,165,0.10763333333333334,0.006263296966365945,0.1014,0.1162,3
FiLM,delay,166,0.10423333333333333,0.005356823270890642,0.097,0.1098,3
FiLM,delay,167,0.10523333333333333,0.004242902570437152,0.1017,0.1112,3
FiLM,delay,168,0.105,0.00788542960148653,0.0944,0.1133,3
FiLM,delay,169,0.10509999999999999,0.008002916135176397,0.0954,0.115,3
FiLM,delay,170,0.1038,0.0066818161203872324,0.0949,0.111,3
FiLM,delay,171,0.10263333333333334,0.009906339160131538,0.0914,0.1155,3
FiLM,delay,172,0.10439999999999999,0.008098147936411141,0.0957,0.1152,3
FiLM,delay,173,0.10373333333333333,0.00886052418815551,0.0958,0.1161,3
FiLM,delay,174,0.1052,0.010798456679853224,0.0938,0.1197,3
FiLM,delay,175,0.1049,0.010307602372359281,0.0953,0.1192,3
FiLM,delay,176,0.10189999999999999,0.006768062253456794,0.0944,0.1108,3
FiLM,delay,177,0.09943333333333333,0.007233870947762953,0.0917,0.1091,3
FiLM,delay,178,0.10256666666666665,0.00970715658104313,0.0934,0.116,3
FiLM,delay,179,0.10210000000000001,0.009588534820294498,0.0936,0.1155,3
FiLM,delay,180,0.1009,0.012108123994519824,0.0878,0.117,3
FiLM,delay,181,0.10093333333333333,0.009618154131063237,0.0917,0.1142,3
FiLM,delay,182,0.09953333333333335,0.01092560702610564,0.0876,0.114,3
FiLM,delay,183,0.10289999999999999,0.013596323032349589,0.0864,0.1197,3
FiLM,delay,184,0.09946666666666666,0.010389845469923453,0.0895,0.1138,3
FiLM,delay,185,0.09770000000000001,0.011808753815143526,0.0836,0.1125,3
FiLM,delay,186,0.0971,0.01367650052705979,0.0803,0.1138,3
FiLM,delay,187,0.0947,0.011676757540801585,0.0805,0.1091,3
FiLM,delay,188,0.09236666666666667,0.01419021572148296,0.0756,0.1103,3
FiLM,delay,189,0.09303333333333334,0.012051648112280006,0.0786,0.1081,3
FiLM,delay,190,0.09179999999999999,0.013436021236462327,0.0756,0.1085,3
FiLM,delay,191,0.0922,0.012505198918849712,0.0765,0.1071,3
FiLM,delay,192,0.09163333333333334,0.013547529500080655,0.0744,0.1075,3
FiLM,delay,193,0.08779999999999999,0.01345089835909359,0.0723,0.1051,3
FiLM,delay,194,0.0882,0.012136995784240295,0.0742,0.1038,3
FiLM,delay,195,0.08750000000000001,0.012712461078275384,0.0724,0.1035,3
FiLM,delay,196,0.08723333333333333,0.0163177476659277,0.069,0.1086,3
FiLM,delay,197,0.08566666666666667,0.014364849072958924,0.07,0.1047,3
FiLM,delay,198,0.08293333333333333,0.014468893837777958,0.0668,0.1019,3
FiLM,delay,199,0.0848,0.01515409735572088,0.0685,0.105,3
FiLM,delay,200,0.0826,0.01372370212442692,0.0661,0.0997,3
FiLM,delay,201,0.08259999999999999,0.014470199261470687,0.0662,0.1014,3
FiLM,delay,202,0.0807,0.013845817659736338,0.0657,0.0991,3
FiLM,delay,203,0.08226666666666667,0.014418583687573323,0.0655,0.1007,3
FiLM,delay,204,0.0791,0.014654237157445852,0.0639,0.0989,3
FiLM,delay,205,0.07833333333333332,0.014980060821713046,0.0631,0.0987,3
FiLM,delay,206,0.07846666666666666,0.015512862046988263,0.0628,0.0996,3
FiLM,delay,207,0.08006666666666667,0.019735641756871137,0.0619,0.1075,3
FiLM,delay,208,0.0782,0.018358830754344534,0.0599,0.1033,3
FiLM,delay,209,0.0778,0.01812125823446043,0.0601,0.1027,3
FiLM,delay,210,0.07853333333333333,0.018843979291953056,0.0607,0.1046,3
FiLM,delay,211,0.0735,0.01590995495489119,0.0575,0.0952,3
FiLM,delay,212,0.07576666666666666,0.01827682199459803,0.0583,0.101,3
FiLM,delay,213,0.0736,0.01691173162827115,0.058,0.0971,3
FiLM,delay,214,0.0732,0.018278037823209213,0.0553,0.0983,3
FiLM,delay,215,0.07136666666666668,0.017499777776366826,0.0549,0.0956,3
FiLM,delay,216,0.07096666666666666,0.017467366398197785,0.0547,0.0952,3
FiLM,delay,217,0.07096666666666668,0.01909316340706508,0.0538,0.0976,3
FiLM,delay,218,0.07029999999999999,0.01786747510608778,0.053,0.0949,3
FiLM,delay,219,0.06936666666666667,0.01856615798225961,0.0513,0.0949,3
FiLM,delay,220,0.07093333333333333,0.019520644342735094,0.0531,0.0981,3
FiLM,delay,221,0.07086666666666668,0.021079110248985577,0.0516,0.1002,3
FiLM,delay,222,0.06803333333333333,0.019325688143562243,0.0507,0.095,3
FiLM,delay,223,0.06760000000000001,0.020822583893455683,0.0497,0.0968,3
FiLM,delay,224,0.06716666666666667,0.020634975702002224,0.0501,0.0962,3
FiLM,delay,225,0.06756666666666666,0.020784021640566957,0.0503,0.0968,3
FiLM,delay,226,0.06756666666666666,0.021975946446563394,0.0495,0.0985,3
FiLM,delay,227,0.0656,0.020295812375955787,0.0492,0.0942,3
FiLM,delay,228,0.06503333333333333,0.020117874860155805,0.0481,0.0933,3
FiLM,delay,229,0.06546666666666666,0.022498197458660742,0.0476,0.0972,3
FiLM,delay,230,0.0645,0.020748172610296715,0.0474,0.0937,3
FiLM,delay,231,0.06306666666666666,0.019732939185252884,0.0474,0.0909,3
FiLM,delay,232,0.0655,0.02124852936087578,0.049,0.0955,3
FiLM,delay,233,0.06296666666666666,0.020041013502870117,0.0467,0.0912,3
FiLM,delay,234,0.061733333333333335,0.019674744103940857,0.0463,0.0895,3
FiLM,delay,235,0.062066666666666666,0.021536687045339377,0.0458,0.0925,3
FiLM,delay,236,0.062099999999999995,0.021740438511370155,0.0453,0.0928,3
FiLM,delay,237,0.06276666666666668,0.023182800137649943,0.0448,0.0955,3
FiLM,delay,238,0.0599,0.019383670103122027,0.0441,0.0872,3
FiLM,delay,239,0.0614,0.021920006082724215,0.0438,0.0923,3
FiLM,delay,240,0.06210000000000001,0.024159608164592956,0.0432,0.0962,3
FiLM,delay,241,0.06046666666666667,0.021567001542995158,0.0435,0.0909,3
FiLM,delay,242,0.06033333333333333,0.020943946354230594,0.043,0.0898,3
FiLM,delay,243,0.06006666666666668,0.022199449442622567,0.0427,0.0914,3
FiLM,delay,244,0.05653333333333333,0.017202777553510233,0.0429,0.0808,3
FiLM,delay,245,0.05823333333333333,0.020060962644455078,0.042,0.0865,3
FiLM,delay,246,0.05986666666666666,0.02169797737629529,0.043,0.0905,3
FiLM,delay,247,0.05703333333333333,0.01990667113194859,0.0411,0.0851,3
FiLM,delay,248,0.05563333333333333,0.01754239309659761,0.042,0.0804,3
FiLM,delay,249,0.055266666666666665,0.01690568609143747,0.0409,0.079,3
FiLM,throughput,0,1649.3333333333333,5.9066817155564495,1641.0,1654.0,3
FiLM,throughput,1,1655.0,36.98648401781386,1607.0,1697.0,3
FiLM,throughput,2,1690.3333333333333,20.417857108151406,1665.0,1715.0,3
FiLM,throughput,3,1658.0,16.30950643030009,1641.0,1680.0,3
FiLM,throughput,4,1684.3333333333333,2.3570226039551585,1681.0,1686.0,3
FiLM,throughput,5,1692.0,10.23067283548187,1680.0,1705.0,3
FiLM,throughput,6,1651.0,37.70941526992961,1612.0,1702.0,3
FiLM,throughput,7,1649.6666666666667,28.940552094864323,1609.0,1674.0,3
FiLM,throughput,8,1653.0,30.40833219146796,1624.0,1695.0,3
FiLM,throughput,9,1637.6666666666667,21.684607956387456,1607.0,1653.0,3
FiLM,throughput,10,1642.3333333333333,69.88721072000385,1588.0,1741.0,3
FiLM,throughput,11,1676.0,11.045361017187261,1663.0,1690.0,3
FiLM,throughput,12,1661.3333333333333,18.190351532856337,1647.0,1687.0,3
FiLM,throughput,13,1667.3333333333333,7.586537784494028,1657.0,1675.0,3
FiLM,throughput,14,1698.6666666666667,17.46106780494506,1674.0,1712.0,3
FiLM,throughput,15,1696.0,26.19160170741759,1661.0,1724.0,3
FiLM,throughput,16,1623.3333333333333,6.182412330330469,1618.0,1632.0,3
FiLM,throughput,17,1694.3333333333333,34.179265969622904,1656.0,1739.0,3
FiLM,throughput,18,1717.3333333333333,36.52700675147393,1678.0,1766.0,3
FiLM,throughput,19,1685.0,53.22280213091628,1610.0,1728.0,3
FiLM,throughput,20,1645.6666666666667,16.679994670929073,1631.0,1669.0,3
FiLM,throughput,21,1696.3333333333333,48.45845872726682,1628.0,1735.0,3
FiLM,throughput,22,1719.0,44.3245605355165,1680.0,1781.0,3
FiLM,throughput,23,1718.6666666666667,39.60078562632592,1670.0,1767.0,3
FiLM,throughput,24,1685.0,50.20624131187941,1614.0,1721.0,3
FiLM,throughput,25,1691.0,32.69046751985457,1652.0,1732.0,3
FiLM,throughput,26,1721.6666666666667,22.939534045447004,1695.0,1751.0,3
FiLM,throughput,27,1763.0,2.449489742783178,1760.0,1766.0,3
FiLM,throughput,28,1721.0,20.83266665599966,1692.0,1740.0,3
FiLM,throughput,29,1725.3333333333333,52.77204647243547,1654.0,1780.0,3
FiLM,throughput,30,1702.3333333333333,41.84362423223984,1662.0,1760.0,3
FiLM,throughput,31,1723.6666666666667,78.10391937810945,1625.0,1816.0,3
FiLM,throughput,32,1747.3333333333333,14.522013940527977,1727.0,1760.0,3
FiLM,throughput,33,1714.0,32.78210894171799,1672.0,1752.0,3
FiLM,throughput,34,1711.0,30.865298745786774,1683.0,1754.0,3
FiLM,throughput,35,1707.6666666666667,38.42163742245016,1672.0,1761.0,3
FiLM,throughput,36,1751.0,31.379398762032817,1707.0,1778.0,3
FiLM,throughput,37,1744.0,30.40833219146796,1701.0,1766.0,3
FiLM,throughput,38,1701.0,20.607442021431645,1678.0,1728.0,3
FiLM,throughput,39,1769.6666666666667,20.07209228976613,1742.0,1789.0,3
FiLM,throughput,40,1709.6666666666667,59.19647136630884,1626.0,1754.0,3
FiLM,throughput,41,1737.3333333333333,43.37690117511341,1676.0,1769.0,3
FiLM,throughput,42,1742.0,37.31844941401862,1699.0,1790.0,3
FiLM,throughput,43,1718.0,13.4412301024373,1708.0,1737.0,3
FiLM,throughput,44,1727.0,54.30162674051917,1660.0,1793.0,3
FiLM,throughput,45,1766.0,27.94041278626117,1741.0,1805.0,3
FiLM,throughput,46,1740.0,22.759613353482084,1708.0,1759.0,3
FiLM,throughput,47,1788.3333333333333,10.208928554075703,1774.0,1797.0,3
FiLM,throughput,48,1710.0,35.27983371087039,1672.0,1757.0,3
FiLM,throughput,49,1716.3333333333333,35.1409858838492,1690.0,1766.0,3
FiLM,throughput,50,1743.0,26.981475126464083,1711.0,1777.0,3
FiLM,throughput,51,1719.6666666666667,19.344824171395878,1705.0,1747.0,3
FiLM,throughput,52,1737.3333333333333,8.65383665716478,1726.0,1747.0,3
FiLM,throughput,53,1728.0,11.343133018115703,1719.0,1744.0,3
FiLM,throughput,54,1745.0,24.055491403558285,1727.0,1779.0,3
FiLM,throughput,55,1732.3333333333333,11.115554667022044,1717.0,1743.0,3
FiLM,throughput,56,1730.0,9.899494936611665,1716.0,1737.0,3
FiLM,throughput,57,1707.3333333333333,14.007934259633798,1689.0,1723.0,3
FiLM,throughput,58,1759.3333333333333,27.010286106510527,1725.0,1791.0,3
FiLM,throughput,59,1726.6666666666667,4.496912521077347,1723.0,1733.0,3
FiLM,throughput,60,1715.6666666666667,15.542057635833023,1696.0,1734.0,3
FiLM,throughput,61,1747.6666666666667,23.584363935078308,1730.0,1781.0,3
FiLM,throughput,62,1743.0,30.865298745786774,1700.0,1771.0,3
FiLM,throughput,63,1714.3333333333333,63.1206956728316,1627.0,1774.0,3
FiLM,throughput,64,1746.6666666666667,25.746628689770024,1716.0,1779.0,3
FiLM,throughput,65,1732.6666666666667,75.98391642680414,1629.0,1809.0,3
FiLM,throughput,66,1752.6666666666667,7.84573486395988,1744.0,1763.0,3
FiLM,throughput,67,1771.0,10.801234497346433,1756.0,1781.0,3
FiLM,throughput,68,1787.6666666666667,10.370899457402697,1773.0,1795.0,3
FiLM,throughput,69,1764.0,37.47888294315436,1726.0,1815.0,3
FiLM,throughput,70,1710.6666666666667,33.68811198166037,1667.0,1749.0,3
FiLM,throughput,71,1732.0,45.43860326491855,1668.0,1769.0,3
FiLM,throughput,72,1752.0,32.53715824509981,1728.0,1798.0,3
FiLM,throughput,73,1731.3333333333333,23.612614331233114,1709.0,1764.0,3
FiLM,throughput,74,1736.6666666666667,16.336734339790464,1717.0,1757.0,3
FiLM,throughput,75,1735.0,35.95367389665021,1690.0,1778.0,3
FiLM,throughput,76,1732.6666666666667,35.1409858838492,1683.0,1759.0,3
FiLM,throughput,77,1749.6666666666667,7.133644853010899,1740.0,1757.0,3
FiLM,throughput,78,1762.3333333333333,27.884683171152503,1725.0,1792.0,3
FiLM,throughput,79,1751.3333333333333,36.01234356285202,1714.0,1800.0,3
FiLM,throughput,80,1787.3333333333333,41.7079795189788,1730.0,1828.0,3
FiLM,throughput,81,1759.3333333333333,27.956315128349008,1723.0,1791.0,3
FiLM,throughput,82,1785.0,22.90560339014597,1756.0,1812.0,3
FiLM,throughput,83,1717.6666666666667,70.99452248041551,1645.0,1814.0,3
FiLM,throughput,84,1745.6666666666667,16.418147141366337,1729.0,1768.0,3
FiLM,throughput,85,1705.6666666666667,62.055530687352025,1630.0,1782.0,3
FiLM,throughput,86,1769.3333333333333,19.770910168449223,1752.0,1797.0,3
FiLM,throughput,87,1780.0,20.11632835948615,1754.0,1803.0,3
FiLM,throughput,88,1775.0,13.366625103842281,1761.0,1793.0,3
FiLM,throughput,89,1736.0,14.966629547095765,1716.0,1752.0,3
FiLM,throughput,90,1741.0,38.02630668366309,1696.0,1789.0,3
FiLM,throughput,91,1749.6666666666667,31.594654962860762,1705.0,1773.0,3
FiLM,throughput,92,1765.3333333333333,25.223445883190152,1732.0,1793.0,3
FiLM,throughput,93,1772.3333333333333,25.77250904010361,1742.0,1805.0,3
FiLM,throughput,94,1814.6666666666667,59.48856099191582,1738.0,1883.0,3
FiLM,throughput,95,1772.6666666666667,32.221455929585524,1746.0,1818.0,3
FiLM,throughput,96,1778.6666666666667,18.660713336371206,1764.0,1805.0,3
FiLM,throughput,97,1804.6666666666667,29.261275129806325,1772.0,1843.0,3
FiLM,throughput,98,1776.0,7.483314773547883,1768.0,1786.0,3
FiLM,throughput,99,1790.6666666666667,15.627610892974724,1775.0,1812.0,3
FiLM,throughput,100,1816.6666666666667,5.557777333511022,1809.0,1822.0,3
FiLM,throughput,101,1788.6666666666667,27.19477073916152,1762.0,1826.0,3
FiLM,throughput,102,1833.6666666666667,22.365648262955006,1804.0,1858.0,3
FiLM,throughput,103,1786.0,58.057442818872644,1730.0,1866.0,3
FiLM,throughput,104,1773.0,41.66533331199932,1715.0,1811.0,3
FiLM,throughput,105,1806.0,36.615115275889366,1767.0,1855.0,3
FiLM,throughput,106,1815.0,48.14561246884289,1771.0,1882.0,3
FiLM,throughput,107,1840.6666666666667,52.677214133711445,1777.0,1906.0,3
FiLM,throughput,108,1840.0,45.723808531952656,1784.0,1896.0,3
FiLM,throughput,109,1817.3333333333333,23.584363935078308,1784.0,1835.0,3
FiLM,throughput,110,1830.0,69.28684338795257,1734.0,1895.0,3
FiLM,throughput,111,1831.6666666666667,29.510826638521817,1806.0,1873.0,3
FiLM,throughput,112,1817.6666666666667,42.16106682183879,1764.0,1867.0,3
FiLM,throughput,113,1841.3333333333333,36.261396675926434,1791.0,1875.0,3
FiLM,throughput,114,1800.6666666666667,52.86670870111822,1731.0,1859.0,3
FiLM,throughput,115,1822.3333333333333,54.38954147832304,1769.0,1897.0,3
FiLM,throughput,116,1856.3333333333333,38.13426572286691,1815.0,1907.0,3
FiLM,throughput,117,1869.6666666666667,18.445113776342563,1846.0,1891.0,3
FiLM,throughput,118,1851.3333333333333,17.594190960528863,1827.0,1868.0,3
FiLM,throughput,119,1855.6666666666667,21.483844059096025,1839.0,1886.0,3
FiLM,throughput,120,1848.6666666666667,36.9353790047188,1798.0,1885.0,3
FiLM,throughput,121,1910.6666666666667,13.523641850067197,1895.0,1928.0,3
FiLM,throughput,122,1869.6666666666667,5.2493385826745405,1865.0,1877.0,3
FiLM,throughput,123,1890.3333333333333,27.644569488820444,1854.0,1921.0,3
FiLM,throughput,124,1902.3333333333333,34.65384378231207,1873.0,1951.0,3
FiLM,throughput,125,1884.3333333333333,36.80881536926839,1853.0,1936.0,3
FiLM,throughput,126,1898.0,49.17316341257699,1841.0,1961.0,3
FiLM,throughput,127,1854.3333333333333,53.168495266359464,1795.0,1924.0,3
FiLM,throughput,128,1783.3333333333333,111.9235850430502,1626.0,1877.0,3
FiLM,throughput,129,1847.6666666666667,35.836046408919366,1797.0,1874.0,3
FiLM,throughput,130,1869.6666666666667,47.68181577452305,1820.0,1934.0,3
FiLM,throughput,131,1879.6666666666667,16.519348924485158,1867.0,1903.0,3
FiLM,throughput,132,1865.0,10.801234497346433,1855.0,1880.0,3
FiLM,throughput,133,1843.3333333333333,42.967688118192044,1810.0,1904.0,3
FiLM,throughput,134,1837.6666666666667,28.778850258865834,1799.0,1868.0,3
FiLM,throughput,135,1867.0,10.708252269472673,1853.0,1879.0,3
FiLM,throughput,136,1867.0,8.831760866327848,1855.0,1876.0,3
FiLM,throughput,137,1889.6666666666667,35.490217744549774,1843.0,1929.0,3
FiLM,throughput,138,1913.6666666666667,15.96524001977073,1895.0,1934.0,3
FiLM,throughput,139,1889.6666666666667,44.79087208597553,1827.0,1929.0,3
FiLM,throughput,140,1898.0,34.76588366008646,1849.0,1926.0,3
FiLM,throughput,141,1844.3333333333333,47.39432689913659,1781.0,1895.0,3
FiLM,throughput,142,1877.3333333333333,47.14045207910317,1844.0,1944.0,3
FiLM,throughput,143,1846.3333333333333,53.07437129998705,1781.0,1911.0,3
FiLM,throughput,144,1959.0,14.514360704718161,1939.0,1973.0,3
FiLM,throughput,145,1933.6666666666667,61.92647970689832,1854.0,2005.0,3
FiLM,throughput,146,1947.3333333333333,35.74290916469385,1901.0,1988.0,3
FiLM,throughput,147,1888.3333333333333,73.71265532834613,1788.0,1963.0,3
FiLM,throughput,148,1920.3333333333333,65.30101241345514,1828.0,1968.0,3
FiLM,throughput,149,1905.0,29.13188402192118,1874.0,1944.0,3
FiLM,throughput,150,1859.0,85.83705493549974,1751.0,1961.0,3
FiLM,throughput,151,1876.3333333333333,43.583891009816405,1827.0,1933.0,3
FiLM,throughput,152,1941.0,24.859605789312106,1914.0,1974.0,3
FiLM,throughput,153,1865.3333333333333,84.7951780599712,1770.0,1976.0,3
FiLM,throughput,154,1867.3333333333333,37.59728122558273,1816.0,1905.0,3
FiLM,throughput,155,1922.0,39.75759885439093,1876.0,1973.0,3
FiLM,throughput,156,1907.3333333333333,12.391753530294071,1891.0,1921.0,3
FiLM,throughput,157,1960.0,38.47943173523573,1911.0,2005.0,3
FiLM,throughput,158,1999.6666666666667,76.78686230223386,1912.0,2099.0,3
FiLM,throughput,159,1981.3333333333333,59.488560991915826,1923.0,2063.0,3
FiLM,throughput,160,1938.6666666666667,25.77250904010361,1918.0,1975.0,3
FiLM,throughput,161,1974.6666666666667,41.23375100839387,1917.0,2011.0,3
FiLM,throughput,162,1967.0,48.0485865210067,1901.0,2014.0,3
FiLM,throughput,163,1965.6666666666667,75.20786010931452,1860.0,2029.0,3
FiLM,throughput,164,1976.6666666666667,101.46373188922675,1837.0,2075.0,3
FiLM,throughput,165,1988.3333333333333,90.95175766428169,1860.0,2060.0,3
FiLM,throughput,166,1987.6666666666667,82.60078019540062,1890.0,2092.0,3
FiLM,throughput,167,1970.0,91.03845341392834,1842.0,2046.0,3
FiLM,throughput,168,1999.6666666666667,92.34837422619968,1870.0,2078.0,3
FiLM,throughput,169,1959.0,98.39037893344383,1820.0,2034.0,3
FiLM,throughput,170,2005.0,45.217990519998416,1942.0,2046.0,3
FiLM,throughput,171,2004.0,78.54085985438832,1895.0,2077.0,3
FiLM,throughput,172,2007.3333333333333,95.26221123241308,1876.0,2099.0,3
FiLM,throughput,173,1957.3333333333333,108.81891175506009,1809.0,2067.0,3
FiLM,throughput,174,2012.0,150.10884939491964,1815.0,2179.0,3
FiLM,throughput,175,1978.6666666666667,147.017761587579,1796.0,2156.0,3
FiLM,throughput,176,2045.6666666666667,76.13292469242347,1938.0,2100.0,3
FiLM,throughput,177,2067.6666666666665,126.05906904657391,1920.0,2228.0,3
FiLM,throughput,178,2085.6666666666665,112.67159752523655,1932.0,2199.0,3
FiLM,throughput,179,2042.6666666666667,68.63105872869967,1950.0,2114.0,3
FiLM,throughput,180,2169.6666666666665,218.090704881147,1907.0,2441.0,3
FiLM,throughput,181,2107.3333333333335,216.04989135742596,1885.0,2400.0,3
FiLM,throughput,182,2079.3333333333335,188.8638545501906,1887.0,2336.0,3
FiLM,throughput,183,2101.3333333333335,247.96953217863054,1848.0,2438.0,3
FiLM,throughput,184,2137.6666666666665,220.64199257822364,1897.0,2430.0,3
FiLM,throughput,185,2151.3333333333335,226.5867506178496,1931.0,2463.0,3
FiLM,throughput,186,2226.0,308.2304332800381,1903.0,2641.0,3
FiLM,throughput,187,2225.6666666666665,331.5723483980868,1878.0,2672.0,3
FiLM,throughput,188,2312.6666666666665,315.1849545196527,1929.0,2701.0,3
FiLM,throughput,189,2310.0,332.61489243067075,1927.0,2738.0,3
FiLM,throughput,190,2295.3333333333335,337.6233930810416,1881.0,2708.0,3
FiLM,throughput,191,2311.0,344.363180377926,1898.0,2741.0,3
FiLM,throughput,192,2367.3333333333335,331.8095169755617,1943.0,2753.0,3
FiLM,throughput,193,2382.0,340.2263952135401,1928.0,2747.0,3
FiLM,throughput,194,2406.3333333333335,351.6763031855035,1917.0,2728.0,3
FiLM,throughput,195,2371.3333333333335,318.26753246635485,1954.0,2726.0,3
FiLM,throughput,196,2390.3333333333335,367.8426596008438,1877.0,2720.0,3
FiLM,throughput,197,2413.6666666666665,363.22658982452754,1905.0,2730.0,3
FiLM,throughput,198,2421.0,373.91264576992666,1895.0,2731.0,3
FiLM,throughput,199,2443.6666666666665,348.23395711631696,1954.0,2734.0,3
FiLM,throughput,200,2464.0,380.4243244939349,1926.0,2734.0,3
FiLM,throughput,201,2452.3333333333335,386.3421051635742,1906.0,2731.0,3
FiLM,throughput,202,2453.6666666666665,360.6404796408129,1944.0,2725.0,3
FiLM,throughput,203,2458.0,363.4528855298854,1944.0,2715.0,3
FiLM,throughput,204,2467.0,358.50523008737264,1960.0,2722.0,3
FiLM,throughput,205,2479.6666666666665,360.6404796408129,1970.0,2751.0,3
FiLM,throughput,206,2484.3333333333335,366.2506731127679,1967.0,2765.0,3
FiLM,throughput,207,2482.6666666666665,363.95726244833867,1968.0,2746.0,3
FiLM,throughput,208,2479.3333333333335,362.32612688325725,1967.0,2743.0,3
FiLM,throughput,209,2467.6666666666665,362.5689206512635,1955.0,2732.0,3
FiLM,throughput,210,2509.6666666666665,354.85615238979426,2008.0,2772.0,3
FiLM,throughput,211,2517.0,340.83427057735844,2035.0,2761.0,3
FiLM,throughput,212,2511.6666666666665,371.3913778691632,1987.0,2795.0,3
FiLM,throughput,213,2532.3333333333335,337.27568677402303,2056.0,2792.0,3
FiLM,throughput,214,2528.3333333333335,342.1581830414439,2045.0,2790.0,3
FiLM,throughput,215,2541.6666666666665,310.2325292779953,2104.0,2787.0,3
FiLM,throughput,216,2559.3333333333335,277.945238411374,2168.0,2787.0,3
FiLM,throughput,217,2543.0,301.9149990753468,2118.0,2791.0,3
FiLM,throughput,218,2586.0,250.07598845151048,2235.0,2799.0,3
FiLM,throughput,219,2567.3333333333335,281.47981968320374,2170.0,2787.0,3
FiLM,throughput,220,2550.3333333333335,302.70374222258226,2123.0,2786.0,3
FiLM,throughput,221,2549.0,294.8773756439559,2134.0,2792.0,3
FiLM,throughput,222,2605.3333333333335,213.529597219891,2307.0,2795.0,3
FiLM,throughput,223,2536.3333333333335,324.50406605910024,2079.0,2798.0,3
FiLM,throughput,224,2570.6666666666665,280.88471340075137,2175.0,2799.0,3
FiLM,throughput,225,2587.6666666666665,249.24731136407914,2237.0,2794.0,3
FiLM,throughput,226,2583.3333333333335,267.05346946923487,2207.0,2799.0,3
FiLM,throughput,227,2603.0,238.53441400910407,2267.0,2797.0,3
FiLM,throughput,228,2614.6666666666665,228.63994012906457,2293.0,2804.0,3
FiLM,throughput,229,2567.0,283.1619089260889,2168.0,2796.0,3
FiLM,throughput,230,2618.0,228.46152119485387,2296.0,2802.0,3
FiLM,throughput,231,2649.3333333333335,177.9987515561712,2400.0,2804.0,3
FiLM,throughput,232,2617.6666666666665,246.6108044853041,2269.0,2799.0,3
FiLM,throughput,233,2663.6666666666665,173.10947082377928,2420.0,2806.0,3
FiLM,throughput,234,2675.3333333333335,158.60292837425445,2452.0,2805.0,3
FiLM,throughput,235,2643.6666666666665,208.59104060870453,2349.0,2803.0,3
FiLM,throughput,236,2656.0,192.67243359304587,2384.0,2806.0,3
FiLM,throughput,237,2659.0,192.41794788082183,2387.0,2802.0,3
FiLM,throughput,238,2698.3333333333335,138.27589168840032,2503.0,2804.0,3
FiLM,throughput,239,2659.6666666666665,199.90219830929547,2377.0,2805.0,3
FiLM,throughput,240,2602.0,284.2674796736341,2200.0,2806.0,3
FiLM,throughput,241,2627.6666666666665,245.1521069775978,2281.0,2805.0,3
FiLM,throughput,242,2648.3333333333335,220.15953811321057,2337.0,2807.0,3
FiLM,throughput,243,2638.6666666666665,233.1270516740222,2309.0,2807.0,3
FiLM,throughput,244,2747.0,82.74055837375042,2630.0,2807.0,3
FiLM,throughput,245,2716.0,126.57803916951787,2537.0,2807.0,3
FiLM,throughput,246,2658.0,210.7241482760499,2360.0,2809.0,3
FiLM,throughput,247,2724.3333333333335,116.20766851728082,2560.0,2808.0,3
FiLM,throughput,248,2744.6666666666665,88.88319426203259,2619.0,2810.0,3
FiLM,throughput,249,2745.3333333333335,85.11299678793024,2625.0,2808.0,3
all_weights_residual,travel_time,0,1323.2880333333333,10.788291139420055,1311.1105,1337.3368,3
all_weights_residual,travel_time,1,1304.4328,1.049576981454981,1303.6508,1305.9164,3
all_weights_residual,travel_time,2,1296.5034333333333,9.049635689290987,1284.8467,1306.9072,3
all_weights_residual,travel_time,3,1302.9840666666666,12.733675037561733,1286.1289,1316.9023,3
all_weights_residual,travel_time,4,1302.7748000000001,18.007838979918322,1277.96,1320.1413,3
all_weights_residual,travel_time,5,1295.4262333333334,24.16081161748411,1265.2737,1324.4214,3
all_weights_residual,travel_time,6,1308.4950333333334,26.927166184398693,1270.8102,1332.0807,3
all_weights_residual,travel_time,7,1303.5883999999999,6.724294143377894,1296.4706,1312.6087,3
all_weights_residual,travel_time,8,1304.8436333333332,15.464372675353603,1285.3382,1323.1622,3
all_weights_residual,travel_time,9,1298.1191999999999,9.337326339304273,1286.1427,1308.9242,3
all_weights_residual,travel_time,10,1305.5363333333335,24.058792621594435,1275.1636,1334.0028,3
all_weights_residual,travel_time,11,1268.6921666666665,1.7801942297276054,1267.051,1271.1661,3
all_weights_residual,travel_time,12,1305.6405666666667,17.40124762698223,1281.7886,1322.8123,3
all_weights_residual,travel_time,13,1295.5039,2.5676934045948423,1292.5843,1298.8336,3
all_weights_residual,travel_time,14,1269.4845333333333,24.246127949610678,1245.4805,1302.6919,3
all_weights_residual,travel_time,15,1267.9205666666667,18.248091249467432,1248.6629,1292.4271,3
all_weights_residual,travel_time,16,1294.8420666666666,2.817652026461489,1291.216,1298.086,3
all_weights_residual,travel_time,17,1280.0959333333333,3.5687422857671067,1276.1278,1284.7808,3
all_weights_residual,travel_time,18,1262.7644,18.36373641628163,1238.1994,1282.3449,3
all_weights_residual,travel_time,19,1256.0195999999999,34.171572484254604,1210.4795,1292.7939,3
all_weights_residual,travel_time,20,1286.9428666666665,24.385676472652698,1266.8382,1321.2613,3
all_weights_residual,travel_time,21,1262.3681666666666,32.08758879715891,1227.187,1304.7808,3
all_weights_residual,travel_time,22,1270.6818666666668,43.55773796884113,1216.0446,1322.6377,3
all_weights_residual,travel_time,23,1249.5731666666668,37.97326935800436,1210.2702,1300.9171,3
all_weights_residual,travel_time,24,1259.3789,30.969284948908097,1233.4285,1302.9086,3
all_weights_residual,travel_time,25,1242.3295666666666,21.01227119730017,1212.619,1257.6696,3
all_weights_residual,travel_time,26,1245.9752,29.051969813537028,1208.2351,1278.909,3
all_weights_residual,travel_time,27,1200.7869333333335,23.06687728617713,1176.8789,1231.9614,3
all_weights_residual,travel_time,28,1233.8117,9.87662838152104,1225.0191,1247.6069,3
all_weights_residual,travel_time,29,1223.5698999999997,35.87099143439825,1179.9968,1267.8538,3
all_weights_residual,travel_time,30,1220.6402333333333,41.24218205675129,1180.8006,1277.4515,3
all_weights_residual,travel_time,31,1226.1833333333334,45.242450214839394,1170.7263,1281.5471,3
all_weights_residual,travel_time,32,1218.5887666666667,22.507157275902742,1198.4182,1249.9982,3
all_weights_residual,travel_time,33,1231.4027333333333,42.46109158718788,1195.2415,1291.0007,3
all_weights_residual,travel_time,34,1223.9270666666669,44.794072659101815,1180.2029,1285.4869,3
all_weights_residual,travel_time,35,1211.9632666666666,16.40122923123621,1188.7691,1223.7135,3
all_weights_residual,travel_time,36,1162.4243666666669,29.565655074915743,1136.5195,1203.8003,3
all_weights_residual,travel_time,37,1190.1917,21.418318857619703,1166.8615,1218.5868,3
all_weights_residual,travel_time,38,1214.9649333333334,21.926747883856926,1185.3336,1237.6965,3
all_weights_residual,travel_time,39,1192.2045666666666,19.489226417063257,1174.6763,1219.3892,3
all_weights_residual,travel_time,40,1207.0906333333332,20.768894571503363,1177.7953,1223.5708,3
all_weights_residual,travel_time,41,1189.6057666666666,30.234519550378483,1147.0822,1214.7404,3
all_weights_residual,travel_time,42,1207.0834333333335,30.12634535555586,1173.0871,1246.3208,3
all_weights_residual,travel_time,43,1191.3897666666664,39.31531271021791,1136.0365,1223.5999,3
all_weights_residual,travel_time,44,1212.5327,66.052557121785,1131.0779,1292.8612,3
all_weights_residual,travel_time,45,1201.048633333333,38.871992584407316,1149.4508,1243.273,3
all_weights_residual,travel_time,46,1193.7710333333334,39.938884546377736,1161.9501,1250.0949,3
all_weights_residual,travel_time,47,1173.2620333333334,32.38531077143185,1135.0552,1214.2376,3
all_weights_residual,travel_time,48,1209.7524999999998,41.33154693136949,1164.0266,1264.148,3
all_weights_residual,travel_time,49,1199.8788666666667,30.487376000385606,1177.4897,1242.9837,3
all_weights_residual,travel_time,50,1183.4996333333331,23.75072604887878,1160.8881,1216.3155,3
all_weights_residual,travel_time,51,1210.7884666666669,15.014034008294482,1189.5761,1222.2061,3
all_weights_residual,travel_time,52,1210.7403000000002,26.54705650211845,1177.0853,1241.977,3
all_weights_residual,travel_time,53,1225.5639666666666,14.950884340696724,1206.5255,1243.0485,3
all_weights_residual,travel_time,54,1214.6971999999998,21.538330733988346,1184.2528,1230.7581,3
all_weights_residual,travel_time,55,1204.2047666666667,14.929946475531032,1190.847,1225.0446,3
all_weights_residual,travel_time,56,1216.6899,16.17898378287909,1194.2351,1231.722,3
all_weights_residual,travel_time,57,1209.0289333333333,15.86682382338132,1186.7815,1222.687,3
all_weights_residual,travel_time,58,1187.7089333333333,20.615683291502975,1170.7829,1216.7302,3
all_weights_residual,travel_time,59,1196.767,16.121565021010465,1174.0843,1210.103,3
all_weights_residual,travel_time,60,1208.2248333333334,26.18571133542525,1171.2181,1227.9171,3
all_weights_residual,travel_time,61,1215.1173333333334,9.74067120422868,1205.5783,1228.4936,3
all_weights_residual,travel_time,62,1188.8000666666667,7.194210326057748,1182.7911,1198.9147,3
all_weights_residual,travel_time,63,1177.4674333333332,44.16372830587964,1137.3775,1238.9883,3
all_weights_residual,travel_time,64,1203.0602999999999,27.56503238101972,1166.0698,1232.2103,3
all_weights_residual,travel_time,65,1216.1940333333332,36.07163385471869,1183.6834,1266.494,3
all_weights_residual,travel_time,66,1195.4567,27.17812318624426,1174.1824,1233.8162,3
all_weights_residual,travel_time,67,1182.4965666666667,26.093701324436285,1150.4235,1214.3385,3
all_weights_residual,travel_time,68,1164.5178000000003,26.297060719530393,1127.9111,1188.5014,3
all_weights_residual,travel_time,69,1193.9976333333332,41.72472116865757,1140.8895,1242.8244,3
all_weights_residual,travel_time,70,1214.2458666666666,16.841156106264027,1190.6756,1228.9922,3
all_weights_residual,travel_time,71,1163.0757666666666,42.26899951961122,1129.4756,1222.6926,3
all_weights_residual,travel_time,72,1213.228033333333,38.52935393630273,1158.8849,1243.847,3
all_weights_residual,travel_time,73,1236.7392333333335,36.95670317784796,1184.5655,1265.495,3
all_weights_residual,travel_time,74,1202.7813999999998,23.839744083078333,1169.0772,1220.3548,3
all_weights_residual,travel_time,75,1175.4932666666666,25.958029809718287,1141.4763,1204.4543,3
all_weights_residual,travel_time,76,1177.3569333333332,41.07215775180177,1134.9511,1232.9356,3
all_weights_residual,travel_time,77,1165.2737333333332,42.25172641059243,1131.6268,1224.8608,3
all_weights_residual,travel_time,78,1163.8198666666667,71.36126573794934,1077.1877,1251.9667,3
all_weights_residual,travel_time,79,1194.8239999999998,31.177886829075938,1164.3877,1237.6703,3
all_weights_residual,travel_time,80,1165.1595666666665,73.36089872197284,1096.04,1266.7238,3
all_weights_residual,travel_time,81,1193.5622999999998,60.83811468134091,1108.563,1247.6055,3
all_weights_residual,travel_time,82,1184.4675333333334,51.82102435121178,1145.9788,1257.722,3
all_weights_residual,travel_time,83,1192.1487333333334,22.077238920410508,1176.4267,1223.3704,3
all_weights_residual,travel_time,84,1186.4785,20.797611316847625,1162.0081,1212.8456,3
all_weights_residual,travel_time,85,1192.8789,31.74949166501194,1160.1275,1235.8545,3
all_weights_residual,travel_time,86,1188.0972666666667,13.818735981831162,1178.3084,1207.6399,3
all_weights_residual,travel_time,87,1172.5097666666668,22.617298122798715,1141.7064,1195.3732,3
all_weights_residual,travel_time,88,1185.2239000000002,22.467493781164457,1164.4263,1216.426,3
all_weights_residual,travel_time,89,1205.4979,29.259819712818953,1164.2819,1229.2897,3
all_weights_residual,travel_time,90,1203.4622333333334,49.08599857456525,1137.9593,1256.1179,3
all_weights_residual,travel_time,91,1180.6302999999998,14.057684956634851,1160.7624,1191.1788,3
all_weights_residual,travel_time,92,1185.9201,20.591310717387515,1156.9618,1203.0574,3
all_weights_residual,travel_time,93,1196.4104,70.37853806509482,1108.1473,1280.3782,3
all_weights_residual,travel_time,94,1173.6373999999998,43.39199362002162,1115.5832,1219.886,3
all_weights_residual,travel_time,95,1170.3650666666667,45.074398888233176,1107.2181,1209.4816,3
all_weights_residual,travel_time,96,1171.7506,43.38469545227517,1118.3839,1224.6512,3
all_weights_residual,travel_time,97,1149.8740666666665,45.87584215541866,1086.6112,1193.9653,3
all_weights_residual,travel_time,98,1207.4368333333334,53.494325799554574,1144.9373,1275.603,3
all_weights_residual,travel_time,99,1169.9941333333334,34.106721307227545,1121.8088,1195.9664,3
all_weights_residual,travel_time,100,1134.5832333333335,28.132884913369423,1106.3782,1172.9869,3
all_weights_residual,travel_time,101,1115.6167333333335,19.232136400191102,1089.5244,1135.3116,3
all_weights_residual,travel_time,102,1125.4936333333333,32.90989235982941,1088.4115,1168.392,3
all_weights_residual,travel_time,103,1168.6311666666668,35.22694374947803,1132.0181,1216.1955,3
all_weights_residual,travel_time,104,1167.4741666666669,36.00990953449101,1117.454,1200.7642,3
all_weights_residual,travel_time,105,1140.7801,52.29477557564106,1067.0255,1182.3807,3
all_weights_residual,travel_time,106,1198.9630666666667,39.49016433681791,1151.8329,1248.4756,3
all_weights_residual,travel_time,107,1171.3411333333333,33.317664818564666,1124.2819,1196.9132,3
all_weights_residual,travel_time,108,1160.6565333333333,16.330099507827768,1138.7631,1177.9685,3
all_weights_residual,travel_time,109,1147.2095,16.082015174100583,1134.3998,1169.8895,3
all_weights_residual,travel_time,110,1140.5144,3.185387627903376,1136.017,1142.9869,3
all_weights_residual,travel_time,111,1162.1430666666665,57.939390994517325,1091.8081,1233.7139,3
all_weights_residual,travel_time,112,1190.9471,28.549668786987144,1152.3959,1220.614,3
all_weights_residual,travel_time,113,1173.1133333333335,47.66637394672357,1105.8711,1210.8559,3
all_weights_residual,travel_time,114,1179.6224,56.322375484526525,1119.9455,1255.148,3
all_weights_residual,travel_time,115,1138.1704333333334,11.201387933446265,1124.3817,1151.8183,3
all_weights_residual,travel_time,116,1122.1204,38.24439009223002,1083.1891,1174.1009,3
all_weights_residual,travel_time,117,1182.894,53.19447203165628,1116.8757,1247.1388,3
all_weights_residual,travel_time,118,1122.9137333333333,24.650940422944444,1088.7157,1145.8757,3
all_weights_residual,travel_time,119,1112.6408,17.92923699956765,1091.097,1134.9922,3
all_weights_residual,travel_time,120,1137.1750666666665,11.890075372436584,1127.2748,1153.8959,3
all_weights_residual,travel_time,121,1111.4835,28.304680381284392,1071.8134,1135.9494,3
all_weights_residual,travel_time,122,1133.0735333333332,9.387552830684324,1119.801,1139.9727,3
all_weights_residual,travel_time,123,1125.1193333333333,47.801016933696665,1060.5839,1174.8166,3
all_weights_residual,travel_time,124,1124.6708,11.226817041649221,1109.6664,1136.6689,3
all_weights_residual,travel_time,125,1147.3116333333335,24.325095833498487,1114.8892,1173.4805,3
all_weights_residual,travel_time,126,1144.6825999999999,31.825205105806727,1109.8304,1186.7716,3
all_weights_residual,travel_time,127,1131.4006,9.967609103825515,1117.6409,1140.9324,3
all_weights_residual,travel_time,128,1093.2482666666667,8.431458031417588,1082.1994,1102.6555,3
all_weights_residual,travel_time,129,1106.9024,9.30495616038393,1096.2238,1118.9012,3
all_weights_residual,travel_time,130,1104.7506,20.974259779231,1076.1317,1125.8127,3
all_weights_residual,travel_time,131,1117.6342000000002,7.349937115830742,1107.5106,1124.7373,3
all_weights_residual,travel_time,132,1107.1765666666668,31.157939498019214,1081.0489,1150.9688,3
all_weights_residual,travel_time,133,1111.8660333333335,34.988657765465796,1075.7971,1159.2362,3
all_weights_residual,travel_time,134,1069.3170333333333,8.693953216779729,1057.0595,1076.2776,3
all_weights_residual,travel_time,135,1078.9833666666666,41.646959646480234,1020.9763,1116.8237,3
all_weights_residual,travel_time,136,1081.5522666666666,13.435251040039692,1063.199,1094.9865,3
all_weights_residual,travel_time,137,1085.4742666666668,20.419824406906336,1056.8902,1103.3254,3
all_weights_residual,travel_time,138,1110.1010666666668,37.25152500943938,1062.5914,1153.5698,3
all_weights_residual,travel_time,139,1113.4394666666667,42.61087518723619,1053.7298,1150.3368,3
all_weights_residual,travel_time,140,1095.9662333333333,43.26914944116907,1038.3155,1142.5574,3
all_weights_residual,travel_time,141,1095.5123999999998,41.969588993222224,1053.3407,1152.7691,3
all_weights_residual,travel_time,142,1121.9253,19.20423118186892,1104.6721,1148.7164,3
all_weights_residual,travel_time,143,1115.3466666666666,33.26251351760551,1089.5591,1162.3116,3
all_weights_residual,travel_time,144,1099.4158333333332,10.94295666394091,1085.0,1111.4982,3
all_weights_residual,travel_time,145,1123.0244333333333,28.45102558342827,1085.8633,1154.9646,3
all_weights_residual,travel_time,146,1081.3937333333333,53.68432839419299,1042.8275,1157.3116,3
all_weights_residual,travel_time,147,1055.1711666666667,40.7960109458701,1010.039,1108.8626,3
all_weights_residual,travel_time,148,1043.8512333333333,9.081958393919722,1033.1501,1055.353,3
all_weights_residual,travel_time,149,1011.0027,31.90980686319904,967.5478,1043.2709,3
all_weights_residual,travel_time,150,1055.1253666666667,41.464681486805404,996.7504,1089.1349,3
all_weights_residual,travel_time,151,1037.8548333333333,33.07752287262285,1005.8885,1083.415,3
all_weights_residual,travel_time,152,1077.7590666666667,46.48765938514101,1034.7528,1142.3261,3
all_weights_residual,travel_time,153,1075.293566666667,31.50735729765705,1050.4122,1119.7461,3
all_weights_residual,travel_time,154,1042.9348333333335,21.223954302365286,1012.9256,1058.4579,3
all_weights_residual,travel_time,155,1058.6266666666668,17.29117027663419,1040.5464,1081.9253,3
all_weights_residual,travel_time,156,1027.0029333333332,38.72361471026286,987.9097,1079.762,3
all_weights_residual,travel_time,157,988.9151333333333,65.7388431733392,901.9894,1060.932,3
all_weights_residual,travel_time,158,987.1213333333332,52.59053383422616,927.7142,1055.5772,3
all_weights_residual,travel_time,159,975.2724333333334,39.21386115430219,935.3467,1028.5676,3
all_weights_residual,travel_time,160,1007.5822666666667,38.62027426152691,973.7408,1061.6292,3
all_weights_residual,travel_time,161,964.0716333333334,32.379765068566435,921.6788,1000.2617,3
all_weights_residual,travel_time,162,988.6918,55.90181920766681,934.4193,1065.6115,3
all_weights_residual,travel_time,163,954.8467666666666,39.72817767700344,899.9012,992.4798,3
all_weights_residual,travel_time,164,965.7912,37.77467139614407,919.4515,1011.9798,3
all_weights_residual,travel_time,165,946.2307333333333,60.58656218762999,861.7404,1000.8102,3
all_weights_residual,travel_time,166,972.0560666666667,59.51796521064505,921.2766,1055.5807,3
all_weights_residual,travel_time,167,1021.3204666666667,97.59294255202174,933.7567,1157.4929,3
all_weights_residual,travel_time,168,1009.6654666666667,94.55561702279894,885.2999,1114.4047,3
all_weights_residual,travel_time,169,1020.0951666666666,67.45713774144943,925.3382,1077.0411,3
all_weights_residual,travel_time,170,1010.0671666666667,56.33742043138133,930.6119,1054.8941,3
all_weights_residual,travel_time,171,970.9861999999999,32.469812777717074,925.3495,998.2093,3
all_weights_residual,travel_time,172,962.9120333333334,12.351441650358964,946.6119,976.4996,3
all_weights_residual,travel_time,173,961.1049333333334,31.997184921003438,926.5513,1003.6852,3
all_weights_residual,travel_time,174,940.1835333333333,34.369017081506534,892.414,971.8399,3
all_weights_residual,travel_time,175,911.5264333333333,18.529798591697872,888.1353,933.4529,3
all_weights_residual,travel_time,176,894.4044,8.052664578883164,887.0786,905.6183,3
all_weights_residual,travel_time,177,899.0805,46.451522836824196,840.5492,954.176,3
all_weights_residual,travel_time,178,895.5926333333333,46.04640609098124,860.1094,960.6218,3
all_weights_residual,travel_time,179,908.2131666666666,46.76380851073713,842.1654,944.1611,3
all_weights_residual,travel_time,180,879.9835666666668,37.99455331266431,837.5464,929.745,3
all_weights_residual,travel_time,181,868.4143,26.933632779234692,847.0616,906.4069,3
all_weights_residual,travel_time,182,877.6326666666668,17.045559385430025,856.7436,898.4965,3
all_weights_residual,travel_time,183,863.1379999999999,11.367219887905717,848.1448,875.6569,3
all_weights_residual,travel_time,184,827.8242333333333,47.233554767794274,770.5768,886.2567,3
all_weights_residual,travel_time,185,852.5070999999999,47.86470875436304,800.6902,916.1356,3
all_weights_residual,travel_time,186,836.1436666666667,67.07533953206814,782.2238,930.6916,3
all_weights_residual,travel_time,187,845.4773333333333,40.49658505440785,790.5921,887.0857,3
all_weights_residual,travel_time,188,837.6749333333333,24.76062711353563,802.9076,858.6721,3
all_weights_residual,travel_time,189,832.1559333333333,35.68120499332325,802.4462,882.3339,3
all_weights_residual,travel_time,190,806.7319333333334,82.98490063099163,707.6055,910.7029,3
all_weights_residual,travel_time,191,817.5657333333334,51.81383463466962,753.7351,880.6459,3
all_weights_residual,travel_time,192,798.4028333333332,59.509524899315274,715.3059,851.4947,3
all_weights_residual,travel_time,193,771.9452333333334,26.06339850087773,737.4037,800.3566,3
all_weights_residual,travel_time,194,783.6554333333333,33.44005831985875,736.4695,809.9819,3
all_weights_residual,travel_time,195,779.5191333333333,34.664822418924295,730.5485,805.9749,3
all_weights_residual,travel_time,196,775.7345333333333,5.751738224417235,767.8424,781.3863,3
all_weights_residual,travel_time,197,753.9819666666666,14.736839184016256,735.233,771.238,3
all_weights_residual,travel_time,198,760.4863,27.883976286151626,727.6976,795.853,3
all_weights_residual,travel_time,199,770.121,28.33595109550174,731.8343,799.5106,3
all_weights_residual,travel_time,200,726.3023,70.66348014200828,633.3626,804.5786,3
all_weights_residual,travel_time,201,790.1926333333332,48.11549182611447,733.5701,851.1852,3
all_weights_residual,travel_time,202,766.5355333333333,53.23539433311475,695.6243,823.8934,3
all_weights_residual,travel_time,203,782.5386333333335,41.25388941116811,747.5351,840.4618,3
all_weights_residual,travel_time,204,747.7726666666667,47.22325643326837,703.1374,813.1115,3
all_weights_residual,travel_time,205,743.6592333333334,48.16231097752218,689.1593,806.289,3
all_weights_residual,travel_time,206,709.5681333333333,40.65446973944633,679.2008,767.0312,3
all_weights_residual,travel_time,207,753.8258,49.60652206978435,698.3453,818.75,3
all_weights_residual,travel_time,208,738.292,14.615688219398583,718.8442,754.0793,3
all_weights_residual,travel_time,209,717.4290666666667,31.547934524712655,687.8945,761.1565,3
all_weights_residual,travel_time,210,692.4162333333334,38.45550710109311,638.0698,721.3467,3
all_weights_residual,travel_time,211,709.0780333333333,58.9011295960914,661.3467,792.0648,3
all_weights_residual,travel_time,212,729.0095666666666,52.55334024381538,663.3399,791.9841,3
all_weights_residual,travel_time,213,723.1342,61.36625703207476,664.2709,807.7932,3
all_weights_residual,travel_time,214,678.5067333333334,47.4911845827787,629.2436,742.6728,3
all_weights_residual,travel_time,215,685.6256999999999,33.969255165909445,642.1512,725.0644,3
all_weights_residual,travel_time,216,675.2355000000001,36.721240246302486,638.0195,725.2107,3
all_weights_residual,travel_time,217,702.8417333333333,17.028959472289785,683.5701,724.9848,3
all_weights_residual,travel_time,218,675.7192,45.89802322852985,627.0818,737.2635,3
all_weights_residual,travel_time,219,668.5483666666667,11.118665060258923,654.6062,681.8162,3
all_weights_residual,travel_time,220,660.1277333333334,61.06813997933417,596.7362,742.6183,3
all_weights_residual,travel_time,221,674.7457666666667,24.358883302583685,645.9816,705.5443,3
all_weights_residual,travel_time,222,601.3693333333334,59.39270992977356,524.3527,668.9047,3
all_weights_residual,travel_time,223,649.1781,38.54337286719988,599.0113,692.7238,3
all_weights_residual,travel_time,224,663.9759333333333,49.8455552154408,595.8453,713.7107,3
all_weights_residual,travel_time,225,620.0658666666667,40.58669178456841,565.1027,661.8725,3
all_weights_residual,travel_time,226,574.7538000000001,73.84010127173447,492.9221,671.8499,3
all_weights_residual,travel_time,227,605.8726666666666,44.31553441283944,548.6034,656.5521,3
all_weights_residual,travel_time,228,608.4157666666666,42.56288910653926,574.5482,668.4441,3
all_weights_residual,travel_time,229,562.0299666666666,74.6249998503778,472.029,654.761,3
all_weights_residual,travel_time,230,529.6172333333333,45.2002878952729,467.2337,572.8846,3
all_weights_residual,travel_time,231,537.5975999999999,36.00697488996632,490.9911,578.6668,3
all_weights_residual,travel_time,232,525.0904999999999,89.12137308079731,450.62,650.3856,3
all_weights_residual,travel_time,233,498.9623333333334,60.23315465811905,420.6657,567.1671,3
all_weights_residual,travel_time,234,496.7421,32.99647916561202,458.3028,538.8739,3
all_weights_residual,travel_time,235,497.78720000000004,85.27383472101313,399.579,607.5032,3
all_weights_residual,travel_time,236,483.8394666666666,124.37420224085416,380.0276,658.7118,3
all_weights_residual,travel_time,237,448.4837333333333,47.54640554968962,391.9678,508.2925,3
all_weights_residual,travel_time,238,433.5042333333333,66.94492758605554,370.1887,526.1193,3
all_weights_residual,travel_time,239,413.3839666666667,53.37306385324176,358.5248,485.7121,3
all_weights_residual,travel_time,240,424.4177333333334,85.51063233919447,347.6994,543.7326,3
all_weights_residual,travel_time,241,430.1283,84.2110067065266,360.255,548.5846,3
all_weights_residual,travel_time,242,391.4955333333333,66.47346927561067,320.8233,480.5174,3
all_weights_residual,travel_time,243,394.8717,55.7819195031867,335.9299,469.75,3
all_weights_residual,travel_time,244,384.5328333333334,93.73261150636007,287.5018,511.2624,3
all_weights_residual,travel_time,245,401.76189999999997,89.21141209520225,311.9642,523.409,3
all_weights_residual,travel_time,246,405.28103333333337,119.58970100317538,290.9547,570.3778,3
all_weights_residual,travel_time,247,370.99583333333334,79.05293378575874,277.6618,470.9603,3
all_weights_residual,travel_time,248,366.44489999999996,78.8984544674989,273.1009,466.0567,3
all_weights_residual,travel_time,249,344.125,73.01968835928203,266.7022,442.0149,3
all_weights_residual,loss,0,0.002172,2.6280537792569476e-05,0.002142,0.002206,3
all_weights_residual,loss,1,0.0020210000000000002,2.4124676163629548e-05,0.001988,0.002045,3
all_weights_residual,loss,2,0.0019526666666666668,2.875567576825293e-05,0.001928,0.001993,3
all_weights_residual,loss,3,0.0019386666666666667,4.6549853800939946e-05,0.001875,0.001985,3
all_weights_residual,loss,4,0.00188,1.4854853303438158e-05,0.001859,0.001891,3
all_weights_residual,loss,5,0.0018096666666666667,6.451011979182448e-05,0.001726,0.001883,3
all_weights_residual,loss,6,0.0017816666666666666,6.278180911343312e-05,0.001693,0.00183,3
all_weights_residual,loss,7,0.0017906666666666668,0.0001339684871734975,0.001602,0.0019,3
all_weights_residual,loss,8,0.0016013333333333333,3.7721199462489155e-05,0.001548,0.001629,3
all_weights_residual,loss,9,0.001542,2.4657656011875882e-05,0.00151,0.00157,3
all_weights_residual,loss,10,0.001491,0.00014244531114314244,0.001305,0.001651,3
all_weights_residual,loss,11,0.001307,2.5350871122442054e-05,0.001277,0.001339,3
all_weights_residual,loss,12,0.0013523333333333332,3.316959786042372e-05,0.00131,0.001391,3
all_weights_residual,loss,13,0.0012053333333333334,2.368309289110886e-05,0.001176,0.001234,3
all_weights_residual,loss,14,0.0011256666666666665,7.363121318812803e-05,0.001022,0.001186,3
all_weights_residual,loss,15,0.001025,6.17791766428355e-05,0.000965,0.00111,3
all_weights_residual,loss,16,0.0010266666666666666,6.697926710723413e-05,0.000966,0.00112,3
all_weights_residual,loss,17,0.0009516666666666666,6.717803873952328e-05,0.000879,0.001041,3
all_weights_residual,loss,18,0.00082,1.883259585576739e-05,0.000798,0.000844,3
all_weights_residual,loss,19,0.000791,5.678614854580884e-05,0.000723,0.000862,3
all_weights_residual,loss,20,0.000808,1.275408431313933e-05,0.00079,0.000818,3
all_weights_residual,loss,21,0.0006640000000000001,4.880573736764973e-05,0.000628,0.000733,3
all_weights_residual,loss,22,0.0007173333333333333,7.926467617349411e-05,0.000653,0.000829,3
all_weights_residual,loss,23,0.000635,5.396295025292815e-05,0.000559,0.000679,3
all_weights_residual,loss,24,0.0005736666666666667,3.479782879561433e-05,0.000533,0.000618,3
all_weights_residual,loss,25,0.0005023333333333334,3.633486235314811e-05,0.000458,0.000547,3
all_weights_residual,loss,26,0.0004966666666666666,4.4191502451137457e-05,0.00045,0.000556,3
all_weights_residual,loss,27,0.00040599999999999995,1.8547236990991407e-05,0.00039,0.000432,3
all_weights_residual,loss,28,0.00041233333333333335,5.312459150169739e-06,0.000406,0.000419,3
all_weights_residual,loss,29,0.000421,8.570880934886448e-05,0.000338,0.000539,3
all_weights_residual,loss,30,0.0003606666666666667,2.0237478982214053e-05,0.000334,0.000383,3
all_weights_residual,loss,31,0.000315,3.505234181430203e-05,0.000266,0.000346,3
all_weights_residual,loss,32,0.0002926666666666667,1.7016332024133635e-05,0.00027,0.000311,3
all_weights_residual,loss,33,0.000314,5.6497787567302143e-05,0.000242,0.00038,3
all_weights_residual,loss,34,0.0003,5.571355310873647e-05,0.000244,0.000376,3
all_weights_residual,loss,35,0.0002516666666666667,1.5584892970081283e-05,0.00023,0.000266,3
all_weights_residual,loss,36,0.000208,1.3638181696985852e-05,0.00019,0.000223,3
all_weights_residual,loss,37,0.00020666666666666666,1.635712552851373e-05,0.000186,0.000226,3
all_weights_residual,loss,38,0.00021133333333333334,4.360682923070143e-05,0.00018,0.000273,3
all_weights_residual,loss,39,0.00017533333333333333,1.470449666674185e-05,0.000163,0.000196,3
all_weights_residual,loss,40,0.00015433333333333334,8.339997335464537e-06,0.000147,0.000166,3
all_weights_residual,loss,41,0.0001546666666666667,1.732692189115603e-05,0.000131,0.000172,3
all_weights_residual,loss,42,0.000193,6.377042156569665e-06,0.000188,0.000202,3
all_weights_residual,loss,43,0.000143,2.121320343559643e-05,0.000128,0.000173,3
all_weights_residual,loss,44,0.000142,3.645088019056147e-05,0.00011,0.000193,3
all_weights_residual,loss,45,0.00011666666666666665,1.1469767022723498e-05,0.000102,0.00013,3
all_weights_residual,loss,46,0.00010633333333333332,1.7632041540584252e-05,8.6e-05,0.000129,3
all_weights_residual,loss,47,0.00010233333333333335,2.6246692913372696e-06,0.0001,0.000106,3
all_weights_residual,loss,48,0.000131,2.6166135875720485e-05,0.000112,0.000168,3
all_weights_residual,loss,49,0.00010866666666666667,1.8372685039360893e-05,9.1e-05,0.000134,3
all_weights_residual,loss,50,9.333333333333333e-05,1.2498888839501783e-05,8.4e-05,0.000111,3
all_weights_residual,loss,51,0.000101,2.9631064780058113e-05,7.3e-05,0.000142,3
all_weights_residual,loss,52,9.266666666666668e-05,1.5839472494022297e-05,8e-05,0.000115,3
all_weights_residual,loss,53,8.233333333333333e-05,1.54344492037203e-05,6.1e-05,9.7e-05,3
all_weights_residual,loss,54,6.0666666666666666e-05,1.2364824660660938e-05,5e-05,7.8e-05,3
all_weights_residual,loss,55,7.066666666666667e-05,9.741092797468303e-06,5.7e-05,7.9e-05,3
all_weights_residual,loss,56,6.366666666666666e-05,4.496912521077344e-06,6e-05,7e-05,3
all_weights_residual,loss,57,7.133333333333334e-05,1.1841546445554407e-05,5.7e-05,8.6e-05,3
all_weights_residual,loss,58,5.466666666666667e-05,7.717224601860152e-06,4.4e-05,6.2e-05,3
all_weights_residual,loss,59,4.633333333333333e-05,8.178562764256865e-06,3.6e-05,5.6e-05,3
all_weights_residual,loss,60,4.433333333333334e-05,9.53356643071673e-06,3.4e-05,5.7e-05,3
all_weights_residual,loss,61,4.066666666666667e-05,5.249338582674541e-06,3.6e-05,4.8e-05,3
all_weights_residual,loss,62,3.833333333333333e-05,8.73053390247253e-06,2.6e-05,4.5e-05,3
all_weights_residual,loss,63,3.766666666666667e-05,7.84573486395988e-06,2.9e-05,4.8e-05,3
all_weights_residual,loss,64,3.5000000000000004e-05,1.061445555206044e-05,2.7e-05,5e-05,3
all_weights_residual,loss,65,4.6666666666666665e-05,8.25967446224258e-06,3.5e-05,5.3e-05,3
all_weights_residual,loss,66,3.7999999999999995e-05,2.943920288775949e-06,3.4e-05,4.1e-05,3
all_weights_residual,loss,67,3.8333333333333334e-05,5.90668171555645e-06,3e-05,4.3e-05,3
all_weights_residual,loss,68,3.033333333333333e-05,5.312459150169742e-06,2.4e-05,3.7e-05,3
all_weights_residual,loss,69,2.966666666666667e-05,1.114550233153366e-05,1.4e-05,3.9e-05,3
all_weights_residual,loss,70,1.7666666666666665e-05,3.39934634239519e-06,1.3e-05,2.1e-05,3
all_weights_residual,loss,71,2.8333333333333332e-05,6.128258770283413e-06,2.1e-05,3.6e-05,3
all_weights_residual,loss,72,1.4666666666666666e-05,2.3570226039551592e-06,1.3e-05,1.8e-05,3
all_weights_residual,loss,73,2.7666666666666667e-05,1.592342788332825e-05,1.4e-05,5e-05,3
all_weights_residual,loss,74,1.633333333333333e-05,1.1585431464655179e-05,1e-06,2.9e-05,3
all_weights_residual,loss,75,1.4666666666666666e-05,9.392668535736913e-06,3e-06,2.6e-05,3
all_weights_residual,loss,76,2.4999999999999998e-05,1.7454703282114727e-05,1e-06,4.2e-05,3
all_weights_residual,loss,77,1.8999999999999998e-05,7.788880963698616e-06,8e-06,2.5e-05,3
all_weights_residual,loss,78,8.666666666666668e-06,1.108552609887726e-05,-7e-06,1.7e-05,3
all_weights_residual,loss,79,1.3333333333333335e-05,8.055363982396381e-06,2e-06,2e-05,3
all_weights_residual,loss,80,1.6666666666666664e-05,4.988876515698588e-06,1e-05,2.2e-05,3
all_weights_residual,loss,81,1.3666666666666667e-05,8.576453553512405e-06,3e-06,2.4e-05,3
all_weights_residual,loss,82,1.3e-05,8.831760866327846e-06,1e-06,2.2e-05,3
all_weights_residual,loss,83,1.2666666666666667e-05,8.219218670625302e-06,2e-06,2.2e-05,3
all_weights_residual,loss,84,6.666666666666666e-06,1.2472191289246468e-06,5e-06,8e-06,3
all_weights_residual,loss,85,6e-06,9.41629792788369e-06,-5e-06,1.8e-05,3
all_weights_residual,loss,86,1.0333333333333333e-05,8.055363982396381e-06,-1e-06,1.7e-05,3
all_weights_residual,loss,87,1.3333333333333332e-06,7.5865377844940285e-06,-5e-06,1.2e-05,3
all_weights_residual,loss,88,4.333333333333333e-06,7.71722460186015e-06,-3e-06,1.5e-05,3
all_weights_residual,loss,89,-3.3333333333333325e-07,2.494438257849294e-06,-3e-06,3e-06,3
all_weights_residual,loss,90,7.000000000000001e-06,1.6268579122549907e-05,-5e-06,3e-05,3
all_weights_residual,loss,91,-3.666666666666667e-06,4.642796092394708e-06,-1e-05,1e-06,3
all_weights_residual,loss,92,-7.666666666666667e-06,5.185449728701349e-06,-1.5e-05,-4e-06,3
all_weights_residual,loss,93,7e-06,1.0033277962194942e-05,-7e-06,1.6e-05,3
all_weights_residual,loss,94,-2.0000000000000003e-06,1.0801234497346432e-05,-1.2e-05,1.3e-05,3
all_weights_residual,loss,95,-3.6666666666666666e-06,5.436502143433363e-06,-8e-06,4e-06,3
all_weights_residual,loss,96,-2.9999999999999997e-06,7.788880963698615e-06,-1.3e-05,6e-06,3
all_weights_residual,loss,97,-6.66666666666667e-07,6.128258770283412e-06,-5e-06,8e-06,3
all_weights_residual,loss,98,-1e-06,1.104536101718726e-05,-1.5e-05,1.2e-05,3
all_weights_residual,loss,99,-1.3333333333333332e-05,1.2472191289246475e-06,-1.5e-05,-1.2e-05,3
all_weights_residual,loss,100,5.3333333333333345e-06,1.0873004286866727e-05,-6e-06,2e-05,3
all_weights_residual,loss,101,-1e-06,8.286535263104036e-06,-1.2e-05,8e-06,3
all_weights_residual,loss,102,-6.666666666666665e-07,4.921607686744467e-06,-7e-06,5e-06,3
all_weights_residual,loss,103,-6.666666666666665e-07,5.4365021434333634e-06,-8e-06,5e-06,3
all_weights_residual,loss,104,-2.333333333333333e-06,9.568466729604882e-06,-1.1e-05,1.1e-05,3
all_weights_residual,loss,105,-5.333333333333333e-06,9.428090415820635e-07,-6e-06,-4e-06,3
all_weights_residual,loss,106,2.133333333333333e-05,3.38066397160216e-05,-1.1e-05,6.8e-05,3
all_weights_residual,loss,107,-4e-06,9.899494936611666e-06,-1.7e-05,7e-06,3
all_weights_residual,loss,108,-1.3e-05,1.2083045973594571e-05,-3e-05,-3e-06,3
all_weights_residual,loss,109,1.0666666666666666e-05,8.73053390247253e-06,-1e-06,2e-05,3
all_weights_residual,loss,110,-1e-05,3.741657386773941e-06,-1.5e-05,-6e-06,3
all_weights_residual,loss,111,1.333333333333333e-06,1.8263503375736965e-05,-1.4e-05,2.7e-05,3
all_weights_residual,loss,112,7.666666666666667e-06,2.0725722075613087e-05,-1.3e-05,3.6e-05,3
all_weights_residual,loss,113,-7e-06,6.48074069840786e-06,-1.6e-05,-1e-06,3
all_weights_residual,loss,114,-5.666666666666667e-06,7.363574011458174e-06,-1.5e-05,3e-06,3
all_weights_residual,loss,115,-2e-06,6.164414002968977e-06,-1e-05,5e-06,3
all_weights_residual,loss,116,-8e-06,4.96655480858378e-06,-1.2e-05,-1e-06,3
all_weights_residual,loss,117,-1.2666666666666667e-05,2.4944382578492936e-06,-1.6e-05,-1e-05,3
all_weights_residual,loss,118,-1.6666666666666665e-06,4.496912521077347e-06,-8e-06,2e-06,3
all_weights_residual,loss,119,-9.666666666666667e-06,9.672412085697939e-06,-1.7e-05,4e-06,3
all_weights_residual,loss,120,8e-06,2.728858125052797e-05,-2e-05,4.5e-05,3
all_weights_residual,loss,121,4e-06,1.0033277962194942e-05,-1e-05,1.3e-05,3
all_weights_residual,loss,122,-3.333333333333333e-06,5.4365021434333634e-06,-1.1e-05,1e-06,3
all_weights_residual,loss,123,1.4999999999999999e-05,3.184336665618132e-05,-9e-06,6e-05,3
all_weights_residual,loss,124,-1.4333333333333334e-05,4.027681991198191e-06,-2e-05,-1.1e-05,3
all_weights_residual,loss,125,-1.3e-05,6.68331255192114e-06,-2.2e-05,-6e-06,3
all_weights_residual,loss,126,-1.9666666666666666e-05,4.714045207910318e-06,-2.3e-05,-1.3e-05,3
all_weights_residual,loss,127,-2.1e-05,5.354126134736336e-06,-2.8e-05,-1.5e-05,3
all_weights_residual,loss,128,-7.333333333333333e-06,8.379870059984356e-06,-1.6e-05,4e-06,3
all_weights_residual,loss,129,-3.333333333333333e-06,1.1323525167642021e-05,-1.5e-05,1.2e-05,3
all_weights_residual,loss,130,-3.333333333333335e-07,8.806563209081938e-06,-8e-06,1.2e-05,3
all_weights_residual,loss,131,-1.0666666666666666e-05,8.055363982396381e-06,-2.2e-05,-4e-06,3
all_weights_residual,loss,132,-9.666666666666667e-06,1.3960261060914616e-05,-2.1e-05,1e-05,3
all_weights_residual,loss,133,-2.8234431575143343e-22,1.392838827718412e-05,-1.9e-05,1.4e-05,3
all_weights_residual,loss,134,-3.6666666666666666e-06,7.408703590297623e-06,-1.2e-05,6e-06,3
all_weights_residual,loss,135,5e-06,1.4514360704718161e-05,-9e-06,2.5e-05,3
all_weights_residual,loss,136,-1.1333333333333334e-05,7.408703590297623e-06,-1.8e-05,-1e-06,3
all_weights_residual,loss,137,6.666666666666665e-07,1.1953614051360737e-05,-1.5e-05,1.4e-05,3
all_weights_residual,loss,138,-8.666666666666668e-06,5.4365021434333634e-06,-1.6e-05,-3e-06,3
all_weights_residual,loss,139,-1.4333333333333332e-05,4.642796092394707e-06,-1.9e-05,-8e-06,3
all_weights_residual,loss,140,3.6666666666666653e-06,2.875567576825293e-05,-2.1e-05,4.4e-05,3
all_weights_residual,loss,141,2e-06,1.019803902718557e-05,-1.2e-05,1.2e-05,3
all_weights_residual,loss,142,-1.5e-05,2.9439202887759493e-06,-1.9e-05,-1.2e-05,3
all_weights_residual,loss,143,-4.666666666666667e-06,1.558489297008128e-05,-1.9e-05,1.7e-05,3
all_weights_residual,loss,144,-1.0999999999999998e-05,5.715476066494082e-06,-1.6e-05,-3e-06,3
all_weights_residual,loss,145,-2e-06,6.4807406984078604e-06,-1.1e-05,4e-06,3
all_weights_residual,loss,146,-9.666666666666667e-06,7.1336448530108985e-06,-1.7e-05,-0.0,3
all_weights_residual,loss,147,-2e-06,3.559026084010437e-06,-5e-06,3e-06,3
all_weights_residual,loss,148,-4.666666666666667e-06,4.109609335312651e-06,-1e-05,0.0,3
all_weights_residual,loss,149,1.533333333333333e-05,5.734883511361752e-06,8e-06,2.2e-05,3
all_weights_residual,loss,150,-1.2666666666666667e-05,8.498365855987973e-06,-2.1e-05,-1e-06,3
all_weights_residual,loss,151,-1.2333333333333334e-05,7.5865377844940285e-06,-2e-05,-2e-06,3
all_weights_residual,loss,152,-1.7333333333333336e-05,7.408703590297623e-06,-2.4e-05,-7e-06,3
all_weights_residual,loss,153,-5.999999999999999e-06,2.1228911104120874e-05,-3.2e-05,2e-05,3
all_weights_residual,loss,154,-1.6666666666666669e-06,9.285592184789412e-06,-1.1e-05,1.1e-05,3
all_weights_residual,loss,155,-6e-06,1.8018509002319442e-05,-2.9e-05,1.5e-05,3
all_weights_residual,loss,156,-1.3333333333333338e-06,1.0208928554075703e-05,-1e-05,1.3e-05,3
all_weights_residual,loss,157,7.666666666666666e-06,1.8263503375736965e-05,-1.2e-05,3.2e-05,3
all_weights_residual,loss,158,1.3666666666666669e-05,1.915434386474486e-05,-5e-06,4e-05,3
all_weights_residual,loss,159,-2e-06,8.831760866327847e-06,-1.4e-05,7e-06,3
all_weights_residual,loss,160,2.3333333333333336e-06,3.0912061651652345e-06,-2e-06,5e-06,3
all_weights_residual,loss,161,6.666666666666666e-06,1.2472191289246468e-06,5e-06,8e-06,3
all_weights_residual,loss,162,3.6666666666666666e-06,1.1897712198383166e-05,-1e-05,1.9e-05,3
all_weights_residual,loss,163,1.0333333333333332e-05,1.7745108872274884e-05,-6e-06,3.5e-05,3
all_weights_residual,loss,164,1.3e-05,1.414213562373095e-06,1.2e-05,1.5e-05,3
all_weights_residual,loss,165,1.3333333333333335e-05,1.3523641850067196e-05,-4e-06,2.9e-05,3
all_weights_residual,loss,166,5.666666666666668e-06,1.558489297008128e-05,-1.6e-05,2e-05,3
all_weights_residual,loss,167,1.3666666666666664e-05,1.6779617264870958e-05,-6e-06,3.5e-05,3
all_weights_residual,loss,168,1e-06,1.283225103661344e-05,-1e-05,1.9e-05,3
all_weights_residual,loss,169,-2.6666666666666673e-06,1.1953614051360737e-05,-1.6e-05,1.3e-05,3
all_weights_residual,loss,170,4.666666666666667e-06,1.948218559493661e-05,-2.2e-05,2.4e-05,3
all_weights_residual,loss,171,5.333333333333333e-06,1.438363267359428e-05,-1.5e-05,1.6e-05,3
all_weights_residual,loss,172,0.0,1.2754084313139327e-05,-1e-05,1.8e-05,3
all_weights_residual,loss,173,-3.3333333333333337e-06,1.3199326582148889e-05,-1.8e-05,1.4e-05,3
all_weights_residual,loss,174,-2.6666666666666664e-06,1.0274023338281627e-05,-1.6e-05,9e-06,3
all_weights_residual,loss,175,1.666666666666667e-06,1.0656244908763855e-05,-1.3e-05,1.2e-05,3
all_weights_residual,loss,176,1.3333333333333332e-05,1.4704496666741854e-05,-5e-06,3.1e-05,3
all_weights_residual,loss,177,3.8e-05,2.1740898478827107e-05,1.3e-05,6.6e-05,3
all_weights_residual,loss,178,1.6999999999999996e-05,2.857738033247041e-05,-1.8e-05,5.2e-05,3
all_weights_residual,loss,179,2.8000000000000003e-05,3.086529874578678e-05,-0.0,7.1e-05,3
all_weights_residual,loss,180,2e-05,3.409789827345179e-05,-8e-06,6.8e-05,3
all_weights_residual,loss,181,2.2666666666666668e-05,3.219040574802098e-05,-1.3e-05,6.5e-05,3
all_weights_residual,loss,182,1.4666666666666666e-05,1.1025223605694152e-05,1e-06,2.8e-05,3
all_weights_residual,loss,183,2.8333333333333335e-05,2.2484562605386737e-05,1e-05,6e-05,3
all_weights_residual,loss,184,2.4666666666666665e-05,1.155662388223981e-05,1.6e-05,4.1e-05,3
all_weights_residual,loss,185,1.9666666666666666e-05,1.961858529274955e-05,-5e-06,4.3e-05,3
all_weights_residual,loss,186,2.2333333333333335e-05,2.538153309440197e-05,-1e-05,5.2e-05,3
all_weights_residual,loss,187,1.4333333333333334e-05,1.0208928554075703e-05,2e-06,2.7e-05,3
all_weights_residual,loss,188,1.6666666666666664e-05,1.307244770075172e-05,1e-06,3.3e-05,3
all_weights_residual,loss,189,2.0333333333333334e-05,4.109609335312651e-06,1.5e-05,2.5e-05,3
all_weights_residual,loss,190,2.1999999999999996e-05,4.898979485566357e-06,1.6e-05,2.8e-05,3
all_weights_residual,loss,191,1.5333333333333334e-05,2.264705033528404e-05,-8e-06,4.6e-05,3
all_weights_residual,loss,192,2.2000000000000003e-05,6.1644140029689764e-06,1.4e-05,2.9e-05,3
all_weights_residual,loss,193,2.0333333333333334e-05,1.3888444437333105e-05,3e-06,3.7e-05,3
all_weights_residual,loss,194,3.766666666666666e-05,4.921607686744467e-06,3.2e-05,4.4e-05,3
all_weights_residual,loss,195,2.8333333333333335e-05,1.302134998974974e-05,1.5e-05,4.6e-05,3
all_weights_residual,loss,196,2.4999999999999998e-05,2.673325020768456e-05,-3e-06,6.1e-05,3
all_weights_residual,loss,197,2.9e-05,2.8284271247461916e-06,2.7e-05,3.3e-05,3
all_weights_residual,loss,198,1.2666666666666665e-05,6.599663291074443e-06,8e-06,2.2e-05,3
all_weights_residual,loss,199,1.2333333333333333e-05,7.1336448530108985e-06,5e-06,2.2e-05,3
all_weights_residual,loss,200,1.9e-05,8.16496580927726e-06,9e-06,2.9e-05,3
all_weights_residual,loss,201,2.133333333333333e-05,1.7913371790059205e-05,4e-06,4.6e-05,3
all_weights_residual,loss,202,-6e-06,7.348469228349535e-06,-1.5e-05,3e-06,3
all_weights_residual,loss,203,1.7666666666666668e-05,2.2065558884580487e-05,-1e-05,4.4e-05,3
all_weights_residual,loss,204,1.4999999999999999e-05,8.48528137423857e-06,3e-06,2.1e-05,3
all_weights_residual,loss,205,2.3e-05,1.1575836902790226e-05,7e-06,3.4e-05,3
all_weights_residual,loss,206,1.4666666666666666e-05,8.498365855987975e-06,3e-06,2.3e-05,3
all_weights_residual,loss,207,2.1e-05,1.6268579122549904e-05,9e-06,4.4e-05,3
all_weights_residual,loss,208,1.7666666666666668e-05,1.2229290885229428e-05,1e-06,3e-05,3
all_weights_residual,loss,209,7.666666666666667e-06,9.104333522498442e-06,-5e-06,1.6e-05,3
all_weights_residual,loss,210,3.3333333333333337e-06,8.993825042154694e-06,-8e-06,1.4e-05,3
all_weights_residual,loss,211,9.333333333333333e-06,2.0072092289766128e-05,-1.4e-05,3.5e-05,3
all_weights_residual,loss,212,-3.333333333333341e-07,2.0368821489936255e-05,-1.9e-05,2.8e-05,3
all_weights_residual,loss,213,8.333333333333334e-06,7.408703590297623e-06,-0.0,1.8e-05,3
all_weights_residual,loss,214,2.5333333333333334e-05,3.441253001774531e-05,-7e-06,7.3e-05,3
all_weights_residual,loss,215,2.0333333333333334e-05,7.408703590297623e-06,1.2e-05,3e-05,3
all_weights_residual,loss,216,1.1000000000000001e-05,2.0832666655999657e-05,-1.5e-05,3.6e-05,3
all_weights_residual,loss,217,1.0999999999999998e-05,1.2569805089976534e-05,-2e-06,2.8e-05,3
all_weights_residual,loss,218,8.666666666666668e-06,1.8408935028645433e-05,-1.3e-05,3.2e-05,3
all_weights_residual,loss,219,1.9333333333333333e-05,6.649979114420001e-06,1e-05,2.5e-05,3
all_weights_residual,loss,220,1.9e-05,3.741657386773941e-06,1.5e-05,2.4e-05,3
all_weights_residual,loss,221,1.7e-05,1.4696938456699068e-05,-1e-06,3.5e-05,3
all_weights_residual,loss,222,2.466666666666667e-05,2.5849994627121725e-05,3e-06,6.1e-05,3
all_weights_residual,loss,223,2.4e-05,4.960510726393671e-05,-1.5e-05,9.4e-05,3
all_weights_residual,loss,224,3.566666666666667e-05,1.7152907107024814e-05,1.5e-05,5.7e-05,3
all_weights_residual,loss,225,1.4999999999999999e-05,9.201449161228175e-06,2e-06,2.2e-05,3
all_weights_residual,loss,226,8e-06,9.797958971132714e-06,-4e-06,2e-05,3
all_weights_residual,loss,227,4.933333333333334e-05,3.5612107803698196e-05,4e-06,9.1e-05,3
all_weights_residual,loss,228,3.6e-05,2.5729360660537213e-05,5e-06,6.8e-05,3
all_weights_residual,loss,229,1.8e-05,1.1343133018115704e-05,9e-06,3.4e-05,3
all_weights_residual,loss,230,2.7000000000000002e-05,1.2083045973594571e-05,1.7e-05,4.4e-05,3
all_weights_residual,loss,231,4e-05,2.209072203437452e-05,1.4e-05,6.8e-05,3
all_weights_residual,loss,232,9.666666666666667e-06,2.3328570942563593e-05,-2.3e-05,3e-05,3
all_weights_residual,loss,233,-3.3333333333333325e-07,2.414309194964242e-05,-2.6e-05,3.2e-05,3
all_weights_residual,loss,234,4.333333333333333e-05,2.7475241379993166e-05,8e-06,7.5e-05,3
all_weights_residual,loss,235,1.7000000000000003e-05,1.9612920911140868e-05,-1e-05,3.6e-05,3
all_weights_residual,loss,236,-1.4e-05,1.2832251036613438e-05,-2.8e-05,3e-06,3
all_weights_residual,loss,237,-1.2333333333333334e-05,9.533566430716728e-06,-2.5e-05,-2e-06,3
all_weights_residual,loss,238,-1.2666666666666667e-05,1.8873850222522754e-05,-2.7e-05,1.4e-05,3
all_weights_residual,loss,239,1.3333333333333332e-05,4.362211467694899e-05,-1.9e-05,7.5e-05,3
all_weights_residual,loss,240,2.3333333333333336e-06,3.605859429071276e-05,-2.8e-05,5.3e-05,3
all_weights_residual,loss,241,-1.6999999999999996e-05,1.1775681155103796e-05,-2.9e-05,-1e-06,3
all_weights_residual,loss,242,8.333333333333332e-06,3.456716489515577e-05,-2e-05,5.7e-05,3
all_weights_residual,loss,243,-9e-06,1.9510680835549194e-05,-3e-05,1.7e-05,3
all_weights_residual,loss,244,5.666666666666667e-06,2.0725722075613083e-05,-1.5e-05,3.4e-05,3
all_weights_residual,loss,245,-1.7e-05,1.1860297916438131e-05,-3.1e-05,-2e-06,3
all_weights_residual,loss,246,-7.333333333333336e-06,1.1585431464655177e-05,-2e-05,8e-06,3
all_weights_residual,loss,247,5.3333333333333345e-06,4.106363625182532e-05,-3.4e-05,6.2e-05,3
all_weights_residual,loss,248,-1.5e-05,1.3490737563232042e-05,-3.2e-05,1e-06,3
all_weights_residual,loss,249,-9e-06,5.887840577551898e-06,-1.5e-05,-1e-06,3
all_weights_residual,reward,0,-67.49716666666667,0.960993431588145,-68.8247,-66.5814,3
all_weights_residual,reward,1,-65.93283333333333,0.10704704054241261,-66.0797,-65.8276,3
all_weights_residual,reward,2,-65.76516666666667,0.6534020729144456,-66.5922,-64.9947,3
all_weights_residual,reward,3,-66.74503333333334,0.816975908797533,-67.7613,-65.7609,3
all_weights_residual,reward,4,-66.13753333333334,1.029145112324899,-66.8798,-64.6822,3
all_weights_residual,reward,5,-65.6286,1.1041569181959625,-66.6336,-64.0911,3
all_weights_residual,reward,6,-66.63763333333333,1.4993789921905019,-67.7164,-64.5173,3
all_weights_residual,reward,7,-66.22343333333333,0.06170598746385097,-66.3091,-66.1662,3
all_weights_residual,reward,8,-66.2077,1.1321318062251695,-67.5729,-64.8007,3
all_weights_residual,reward,9,-66.05733333333335,0.10101373943952334,-66.2001,-65.9816,3
all_weights_residual,reward,10,-66.35006666666668,1.232670467814581,-67.9032,-64.8879,3
all_weights_residual,reward,11,-64.39323333333333,0.5329513694721328,-64.8624,-63.6478,3
all_weights_residual,reward,12,-66.81653333333334,1.02642746888852,-67.8057,-65.4019,3
all_weights_residual,reward,13,-65.25496666666668,0.3161880488288926,-65.5933,-64.8326,3
all_weights_residual,reward,14,-64.72606666666667,1.5798525929831435,-66.9569,-63.5037,3
all_weights_residual,reward,15,-64.61366666666667,1.3049185781325787,-66.3295,-63.1674,3
all_weights_residual,reward,16,-66.09813333333334,0.4116967681302432,-66.6737,-65.7343,3
all_weights_residual,reward,17,-65.02193333333334,0.16307072766815908,-65.2436,-64.856,3
all_weights_residual,reward,18,-64.15156666666667,1.034046718265455,-64.9479,-62.6912,3
all_weights_residual,reward,19,-63.92433333333333,2.288578670024014,-66.3586,-60.86,3
all_weights_residual,reward,20,-65.4441,1.355877268290407,-67.3616,-64.4851,3
all_weights_residual,reward,21,-64.49283333333334,2.0021038706542864,-67.0936,-62.2231,3
all_weights_residual,reward,22,-65.07036666666667,2.464468918223332,-68.1267,-62.0915,3
all_weights_residual,reward,23,-63.701666666666675,1.913663495904012,-65.6791,-61.1128,3
all_weights_residual,reward,24,-64.19439999999999,1.6242006834132308,-66.2719,-62.3071,3
all_weights_residual,reward,25,-63.043800000000005,1.278738365212632,-64.2549,-61.2752,3
all_weights_residual,reward,26,-63.34463333333334,1.700806916992309,-65.3847,-61.2211,3
all_weights_residual,reward,27,-60.449999999999996,0.9162600940780957,-61.5062,-59.2718,3
all_weights_residual,reward,28,-62.91636666666667,0.25281272823090895,-63.2285,-62.6093,3
all_weights_residual,reward,29,-61.864466666666665,2.1516869418099707,-64.5264,-59.2567,3
all_weights_residual,reward,30,-61.84813333333333,1.9140045704113542,-64.5483,-60.3339,3
all_weights_residual,reward,31,-62.35333333333333,2.2493334217545917,-64.6943,-59.3176,3
all_weights_residual,reward,32,-61.871633333333335,0.8230712983832084,-62.8992,-60.8843,3
all_weights_residual,reward,33,-62.94143333333333,2.2045412468105194,-66.0418,-61.107,3
all_weights_residual,reward,34,-62.18786666666667,2.498447403666707,-65.5601,-59.5883,3
all_weights_residual,reward,35,-61.893,1.0706377009365347,-63.2016,-60.5791,3
all_weights_residual,reward,36,-58.681099999999994,2.190147953906312,-61.7654,-56.8931,3
all_weights_residual,reward,37,-60.25403333333333,1.522508006182198,-62.4042,-59.0808,3
all_weights_residual,reward,38,-61.4167,1.456905165067377,-62.884,-59.4304,3
all_weights_residual,reward,39,-60.3436,1.319717434402783,-61.9556,-58.723,3
all_weights_residual,reward,40,-61.5103,1.1566459902090467,-62.8669,-60.0405,3
all_weights_residual,reward,41,-60.3084,1.9362099283565999,-62.3213,-57.6943,3
all_weights_residual,reward,42,-61.29663333333334,1.5743957705171288,-63.2916,-59.4429,3
all_weights_residual,reward,43,-60.668000000000006,2.2539812421579724,-62.269,-57.4804,3
all_weights_residual,reward,44,-61.34023333333332,3.6405373425117085,-65.9005,-56.9905,3
all_weights_residual,reward,45,-61.28156666666666,1.4136055704788701,-62.9273,-59.4758,3
all_weights_residual,reward,46,-60.827200000000005,2.4942060553744687,-64.3541,-59.0155,3
all_weights_residual,reward,47,-59.389266666666664,2.0408579443187342,-61.3088,-56.5629,3
all_weights_residual,reward,48,-61.22826666666666,2.4490247614555143,-64.2549,-58.2568,3
all_weights_residual,reward,49,-61.18446666666667,1.7351596609214055,-63.6216,-59.718,3
all_weights_residual,reward,50,-59.99766666666667,1.5901987597641871,-62.1509,-58.3591,3
all_weights_residual,reward,51,-61.67046666666667,0.8835123856265711,-62.6417,-60.5041,3
all_weights_residual,reward,52,-61.59626666666666,2.037605513559701,-64.1285,-59.1391,3
all_weights_residual,reward,53,-62.808833333333325,0.8840554670883998,-63.9499,-61.7958,3
all_weights_residual,reward,54,-61.885933333333334,1.652110085785919,-63.1068,-59.5503,3
all_weights_residual,reward,55,-61.342133333333344,0.508386843085287,-61.9746,-60.7298,3
all_weights_residual,reward,56,-62.019299999999994,1.0795431533755373,-62.9022,-60.4992,3
all_weights_residual,reward,57,-61.285833333333336,1.3670375204149363,-62.5755,-59.3937,3
all_weights_residual,reward,58,-59.768466666666676,1.2021739317678717,-61.4649,-58.8232,3
all_weights_residual,reward,59,-60.46216666666667,0.7457500489812625,-61.0859,-59.4138,3
all_weights_residual,reward,60,-61.89466666666667,2.051600439223541,-63.5131,-59.0,3
all_weights_residual,reward,61,-61.8795,0.3942859453070389,-62.1676,-61.322,3
all_weights_residual,reward,62,-60.18543333333333,0.17397090433620221,-60.4275,-60.0263,3
all_weights_residual,reward,63,-59.71006666666667,2.948853915601035,-63.8547,-57.2376,3
all_weights_residual,reward,64,-60.69273333333334,1.8312212124396356,-62.4718,-58.1734,3
all_weights_residual,reward,65,-62.14046666666667,2.091700681795133,-65.0244,-60.1284,3
all_weights_residual,reward,66,-60.7159,1.7874038323781218,-63.1667,-58.9544,3
all_weights_residual,reward,67,-60.1621,1.4874882610181066,-62.0354,-58.3966,3
all_weights_residual,reward,68,-59.23416666666666,1.5252437888926313,-60.6157,-57.1088,3
all_weights_residual,reward,69,-60.3837,2.3320981983327087,-63.1577,-57.4518,3
all_weights_residual,reward,70,-61.73236666666666,0.6451585352109629,-62.3169,-60.8334,3
all_weights_residual,reward,71,-58.84653333333333,2.6691971743495375,-62.5842,-56.5202,3
all_weights_residual,reward,72,-61.43536666666666,2.4824516649652812,-63.4536,-57.9385,3
all_weights_residual,reward,73,-62.842666666666666,2.4141226015999186,-64.8609,-59.4488,3
all_weights_residual,reward,74,-60.86823333333333,1.2226628871261112,-61.8491,-59.1446,3
all_weights_residual,reward,75,-59.51096666666666,1.428761921696156,-61.2203,-57.7232,3
all_weights_residual,reward,76,-59.78960000000001,2.3963008255781797,-62.8634,-57.0169,3
all_weights_residual,reward,77,-59.29926666666666,2.4422594788888077,-62.5987,-56.7651,3
all_weights_residual,reward,78,-58.7985,3.8664502436558865,-63.7856,-54.3631,3
all_weights_residual,reward,79,-60.14596666666667,1.6842904269223338,-62.507,-58.6927,3
all_weights_residual,reward,80,-58.64463333333333,3.728395251162205,-63.9115,-55.7956,3
all_weights_residual,reward,81,-60.6963,3.1200148471868943,-63.1627,-56.2946,3
all_weights_residual,reward,82,-59.98786666666666,2.9382957887561654,-64.1318,-57.649,3
all_weights_residual,reward,83,-60.150800000000004,0.9121378989312245,-61.4356,-59.4086,3
all_weights_residual,reward,84,-60.10616666666667,1.321169699756829,-61.7403,-58.5046,3
all_weights_residual,reward,85,-60.31946666666666,1.7986335578865276,-62.6322,-58.246,3
all_weights_residual,reward,86,-60.31623333333334,0.7589120033896486,-61.3744,-59.6318,3
all_weights_residual,reward,87,-58.996633333333335,0.9085583207599948,-59.8313,-57.7333,3
all_weights_residual,reward,88,-60.191766666666666,1.1049968999453772,-61.6743,-59.0226,3
all_weights_residual,reward,89,-61.3281,1.2553459363856632,-62.4605,-59.5778,3
all_weights_residual,reward,90,-60.75513333333333,2.8537299957930307,-63.7388,-56.9098,3
all_weights_residual,reward,91,-59.7575,0.4755342329072285,-60.2414,-59.1111,3
all_weights_residual,reward,92,-59.709966666666666,1.0765958242947473,-60.6627,-58.2051,3
all_weights_residual,reward,93,-60.71619999999999,4.06060541381044,-65.5577,-55.621,3
all_weights_residual,reward,94,-59.39586666666667,2.390698567829544,-62.0739,-56.2696,3
all_weights_residual,reward,95,-59.38346666666666,2.342317158048604,-61.4476,-56.1077,3
all_weights_residual,reward,96,-59.509966666666664,2.2519204609004775,-62.4268,-56.9444,3
all_weights_residual,reward,97,-58.105133333333335,2.370759310619466,-59.9697,-54.7597,3
all_weights_residual,reward,98,-61.5922,3.0245051793640587,-65.7455,-58.6301,3
all_weights_residual,reward,99,-59.16706666666667,2.7182316314512653,-61.5806,-55.3691,3
all_weights_residual,reward,100,-57.374066666666664,1.6701410246509802,-59.7357,-56.1605,3
all_weights_residual,reward,101,-56.40233333333333,1.581880916995825,-58.1338,-54.3098,3
all_weights_residual,reward,102,-56.5197,2.328909385671042,-59.7967,-54.5954,3
all_weights_residual,reward,103,-59.478,2.2002772007181286,-62.5518,-57.522,3
all_weights_residual,reward,104,-59.2276,1.4977631588472207,-60.9998,-57.3368,3
all_weights_residual,reward,105,-57.88033333333334,2.7965157539735443,-59.8726,-53.9255,3
all_weights_residual,reward,106,-60.9361,1.653423109793738,-63.1374,-59.1525,3
all_weights_residual,reward,107,-59.757733333333334,2.1211933313323628,-61.7339,-56.8151,3
all_weights_residual,reward,108,-58.928066666666666,0.868481300252854,-59.8022,-57.7438,3
all_weights_residual,reward,109,-58.57576666666666,1.2157448864333724,-60.267,-57.4621,3
all_weights_residual,reward,110,-57.879866666666665,0.2501279850174475,-58.1714,-57.5606,3
all_weights_residual,reward,111,-58.9941,3.4305538823927555,-63.3282,-54.939,3
all_weights_residual,reward,112,-60.28006666666667,2.0680863446405957,-62.4468,-57.4954,3
all_weights_residual,reward,113,-59.14586666666667,2.4710654063019515,-60.9594,-55.6521,3
all_weights_residual,reward,114,-60.049,3.5296114772025526,-64.8697,-56.5171,3
all_weights_residual,reward,115,-57.5348,0.7356671575289098,-58.3613,-56.5743,3
all_weights_residual,reward,116,-56.2563,1.9777548398794704,-58.9833,-54.3544,3
all_weights_residual,reward,117,-60.045633333333335,2.8822912764365465,-63.4071,-56.3682,3
all_weights_residual,reward,118,-56.5062,1.535688590394116,-58.1354,-54.4479,3
all_weights_residual,reward,119,-56.0349,0.8273628748419063,-56.9176,-54.9284,3
all_weights_residual,reward,120,-57.7986,0.1399990714254908,-57.9511,-57.613,3
all_weights_residual,reward,121,-55.6706,1.8158934788876417,-57.7298,-53.3121,3
all_weights_residual,reward,122,-56.935633333333335,0.5289595720741699,-57.3359,-56.1882,3
all_weights_residual,reward,123,-56.5299,2.907994822324598,-59.7868,-52.7268,3
all_weights_residual,reward,124,-56.50126666666667,0.2202299454862769,-56.7652,-56.2261,3
all_weights_residual,reward,125,-57.71733333333333,1.433624870350989,-59.0098,-55.7183,3
all_weights_residual,reward,126,-57.361700000000006,1.7549483886048225,-59.644,-55.3761,3
all_weights_residual,reward,127,-56.6395,0.719788028982607,-57.4454,-55.698,3
all_weights_residual,reward,128,-54.4563,0.6115851589653458,-55.0202,-53.6064,3
all_weights_residual,reward,129,-55.58873333333333,0.8610831331655623,-56.2403,-54.372,3
all_weights_residual,reward,130,-55.589133333333336,1.0756071845964743,-56.5721,-54.0923,3
all_weights_residual,reward,131,-55.4485,0.7133479702548192,-56.139,-54.4663,3
all_weights_residual,reward,132,-55.73336666666666,1.4450263350156936,-57.6956,-54.2579,3
all_weights_residual,reward,133,-55.706500000000005,1.9712847435111938,-58.285,-53.4994,3
all_weights_residual,reward,134,-53.30993333333333,0.5529745282460016,-54.0252,-52.6785,3
all_weights_residual,reward,135,-53.53106666666667,2.8904382555053645,-55.9141,-49.4633,3
all_weights_residual,reward,136,-54.1987,0.6651105221440042,-54.7272,-53.2606,3
all_weights_residual,reward,137,-54.002100000000006,1.4067510962024072,-55.6694,-52.2285,3
all_weights_residual,reward,138,-55.832899999999995,2.0143507605843305,-58.4643,-53.5721,3
all_weights_residual,reward,139,-56.1676,2.0189581884394405,-58.5996,-53.6561,3
all_weights_residual,reward,140,-54.64896666666667,2.982802007434545,-57.5906,-50.5598,3
all_weights_residual,reward,141,-54.216499999999996,2.5195344106931072,-57.5802,-51.5167,3
all_weights_residual,reward,142,-55.8785,1.247140120435551,-57.4699,-54.4243,3
all_weights_residual,reward,143,-55.7629,1.911189087104328,-58.4106,-53.9687,3
all_weights_residual,reward,144,-54.65573333333333,0.9289044670410888,-55.672,-53.4267,3
all_weights_residual,reward,145,-55.8188,1.1262854611509472,-57.2284,-54.4717,3
all_weights_residual,reward,146,-53.31123333333333,3.219055110156119,-57.7752,-50.3058,3
all_weights_residual,reward,147,-51.93553333333333,2.200370401142095,-55.045,-50.2766,3
all_weights_residual,reward,148,-51.57523333333334,0.8267758032797569,-52.7228,-50.8074,3
all_weights_residual,reward,149,-49.668499999999995,1.4732052153948785,-51.472,-47.8634,3
all_weights_residual,reward,150,-51.69326666666666,2.529354199966643,-53.5373,-48.1168,3
all_weights_residual,reward,151,-50.92483333333333,1.481089761703261,-52.8028,-49.1825,3
all_weights_residual,reward,152,-53.00156666666667,1.991787931036388,-55.7769,-51.1968,3
all_weights_residual,reward,153,-52.86066666666667,1.4206298657833265,-54.8572,-51.6683,3
all_weights_residual,reward,154,-50.8632,0.886521453021116,-51.6953,-49.635,3
all_weights_residual,reward,155,-51.974,0.7390115199823792,-53.0188,-51.4292,3
all_weights_residual,reward,156,-50.335633333333334,2.150732224667268,-53.1547,-47.9371,3
all_weights_residual,reward,157,-47.71523333333334,3.4650503039478218,-51.2233,-42.9981,3
all_weights_residual,reward,158,-47.36633333333334,2.147635059522193,-50.4027,-45.786,3
all_weights_residual,reward,159,-47.048300000000005,1.8167664094942615,-49.3879,-44.9589,3
all_weights_residual,reward,160,-49.657966666666674,2.1408670912091265,-52.1957,-46.9591,3
all_weights_residual,reward,161,-46.1943,1.3505719775956653,-47.6533,-44.3973,3
all_weights_residual,reward,162,-48.02563333333334,2.5307094530102727,-51.5782,-45.8736,3
all_weights_residual,reward,163,-45.57223333333334,2.0770889795309397,-48.3689,-43.3958,3
all_weights_residual,reward,164,-46.61116666666667,2.0357703166669405,-48.5633,-43.8025,3
all_weights_residual,reward,165,-44.89076666666667,3.7265742135222384,-48.2873,-39.7027,3
all_weights_residual,reward,166,-46.76236666666667,2.2236059218205826,-49.8798,-44.8461,3
all_weights_residual,reward,167,-50.112833333333334,4.748667676540675,-56.8277,-46.6677,3
all_weights_residual,reward,168,-48.4258,5.183254700153817,-53.7407,-41.3965,3
all_weights_residual,reward,169,-49.23356666666667,3.5867751833026205,-52.0572,-44.1724,3
all_weights_residual,reward,170,-48.482499999999995,3.4023831540064164,-51.0757,-43.6758,3
all_weights_residual,reward,171,-46.0266,1.691829307780981,-47.9185,-43.8122,3
all_weights_residual,reward,172,-45.54436666666667,1.3230579889869614,-47.2801,-44.0714,3
all_weights_residual,reward,173,-45.71293333333333,1.4352703469691295,-46.9454,-43.7,3
all_weights_residual,reward,174,-44.28473333333333,1.4088542492236589,-45.664,-42.3499,3
all_weights_residual,reward,175,-42.36376666666666,1.7132750165172617,-44.2316,-40.0933,3
all_weights_residual,reward,176,-41.207233333333335,1.0399999561965791,-42.18,-39.7655,3
all_weights_residual,reward,177,-41.6386,2.690255163858379,-45.0655,-38.4939,3
all_weights_residual,reward,178,-41.48173333333333,2.3467039826578504,-44.7814,-39.5242,3
all_weights_residual,reward,179,-42.24743333333333,2.8215574355703317,-45.092,-38.4017,3
all_weights_residual,reward,180,-40.55886666666667,2.398955245286768,-43.9515,-38.8596,3
all_weights_residual,reward,181,-40.20276666666667,1.6445844101845994,-42.4549,-38.5738,3
all_weights_residual,reward,182,-40.290866666666666,1.2512043860039646,-41.5507,-38.5849,3
all_weights_residual,reward,183,-39.82456666666667,0.7062740607504199,-40.5417,-38.8639,3
all_weights_residual,reward,184,-37.458400000000005,2.3442371424410107,-40.3427,-34.6007,3
all_weights_residual,reward,185,-38.603366666666666,2.442582257002256,-42.0185,-36.4464,3
all_weights_residual,reward,186,-37.66876666666667,4.262967641079263,-43.5534,-33.5917,3
all_weights_residual,reward,187,-37.933366666666664,2.5221403639677864,-39.9894,-34.3812,3
all_weights_residual,reward,188,-37.63463333333333,1.5352616939430523,-39.4026,-35.6592,3
all_weights_residual,reward,189,-37.408300000000004,1.2275782201825947,-39.1314,-36.3634,3
all_weights_residual,reward,190,-35.87016666666667,4.369458737901322,-41.1121,-30.4155,3
all_weights_residual,reward,191,-36.31406666666667,2.9433342276329313,-40.0693,-32.8813,3
all_weights_residual,reward,192,-34.716566666666665,2.9406740285557365,-36.8501,-30.5583,3
all_weights_residual,reward,193,-33.447966666666666,1.3093837337550143,-34.4572,-31.5988,3
all_weights_residual,reward,194,-34.427600000000005,1.6118061670064412,-35.9912,-32.2094,3
all_weights_residual,reward,195,-34.20986666666666,1.5584788509597716,-35.6692,-32.0498,3
all_weights_residual,reward,196,-34.010633333333324,0.7829954505331144,-35.0365,-33.1367,3
all_weights_residual,reward,197,-32.349399999999996,0.34408542543967224,-32.8335,-32.0646,3
all_weights_residual,reward,198,-32.397,1.262589769745766,-33.7995,-30.7387,3
all_weights_residual,reward,199,-33.28103333333333,1.6122798440579589,-34.4516,-31.0012,3
all_weights_residual,reward,200,-30.822966666666662,4.280295106908192,-35.6127,-25.2226,3
all_weights_residual,reward,201,-34.3484,2.448337445424275,-37.0601,-31.128,3
all_weights_residual,reward,202,-32.62016666666667,2.464346615681777,-35.3661,-29.3886,3
all_weights_residual,reward,203,-33.539633333333335,1.9315578933999242,-36.2692,-32.0828,3
all_weights_residual,reward,204,-31.306,2.081780340637953,-34.1148,-29.1376,3
all_weights_residual,reward,205,-31.251166666666666,2.7683392486390734,-34.5059,-27.7395,3
all_weights_residual,reward,206,-29.3296,1.2291860748750234,-31.0592,-28.3141,3
all_weights_residual,reward,207,-32.6012,1.9909026964336225,-35.2,-30.3636,3
all_weights_residual,reward,208,-31.4001,1.8581507958182515,-33.0625,-28.8064,3
all_weights_residual,reward,209,-29.962433333333333,2.267849416419785,-32.3294,-26.9047,3
all_weights_residual,reward,210,-27.908066666666667,2.215864782777946,-30.3787,-25.0033,3
all_weights_residual,reward,211,-29.27613333333333,2.950167367380291,-33.4163,-26.7594,3
all_weights_residual,reward,212,-30.462266666666665,2.2025472909540187,-32.8754,-27.55,3
all_weights_residual,reward,213,-29.943833333333334,3.2202665120900944,-34.2289,-26.4657,3
all_weights_residual,reward,214,-26.84823333333333,1.7014207912473884,-29.1433,-25.0748,3
all_weights_residual,reward,215,-26.588933333333333,2.391761546550064,-28.5965,-23.2276,3
all_weights_residual,reward,216,-26.817333333333334,1.6313134694336213,-29.0694,-25.2578,3
all_weights_residual,reward,217,-28.963566666666665,0.4565518760837095,-29.5904,-28.5161,3
all_weights_residual,reward,218,-26.734800000000003,3.2045105003208625,-30.1186,-22.4322,3
all_weights_residual,reward,219,-27.34656666666667,1.0022579353085161,-28.0995,-25.9301,3
all_weights_residual,reward,220,-26.580300000000005,3.8684437422129676,-31.0747,-21.6317,3
all_weights_residual,reward,221,-28.256,1.6018817018327758,-29.6976,-26.0218,3
all_weights_residual,reward,222,-22.676933333333334,4.488122856557689,-26.7997,-16.4362,3
all_weights_residual,reward,223,-25.923900000000003,2.137038616091591,-28.6561,-23.439,3
all_weights_residual,reward,224,-26.934933333333333,3.5243901224971603,-30.1203,-22.0223,3
all_weights_residual,reward,225,-23.85763333333333,3.159094538348326,-27.4271,-19.7461,3
all_weights_residual,reward,226,-21.730900000000002,5.4390831329063785,-28.4122,-15.0894,3
all_weights_residual,reward,227,-23.602766666666668,2.9502162195714106,-26.5713,-19.5795,3
all_weights_residual,reward,228,-23.6281,2.4958545750904633,-27.1558,-21.7621,3
all_weights_residual,reward,229,-21.016833333333334,4.547809335151254,-26.5262,-15.3883,3
all_weights_residual,reward,230,-18.068266666666663,3.4286595488940312,-20.612,-13.2214,3
all_weights_residual,reward,231,-18.913333333333338,2.3631705049690246,-21.1966,-15.6582,3
all_weights_residual,reward,232,-17.814966666666667,6.3625628223923165,-26.738,-12.3495,3
all_weights_residual,reward,233,-16.8373,3.8038212953116846,-21.3782,-12.0691,3
all_weights_residual,reward,234,-17.5652,2.5398691475480915,-20.0745,-14.0848,3
all_weights_residual,reward,235,-17.190733333333334,5.591681098640095,-24.9125,-11.853,3
all_weights_residual,reward,236,-16.7803,8.101987464813803,-28.2179,-10.4705,3
all_weights_residual,reward,237,-14.513733333333334,3.4923149698858613,-19.0442,-10.5454,3
all_weights_residual,reward,238,-13.896566666666667,4.50122350354755,-20.173,-9.8384,3
all_weights_residual,reward,239,-12.646466666666667,3.7262982098711435,-17.7623,-8.9935,3
all_weights_residual,reward,240,-13.328866666666665,5.110607892304877,-20.5162,-9.0763,3
all_weights_residual,reward,241,-13.8022,5.597438925675444,-21.7005,-9.3952,3
all_weights_residual,reward,242,-11.306599999999998,3.9016435135294802,-16.718,-7.6672,3
all_weights_residual,reward,243,-11.2166,3.5326239548905662,-16.1237,-7.951,3
all_weights_residual,reward,244,-11.138833333333332,4.947810565851886,-18.0855,-6.9381,3
all_weights_residual,reward,245,-12.176700000000002,5.59532398406622,-20.0134,-7.3091,3
all_weights_residual,reward,246,-12.818133333333334,7.28964053495705,-23.0968,-6.9932,3
all_weights_residual,reward,247,-10.693399999999999,4.484676886911697,-16.8741,-6.3711,3
all_weights_residual,reward,248,-10.431166666666668,4.5424031909209575,-16.699,-6.0783,3
all_weights_residual,reward,249,-8.9385,4.042830342717834,-14.6388,-5.7054,3
all_weights_residual,queue,0,16.884333333333334,0.24129235839997545,16.6512,17.2167,3
all_weights_residual,queue,1,16.495033333333335,0.025907056095888874,16.4688,16.5303,3
all_weights_residual,queue,2,16.4521,0.16381851747182394,16.2585,16.6591,3
all_weights_residual,queue,3,16.698133333333335,0.2061251453742495,16.4499,16.9546,3
all_weights_residual,queue,4,16.546733333333332,0.25848120928909973,16.1812,16.7323,3
all_weights_residual,queue,5,16.4187,0.27613065747938914,16.0348,16.6726,3
all_weights_residual,queue,6,16.672666666666668,0.37807915690882526,16.138,16.9438,3
all_weights_residual,queue,7,16.56853333333333,0.014552510283643775,16.5553,16.5888,3
all_weights_residual,queue,8,16.563599999999997,0.2843494680846092,16.2105,16.9068,3
all_weights_residual,queue,9,16.5249,0.025538337194630827,16.5059,16.561,3
all_weights_residual,queue,10,16.598466666666667,0.30823686058325767,16.2334,16.9873,3
all_weights_residual,queue,11,16.108166666666666,0.13413436878328025,15.9209,16.228,3
all_weights_residual,queue,12,16.716633333333334,0.2566395180447126,16.3627,16.9632,3
all_weights_residual,queue,13,16.325233333333333,0.07995766935628386,16.2173,16.4084,3
all_weights_residual,queue,14,16.190099999999997,0.39578717344889586,15.8843,16.749,3
all_weights_residual,queue,15,16.165766666666666,0.32751838964484997,15.8041,16.5972,3
all_weights_residual,queue,16,16.532866666666667,0.10414638202496022,16.441,16.6785,3
all_weights_residual,queue,17,16.268400000000003,0.04162619367657777,16.2249,16.3245,3
all_weights_residual,queue,18,16.047033333333335,0.2593141509615104,15.6808,16.2466,3
all_weights_residual,queue,19,15.990866666666667,0.5748666763307435,15.2203,16.6006,3
all_weights_residual,queue,20,16.36876666666667,0.3412748289705667,16.1262,16.8514,3
all_weights_residual,queue,21,16.1326,0.5026921921016883,15.5612,16.7846,3
all_weights_residual,queue,22,16.280066666666666,0.6193576367674999,15.5319,17.0486,3
all_weights_residual,queue,23,15.936333333333332,0.4799072780814598,15.2876,16.4334,3
all_weights_residual,queue,24,16.05913333333333,0.4068050911950614,15.5858,16.579,3
all_weights_residual,queue,25,15.768166666666668,0.3209127226452008,15.3246,16.0731,3
all_weights_residual,queue,26,15.845966666666664,0.4252700893419243,15.3161,16.3573,3
all_weights_residual,queue,27,15.1193,0.2292208251155785,14.8241,15.3829,3
all_weights_residual,queue,28,15.740566666666666,0.06499355523605578,15.6608,15.82,3
all_weights_residual,queue,29,15.472166666666666,0.53736605359434,14.8219,16.1379,3
all_weights_residual,queue,30,15.468466666666666,0.47972760558003646,15.0909,16.1454,3
all_weights_residual,queue,31,15.598066666666668,0.5629563472320824,14.8384,16.1842,3
all_weights_residual,queue,32,15.477433333333332,0.2060883359683955,15.2303,15.7348,3
all_weights_residual,queue,33,15.743566666666666,0.552915239636441,15.2815,16.5209,3
all_weights_residual,queue,34,15.554933333333333,0.6247851381786299,14.9064,16.3989,3
all_weights_residual,queue,35,15.481433333333333,0.26863161061614194,15.1535,15.8115,3
all_weights_residual,queue,36,14.6762,0.5502454422043556,14.2289,15.4513,3
all_weights_residual,queue,37,15.068266666666666,0.3834102792339066,14.7722,15.6097,3
all_weights_residual,queue,38,15.362833333333334,0.3668888145231771,14.8622,15.7312,3
all_weights_residual,queue,39,15.096200000000001,0.3318256871712412,14.6891,15.5019,3
all_weights_residual,queue,40,15.385566666666668,0.2906343904098218,15.0152,15.7251,3
all_weights_residual,queue,41,15.084466666666666,0.484950047828525,14.4295,15.5881,3
all_weights_residual,queue,42,15.331833333333334,0.39625534135902263,14.8646,15.8334,3
all_weights_residual,queue,43,15.171933333333333,0.567759628324836,14.369,15.5736,3
all_weights_residual,queue,44,15.3436,0.9134723750612268,14.2527,16.4883,3
all_weights_residual,queue,45,15.327033333333333,0.35809481363956597,14.8698,15.7442,3
all_weights_residual,queue,46,15.213099999999999,0.6252305228207171,14.759,16.0972,3
all_weights_residual,queue,47,14.853366666666666,0.513119332016334,14.1435,15.3387,3
all_weights_residual,queue,48,15.313366666666667,0.6148034771823887,14.5667,16.0725,3
all_weights_residual,queue,49,15.3033,0.43468853983820077,14.9336,15.9135,3
all_weights_residual,queue,50,15.005566666666667,0.3990950207100504,14.5937,15.5457,3
all_weights_residual,queue,51,15.4248,0.22176209474720085,15.1316,15.6678,3
all_weights_residual,queue,52,15.406333333333334,0.5127593349277567,14.7888,16.0443,3
all_weights_residual,queue,53,15.712633333333335,0.22209603528403818,15.4593,16.0001,3
all_weights_residual,queue,54,15.481066666666665,0.41342085363733455,14.8966,15.7865,3
all_weights_residual,queue,55,15.345933333333333,0.12640296234222076,15.1937,15.5032,3
all_weights_residual,queue,56,15.514066666666666,0.2718115196643116,15.1312,15.7352,3
all_weights_residual,queue,57,15.328533333333334,0.34352309319106283,14.853,15.6524,3
all_weights_residual,queue,58,14.9482,0.3037125724540668,14.7084,15.3767,3
all_weights_residual,queue,59,15.122633333333333,0.18432365254868646,14.8635,15.2767,3
all_weights_residual,queue,60,15.4825,0.5131311008569515,14.7585,15.8872,3
all_weights_residual,queue,61,15.479500000000002,0.09992440476013181,15.3382,15.5519,3
all_weights_residual,queue,62,15.053366666666667,0.0417820801567161,15.0171,15.1119,3
all_weights_residual,queue,63,14.932766666666666,0.7379429984008858,14.3144,15.97,3
all_weights_residual,queue,64,15.180133333333332,0.4598533848473399,14.548,15.6285,3
all_weights_residual,queue,65,15.542900000000001,0.5237852995264377,15.0385,16.2649,3
all_weights_residual,queue,66,15.187633333333332,0.45110709248346886,14.7417,15.8057,3
all_weights_residual,queue,67,15.048333333333332,0.37392259745686557,14.6069,15.5212,3
all_weights_residual,queue,68,14.8155,0.3847298359455203,14.2792,15.1631,3
all_weights_residual,queue,69,15.103466666666668,0.5838530484824266,14.37,15.7986,3
all_weights_residual,queue,70,15.441433333333334,0.16353597633412517,15.2133,15.5884,3
all_weights_residual,queue,71,14.714999999999998,0.6683439084782622,14.1293,15.6503,3
all_weights_residual,queue,72,15.365666666666664,0.6239751829110589,14.4866,15.8719,3
all_weights_residual,queue,73,15.7221,0.6038402492933594,14.8734,16.2284,3
all_weights_residual,queue,74,15.2249,0.3064984284897179,14.7928,15.4706,3
all_weights_residual,queue,75,14.885133333333334,0.3577954754077001,14.4385,15.3144,3
all_weights_residual,queue,76,14.954066666666668,0.6007631609507657,14.2591,15.7248,3
all_weights_residual,queue,77,14.830433333333332,0.6126592110536568,14.1949,15.6582,3
all_weights_residual,queue,78,14.706133333333334,0.9714863057306684,13.5917,15.9592,3
all_weights_residual,queue,79,15.044566666666668,0.4215148264164489,14.6806,15.6354,3
all_weights_residual,queue,80,14.663633333333332,0.9356830885626942,13.9484,15.9854,3
all_weights_residual,queue,81,15.180266666666666,0.7828838029292019,14.0758,15.7994,3
all_weights_residual,queue,82,15.004433333333333,0.7360903945093213,14.4213,16.0428,3
all_weights_residual,queue,83,15.045533333333333,0.22921451864041148,14.8573,15.3682,3
all_weights_residual,queue,84,15.034500000000001,0.33183397455153224,14.6299,15.4427,3
all_weights_residual,queue,85,15.090266666666665,0.45184068972248337,14.5682,15.6704,3
all_weights_residual,queue,86,15.0859,0.18863596334386143,14.9171,15.3492,3
all_weights_residual,queue,87,14.754433333333333,0.2288795073589784,14.4356,14.9622,3
all_weights_residual,queue,88,15.0567,0.27686329960228834,14.7626,15.4276,3
all_weights_residual,queue,89,15.340666666666666,0.3162916621657224,14.8995,15.6252,3
all_weights_residual,queue,90,15.196966666666668,0.7153283271027057,14.2326,15.9438,3
all_weights_residual,queue,91,14.9454,0.12129190684735194,14.7799,15.0672,3
all_weights_residual,queue,92,14.935900000000002,0.271095714954454,14.557,15.176,3
all_weights_residual,queue,93,15.186333333333332,1.0197558346105327,13.9065,16.4019,3
all_weights_residual,queue,94,14.854233333333333,0.6014499498896162,14.0685,15.5292,3
all_weights_residual,queue,95,14.854433333333333,0.58905309513565,14.0308,15.3744,3
all_weights_residual,queue,96,14.885666666666665,0.565971190864772,14.2405,15.6185,3
all_weights_residual,queue,97,14.5327,0.5974265310479611,13.6894,14.9992,3
all_weights_residual,queue,98,15.406733333333335,0.7597831020904738,14.6639,16.4505,3
all_weights_residual,queue,99,14.798833333333334,0.6850981746354964,13.8423,15.4106,3
all_weights_residual,queue,100,14.349033333333333,0.41962130811270976,14.0446,14.9424,3
all_weights_residual,queue,101,14.105966666666667,0.3977167361605775,13.5792,14.5401,3
all_weights_residual,queue,102,14.1321,0.5867146893223878,13.6468,14.9576,3
all_weights_residual,queue,103,14.877699999999999,0.5545080041502256,14.385,15.6524,3
all_weights_residual,queue,104,14.813733333333333,0.3770099232410497,14.3391,15.2614,3
all_weights_residual,queue,105,14.474466666666666,0.7048274792852183,13.4777,14.9767,3
all_weights_residual,queue,106,15.244266666666666,0.41368966092417125,14.7989,15.7955,3
all_weights_residual,queue,107,14.948566666666666,0.5315150191250998,14.2116,15.4452,3
all_weights_residual,queue,108,14.742033333333332,0.21921235265275438,14.4437,14.9642,3
all_weights_residual,queue,109,14.650566666666668,0.30512320280321004,14.3697,15.0747,3
all_weights_residual,queue,110,14.473766666666668,0.0622383768711519,14.3938,14.5456,3
all_weights_residual,queue,111,14.754766666666667,0.8627764265568588,13.7336,15.8437,3
all_weights_residual,queue,112,15.078766666666667,0.5178227002448704,14.3818,15.6219,3
all_weights_residual,queue,113,14.793966666666668,0.6217038541156251,13.915,15.2518,3
all_weights_residual,queue,114,15.020033333333332,0.8857603036688636,14.1329,16.2295,3
all_weights_residual,queue,115,14.388799999999998,0.18395120729874673,14.1491,14.5962,3
all_weights_residual,queue,116,14.070566666666666,0.49616209940793427,13.5928,14.7545,3
all_weights_residual,queue,117,15.0197,0.7236928814536358,14.0959,15.8631,3
all_weights_residual,queue,118,14.132733333333334,0.38615202820765965,13.6159,14.5439,3
all_weights_residual,queue,119,14.012666666666668,0.20682456871035002,13.7363,14.2338,3
all_weights_residual,queue,120,14.4565,0.03491742640382704,14.4103,14.4947,3
all_weights_residual,queue,121,13.922866666666666,0.458578719765998,13.3274,14.4431,3
all_weights_residual,queue,122,14.2413,0.13514059345733237,14.0502,14.3391,3
all_weights_residual,queue,123,14.137133333333333,0.7272021834095084,13.1848,14.9495,3
all_weights_residual,queue,124,14.132299999999999,0.054301626740518805,14.0663,14.1993,3
all_weights_residual,queue,125,14.438766666666666,0.36091035205743605,13.9354,14.7636,3
all_weights_residual,queue,126,14.345833333333333,0.44354242437699526,13.8433,14.9222,3
all_weights_residual,queue,127,14.165566666666669,0.18143932564052653,13.9278,14.368,3
all_weights_residual,queue,128,13.617866666666666,0.1532445612593007,13.4047,13.7583,3
all_weights_residual,queue,129,13.904133333333334,0.21699681001239485,13.5975,14.0681,3
all_weights_residual,queue,130,13.9037,0.267993320812292,13.5308,14.1488,3
all_weights_residual,queue,131,13.867099999999999,0.1770974872774879,13.6227,14.0367,3
all_weights_residual,queue,132,13.939233333333334,0.36248822816135085,13.5707,14.4321,3
all_weights_residual,queue,133,13.933733333333334,0.4934832542470135,13.3799,14.5784,3
all_weights_residual,queue,134,13.330066666666667,0.13863920401130783,13.1709,13.5088,3
all_weights_residual,queue,135,13.387299999999998,0.7273262862475597,12.3638,13.9876,3
all_weights_residual,queue,136,13.5525,0.16492630677568257,13.3198,13.6826,3
all_weights_residual,queue,137,13.503766666666666,0.35412965924298867,13.0578,13.9241,3
all_weights_residual,queue,138,13.963699999999998,0.5048661010604693,13.3964,14.6228,3
all_weights_residual,queue,139,14.049166666666666,0.5056592352782876,13.4209,14.6591,3
all_weights_residual,queue,140,13.6668,0.7496562545593818,12.6383,14.4038,3
all_weights_residual,queue,141,13.557699999999999,0.6318624111835317,12.8803,14.4011,3
all_weights_residual,queue,142,13.975200000000001,0.31249903466517553,13.611,14.3741,3
all_weights_residual,queue,143,13.948966666666665,0.4777487926608383,13.5,14.6107,3
all_weights_residual,queue,144,13.671199999999999,0.23278871679414956,13.3636,13.9266,3
all_weights_residual,queue,145,13.959433333333331,0.28370031527809214,13.62,14.3144,3
all_weights_residual,queue,146,13.332366666666667,0.8072277057242825,12.5769,14.4513,3
all_weights_residual,queue,147,12.986833333333331,0.5531354043591452,12.5721,13.7686,3
all_weights_residual,queue,148,12.895366666666666,0.2094050991632143,12.7016,13.1862,3
all_weights_residual,queue,149,12.415966666666668,0.37061823424590906,11.9601,12.8679,3
all_weights_residual,queue,150,12.923699999999998,0.6362787491867594,12.024,13.387,3
all_weights_residual,queue,151,12.732033333333334,0.3736256355706279,12.2897,13.2035,3
all_weights_residual,queue,152,13.255899999999999,0.5019152385280475,12.7995,13.9549,3
all_weights_residual,queue,153,13.219566666666665,0.35820710334789363,12.9183,13.7229,3
all_weights_residual,queue,154,12.7176,0.2241937703565078,12.4074,12.9295,3
all_weights_residual,queue,155,12.996566666666666,0.1856502147109515,12.8586,13.259,3
all_weights_residual,queue,156,12.584633333333331,0.5398748764502956,11.9826,13.2923,3
all_weights_residual,queue,157,11.926766666666666,0.8713498544722944,10.7407,12.8093,3
all_weights_residual,queue,158,11.8371,0.541286640022333,11.4361,12.6023,3
all_weights_residual,queue,159,11.7562,0.45882803605127165,11.2287,12.3472,3
all_weights_residual,queue,160,12.413566666666668,0.5391031461809719,11.7332,13.0517,3
all_weights_residual,queue,161,11.541400000000001,0.3411490094763083,11.0881,11.9111,3
all_weights_residual,queue,162,12.000566666666666,0.6378303501367389,11.4579,12.8959,3
all_weights_residual,queue,163,11.386533333333334,0.5220322872092192,10.8406,12.0899,3
all_weights_residual,queue,164,11.648000000000001,0.5129390282155044,10.9403,12.1398,3
all_weights_residual,queue,165,11.214633333333333,0.9402432214887567,9.9053,12.0701,3
all_weights_residual,queue,166,11.684966666666666,0.5603999900864466,11.1983,12.47,3
all_weights_residual,queue,167,12.527066666666665,1.193551602943454,11.6605,14.2148,3
all_weights_residual,queue,168,12.1031,1.3043245787251985,10.3345,13.4412,3
all_weights_residual,queue,169,12.306333333333333,0.9044970364179696,11.03,13.018,3
all_weights_residual,queue,170,12.117766666666668,0.8591726498336771,10.9039,12.7712,3
all_weights_residual,queue,171,11.500300000000001,0.42528631140287887,10.9425,11.974,3
all_weights_residual,queue,172,11.378533333333335,0.33074780254582037,11.0114,11.8131,3
all_weights_residual,queue,173,11.421866666666668,0.36244173171544236,10.9136,11.7334,3
all_weights_residual,queue,174,11.060666666666668,0.354338156128985,10.5734,11.4056,3
all_weights_residual,queue,175,10.578233333333332,0.43159016310487053,10.0068,11.0497,3
all_weights_residual,queue,176,10.2872,0.25997701180424926,9.9271,10.5315,3
all_weights_residual,queue,177,10.396333333333333,0.6744765097631066,9.6091,11.2564,3
all_weights_residual,queue,178,10.352833333333335,0.5908175484492277,9.8587,11.1834,3
all_weights_residual,queue,179,10.547366666666667,0.7128646544439943,9.5755,11.2654,3
all_weights_residual,queue,180,10.124466666666665,0.6045998805454359,9.6968,10.9795,3
all_weights_residual,queue,181,10.034933333333335,0.41594062343346844,9.624,10.6049,3
all_weights_residual,queue,182,10.057266666666667,0.31384822588137845,9.6285,10.371,3
all_weights_residual,queue,183,9.939233333333334,0.17822652876481535,9.6965,10.1194,3
all_weights_residual,queue,184,9.344933333333332,0.591150749715239,8.623,10.071,3
all_weights_residual,queue,185,9.632366666666668,0.6144823313615742,9.0871,10.491,3
all_weights_residual,queue,186,9.4,1.0726690294152554,8.3737,10.8806,3
all_weights_residual,queue,187,9.461366666666667,0.635120021903122,8.5668,9.9785,3
all_weights_residual,queue,188,9.389133333333334,0.3843049252293749,8.8922,9.8282,3
all_weights_residual,queue,189,9.330599999999999,0.30899907227476686,9.0694,9.7646,3
all_weights_residual,queue,190,8.946466666666666,1.099629168805961,7.5727,10.2645,3
all_weights_residual,queue,191,9.059700000000001,0.739510951011996,8.1988,10.0044,3
all_weights_residual,queue,192,8.656,0.7406939628933573,7.6086,9.1922,3
all_weights_residual,queue,193,8.337166666666667,0.32836571413931503,7.8734,8.5897,3
all_weights_residual,queue,194,8.581866666666667,0.40500166529150133,8.0247,8.9754,3
all_weights_residual,queue,195,8.525,0.3920576743286626,7.9816,8.8921,3
all_weights_residual,queue,196,8.477033333333333,0.19772933239377746,8.2557,8.7357,3
all_weights_residual,queue,197,8.059066666666666,0.0873086606369735,7.9853,8.1817,3
all_weights_residual,queue,198,8.073133333333333,0.31728020563673476,7.6574,8.4272,3
all_weights_residual,queue,199,8.2949,0.40811544935226335,7.7178,8.5908,3
all_weights_residual,queue,200,7.677166666666667,1.0764312559977474,6.2685,8.8813,3
all_weights_residual,queue,201,8.563966666666667,0.618101978281542,7.7508,9.2483,3
all_weights_residual,queue,202,8.128233333333334,0.6212824174417158,7.3131,8.8198,3
all_weights_residual,queue,203,8.363333333333333,0.4870133080545362,7.9949,9.0515,3
all_weights_residual,queue,204,7.800233333333334,0.524322511013551,7.2544,8.5078,3
all_weights_residual,queue,205,7.7866333333333335,0.6992491512726743,6.8992,8.6082,3
all_weights_residual,queue,206,7.2987,0.3107763504515749,7.0428,7.7361,3
all_weights_residual,queue,207,8.1279,0.5045290675471531,7.5612,8.7867,3
all_weights_residual,queue,208,7.822766666666666,0.4662353435289474,7.1721,8.2405,3
all_weights_residual,queue,209,7.4644,0.5709644005248197,6.6956,8.0626,3
all_weights_residual,queue,210,6.9452,0.5573029756484944,6.2141,7.5657,3
all_weights_residual,queue,211,7.289133333333333,0.744265724650067,6.6535,8.3335,3
all_weights_residual,queue,212,7.5901,0.5560547455062314,6.8543,8.1983,3
all_weights_residual,queue,213,7.4587666666666665,0.8104372701751125,6.5829,8.5369,3
all_weights_residual,queue,214,6.678833333333333,0.42730501466230836,6.2336,7.2553,3
all_weights_residual,queue,215,6.6115666666666675,0.6025927996767154,5.7647,7.1174,3
all_weights_residual,queue,216,6.671966666666666,0.40976473195671154,6.2821,7.2382,3
all_weights_residual,queue,217,7.2109,0.11417375647085745,7.0971,7.367,3
all_weights_residual,queue,218,6.6503000000000005,0.8072560560317897,5.5658,7.5014,3
all_weights_residual,queue,219,6.806166666666666,0.2523980630318352,6.4495,6.9967,3
all_weights_residual,queue,220,6.611466666666666,0.9739083780771625,5.3652,7.7424,3
all_weights_residual,queue,221,7.0292,0.4031020300949463,6.4674,7.3939,3
all_weights_residual,queue,222,5.628933333333333,1.1314478698650778,4.0549,6.6651,3
all_weights_residual,queue,223,6.449566666666667,0.537785938413748,5.8269,7.1391,3
all_weights_residual,queue,224,6.702266666666667,0.8886548686388632,5.463,7.5028,3
all_weights_residual,queue,225,5.928666666666667,0.7964801329739635,4.8927,6.8296,3
all_weights_residual,queue,226,5.388833333333333,1.3700060372940779,3.7139,7.0697,3
all_weights_residual,queue,227,5.861466666666668,0.7435568139392948,4.8467,6.6076,3
all_weights_residual,queue,228,5.8693,0.6261171509124045,5.3995,6.7542,3
all_weights_residual,queue,229,5.211799999999999,1.1433727330431953,3.7953,6.5954,3
all_weights_residual,queue,230,4.4668,0.866932527170752,3.2413,5.1107,3
all_weights_residual,queue,231,4.680266666666667,0.5936743795119416,3.8624,5.2535,3
all_weights_residual,queue,232,4.403433333333333,1.6054109885702856,3.0262,6.6552,3
all_weights_residual,queue,233,4.155733333333333,0.9615545237906283,2.9516,5.305,3
all_weights_residual,queue,234,4.339133333333334,0.6421718686526909,3.4591,4.9734,3
all_weights_residual,queue,235,4.243966666666666,1.4081359814386616,2.9011,6.1889,3
all_weights_residual,queue,236,4.140533333333333,2.0367870619079342,2.5561,7.016,3
all_weights_residual,queue,237,3.5683333333333334,0.8821709824190673,2.5669,4.7134,3
all_weights_residual,queue,238,3.415833333333333,1.1347539684393657,2.3927,4.9981,3
all_weights_residual,queue,239,3.100566666666667,0.941076406155325,2.1781,4.3926,3
all_weights_residual,queue,240,3.272266666666667,1.2864470045655032,2.199,5.0811,3
all_weights_residual,queue,241,3.3888999999999996,1.4111950113290508,2.2769,5.3801,3
all_weights_residual,queue,242,2.7648999999999995,0.983285299391789,1.8482,4.1288,3
all_weights_residual,queue,243,2.7395666666666667,0.8885250412278141,1.9166,3.9734,3
all_weights_residual,queue,244,2.7209333333333334,1.24252229043274,1.6679,4.4657,3
all_weights_residual,queue,245,2.983233333333333,1.4105666599711701,1.7553,4.9587,3
all_weights_residual,queue,246,3.1450333333333336,1.8361087065373394,1.6745,5.7337,3
all_weights_residual,queue,247,2.6134333333333335,1.1283637987024497,1.5265,4.1687,3
all_weights_residual,queue,248,2.546933333333333,1.1443463529699194,1.4488,4.1255,3
all_weights_residual,queue,249,2.1705,1.0157472224918953,1.3584,3.6027,3
all_weights_residual,delay,0,0.1328,0.0008831760866327912,0.1319,0.134,3
all_weights_residual,delay,1,0.1319,0.0018402898322456352,0.1293,0.1333,3
all_weights_residual,delay,2,0.13276666666666667,0.001065624490876388,0.1313,0.1338,3
all_weights_residual,delay,3,0.13133333333333333,0.0002624669291337322,0.1311,0.1317,3
all_weights_residual,delay,4,0.1329,0.0005354126134736318,0.1322,0.1335,3
all_weights_residual,delay,5,0.13259999999999997,0.0016309506430300063,0.1303,0.1339,3
all_weights_residual,delay,6,0.13163333333333335,0.0020270394394014354,0.1302,0.1345,3
all_weights_residual,delay,7,0.1318,0.0005354126134736317,0.1312,0.1325,3
all_weights_residual,delay,8,0.13103333333333333,0.0010274023338281636,0.1297,0.1322,3
all_weights_residual,delay,9,0.13073333333333334,0.0010077477638553941,0.1297,0.1321,3
all_weights_residual,delay,10,0.13146666666666665,0.001887385022252272,0.1293,0.1339,3
all_weights_residual,delay,11,0.13126666666666667,0.0007930251502246822,0.1302,0.1321,3
all_weights_residual,delay,12,0.13323333333333334,0.0014383632673594202,0.1318,0.1352,3
all_weights_residual,delay,13,0.1321,0.0004898979485566383,0.1315,0.1327,3
all_weights_residual,delay,14,0.13113333333333335,0.0017518244457961187,0.1297,0.1336,3
all_weights_residual,delay,15,0.13206666666666667,0.001371941041817109,0.1306,0.1339,3
all_weights_residual,delay,16,0.1308,0.0007257180352359098,0.1298,0.1315,3
all_weights_residual,delay,17,0.13063333333333335,0.0013274871834493243,0.1288,0.1319,3
all_weights_residual,delay,18,0.13306666666666667,0.001371941041817109,0.1316,0.1349,3
all_weights_residual,delay,19,0.13066666666666668,0.002735365098523817,0.1277,0.1343,3
all_weights_residual,delay,20,0.13143333333333332,0.0016779617264870929,0.1293,0.1334,3
all_weights_residual,delay,21,0.13053333333333336,0.0003858612300930034,0.13,0.1309,3
all_weights_residual,delay,22,0.13393333333333335,0.0025525586292102238,0.1306,0.1368,3
all_weights_residual,delay,23,0.13136666666666666,0.0032417416443771266,0.1268,0.134,3
all_weights_residual,delay,24,0.13043333333333332,0.0010338708279513883,0.1293,0.1318,3
all_weights_residual,delay,25,0.12946666666666665,0.0015691469727919741,0.1274,0.1312,3
all_weights_residual,delay,26,0.13113333333333335,0.0018553226733434341,0.1287,0.1332,3
all_weights_residual,delay,27,0.1298,0.0017907168024751039,0.1274,0.1317,3
all_weights_residual,delay,28,0.13116666666666668,0.0014383632673594332,0.1301,0.1332,3
all_weights_residual,delay,29,0.1308666666666667,0.0019136933459209713,0.1282,0.1326,3
all_weights_residual,delay,30,0.13016666666666665,0.0011145502331533679,0.1286,0.1311,3
all_weights_residual,delay,31,0.1312,0.0010984838035522674,0.1297,0.1323,3
all_weights_residual,delay,32,0.12953333333333333,0.0020757863302587032,0.1273,0.1323,3
all_weights_residual,delay,33,0.1304,0.001994993734326004,0.1276,0.1321,3
all_weights_residual,delay,34,0.1304,0.0010033277962194953,0.1295,0.1318,3
all_weights_residual,delay,35,0.12946666666666665,0.001255211358917515,0.1277,0.1305,3
all_weights_residual,delay,36,0.13013333333333332,0.0003091206165165153,0.1297,0.1304,3
all_weights_residual,delay,37,0.1292,0.0010708252269472634,0.128,0.1306,3
all_weights_residual,delay,38,0.13173333333333334,0.001265789169736498,0.1302,0.1333,3
all_weights_residual,delay,39,0.1307,0.0016990193249832905,0.1294,0.1331,3
all_weights_residual,delay,40,0.1312333333333333,0.0009392668535736897,0.1301,0.1324,3
all_weights_residual,delay,41,0.12893333333333332,0.0012283683848458866,0.1275,0.1305,3
all_weights_residual,delay,42,0.1312333333333333,0.0010274023338281636,0.1299,0.1324,3
all_weights_residual,delay,43,0.1291,0.001314026889628472,0.1276,0.1308,3
all_weights_residual,delay,44,0.13053333333333333,0.001973716179078327,0.1283,0.1331,3
all_weights_residual,delay,45,0.13076666666666667,0.0009463379711052254,0.1297,0.132,3
all_weights_residual,delay,46,0.13149999999999998,0.0009626352718795745,0.1302,0.1325,3
all_weights_residual,delay,47,0.12993333333333332,0.0015173075568988145,0.1284,0.132,3
all_weights_residual,delay,48,0.1321,0.0002160246899469263,0.1319,0.1324,3
all_weights_residual,delay,49,0.1294,0.0006164414002968988,0.1286,0.1301,3
all_weights_residual,delay,50,0.12896666666666667,0.0019258475767539092,0.1265,0.1312,3
all_weights_residual,delay,51,0.1295666666666667,0.0007408703590297618,0.1289,0.1306,3
all_weights_residual,delay,52,0.12913333333333332,0.0005436502143433287,0.1287,0.1299,3
all_weights_residual,delay,53,0.13013333333333332,0.0006182412330330517,0.1296,0.131,3
all_weights_residual,delay,54,0.12846666666666667,0.000555777733351101,0.1277,0.129,3
all_weights_residual,delay,55,0.1303,0.0015577761927397286,0.1281,0.1315,3
all_weights_residual,delay,56,0.12963333333333335,0.0012364824660660904,0.1279,0.1307,3
all_weights_residual,delay,57,0.1292333333333333,0.0007408703590297723,0.1284,0.1302,3
all_weights_residual,delay,58,0.1273,0.0010984838035522674,0.1262,0.1288,3
all_weights_residual,delay,59,0.13053333333333333,0.0009741092797468267,0.1292,0.1315,3
all_weights_residual,delay,60,0.12953333333333336,0.002472964932132186,0.1274,0.133,3
all_weights_residual,delay,61,0.1296,0.0023280893453645674,0.1268,0.1325,3
all_weights_residual,delay,62,0.1288,0.0019096247449869996,0.1274,0.1315,3
all_weights_residual,delay,63,0.12739999999999999,0.0011313708498984821,0.1266,0.129,3
all_weights_residual,delay,64,0.12966666666666668,0.0016336734339790478,0.1277,0.1317,3
all_weights_residual,delay,65,0.1297,0.0012675435561220996,0.1282,0.1313,3
all_weights_residual,delay,66,0.12803333333333333,0.0004496912521077243,0.1274,0.1284,3
all_weights_residual,delay,67,0.13026666666666667,0.000555777733351101,0.1295,0.1308,3
all_weights_residual,delay,68,0.12826666666666667,0.0009177266598624163,0.1273,0.1295,3
all_weights_residual,delay,69,0.13023333333333334,0.002217105219775448,0.1277,0.1331,3
all_weights_residual,delay,70,0.12956666666666664,0.0006548960901462791,0.1288,0.1304,3
all_weights_residual,delay,71,0.12716666666666668,0.0013199326582148797,0.1257,0.1289,3
all_weights_residual,delay,72,0.12876666666666667,0.002176133165859929,0.1268,0.1318,3
all_weights_residual,delay,73,0.13060000000000002,0.0020607442021431553,0.1279,0.1329,3
all_weights_residual,delay,74,0.12866666666666668,0.0021699974398346426,0.1256,0.1303,3
all_weights_residual,delay,75,0.12843333333333332,0.00116141675934562,0.1268,0.1294,3
all_weights_residual,delay,76,0.12816666666666668,0.001433720877840439,0.1265,0.13,3
all_weights_residual,delay,77,0.12933333333333333,0.00030912061651652833,0.1289,0.1296,3
all_weights_residual,delay,78,0.12923333333333334,0.0014974051630144156,0.1278,0.1313,3
all_weights_residual,delay,79,0.1302333333333333,0.0008653836657164845,0.1291,0.1312,3
all_weights_residual,delay,80,0.12846666666666665,0.0014522013940527962,0.1272,0.1305,3
all_weights_residual,delay,81,0.12916666666666665,0.0006342099196813475,0.1283,0.1298,3
all_weights_residual,delay,82,0.1317,0.0018457157599876118,0.1292,0.1336,3
all_weights_residual,delay,83,0.13036666666666666,0.002422578974747548,0.127,0.1326,3
all_weights_residual,delay,84,0.12906666666666666,0.0016659998666133087,0.1273,0.1313,3
all_weights_residual,delay,85,0.12853333333333336,0.0025927248643506763,0.1267,0.1322,3
all_weights_residual,delay,86,0.1268,0.0006976149845485371,0.1259,0.1276,3
all_weights_residual,delay,87,0.12843333333333334,0.0018553226733434341,0.126,0.1305,3
all_weights_residual,delay,88,0.128,0.0006683312551921222,0.1271,0.1287,3
all_weights_residual,delay,89,0.1295,0.001042433051407461,0.1281,0.1306,3
all_weights_residual,delay,90,0.12863333333333332,0.0013097921802925699,0.1271,0.1303,3
all_weights_residual,delay,91,0.1294,0.0013366625103842318,0.128,0.1312,3
all_weights_residual,delay,92,0.12746666666666664,0.0013719410418171116,0.126,0.1293,3
all_weights_residual,delay,93,0.1284,0.0025019992006393623,0.1249,0.1306,3
all_weights_residual,delay,94,0.12623333333333334,0.000784573486395983,0.1252,0.1271,3
all_weights_residual,delay,95,0.12913333333333332,0.0013888444437333033,0.1272,0.1304,3
all_weights_residual,delay,96,0.12639999999999998,0.0008524474568362921,0.1252,0.1271,3
all_weights_residual,delay,97,0.12553333333333333,0.0009809292646374825,0.1243,0.1267,3
all_weights_residual,delay,98,0.12703333333333333,0.0013199326582148919,0.1253,0.1285,3
all_weights_residual,delay,99,0.12706666666666666,0.0007408703590297723,0.1261,0.1279,3
all_weights_residual,delay,100,0.12673333333333334,0.0004189935029992188,0.1263,0.1273,3
all_weights_residual,delay,101,0.12716666666666668,0.0008178562764256877,0.1262,0.1282,3
all_weights_residual,delay,102,0.12633333333333333,0.000659966329107437,0.1254,0.1268,3
all_weights_residual,delay,103,0.12776666666666667,0.00028674417556807854,0.1274,0.1281,3
all_weights_residual,delay,104,0.12610000000000002,0.0007257180352359136,0.1251,0.1268,3
all_weights_residual,delay,105,0.12713333333333332,0.0017969109295924747,0.1249,0.1293,3
all_weights_residual,delay,106,0.12783333333333333,0.0014613540144521977,0.1263,0.1298,3
all_weights_residual,delay,107,0.12783333333333333,0.00196015872373189,0.1251,0.1296,3
all_weights_residual,delay,108,0.12686666666666668,0.0017745108872274924,0.1244,0.1285,3
all_weights_residual,delay,109,0.12613333333333332,0.0010274023338281636,0.1248,0.1273,3
all_weights_residual,delay,110,0.12696666666666667,0.0010656244908763927,0.1256,0.1282,3
all_weights_residual,delay,111,0.12603333333333333,0.0026398653164297786,0.1231,0.1295,3
all_weights_residual,delay,112,0.12646666666666667,0.002185304453744497,0.1236,0.1289,3
all_weights_residual,delay,113,0.12823333333333334,0.0010208928554075712,0.127,0.1295,3
all_weights_residual,delay,114,0.12763333333333335,0.0012552113589175096,0.1266,0.1294,3
all_weights_residual,delay,115,0.12549999999999997,0.0007257180352359098,0.1248,0.1265,3
all_weights_residual,delay,116,0.12566666666666668,0.0016739839372652986,0.1236,0.1277,3
all_weights_residual,delay,117,0.12733333333333333,0.0016759740119968722,0.1256,0.1296,3
all_weights_residual,delay,118,0.12503333333333333,0.0011469767022723493,0.1237,0.1265,3
all_weights_residual,delay,119,0.1246,0.0006683312551921097,0.1237,0.1253,3
all_weights_residual,delay,120,0.12513333333333335,0.0006128258770283392,0.1247,0.126,3
all_weights_residual,delay,121,0.12446666666666667,0.0017249798710580883,0.1231,0.1269,3
all_weights_residual,delay,122,0.1267,0.001818424226264776,0.1247,0.1291,3
all_weights_residual,delay,123,0.12406666666666666,0.001239175353029409,0.1227,0.1257,3
all_weights_residual,delay,124,0.12373333333333332,0.0018909139471577074,0.1218,0.1263,3
all_weights_residual,delay,125,0.1250666666666667,0.002015495527710796,0.123,0.1278,3
all_weights_residual,delay,126,0.12363333333333333,0.0009428090415820576,0.1223,0.1243,3
all_weights_residual,delay,127,0.12456666666666666,0.0007760297817881873,0.1236,0.1255,3
all_weights_residual,delay,128,0.1234,0.0010424330514074546,0.1223,0.1248,3
all_weights_residual,delay,129,0.12366666666666666,0.0009977753031397178,0.1226,0.125,3
all_weights_residual,delay,130,0.12446666666666667,0.0014429907214608894,0.1233,0.1265,3
all_weights_residual,delay,131,0.12346666666666667,0.0019482185594936632,0.1208,0.1254,3
all_weights_residual,delay,132,0.12376666666666668,0.001960158723731888,0.122,0.1265,3
all_weights_residual,delay,133,0.12416666666666666,0.0016357125528513687,0.1221,0.1261,3
all_weights_residual,delay,134,0.1228,0.0003741657386773925,0.1223,0.1232,3
all_weights_residual,delay,135,0.12363333333333333,0.0018873850222522724,0.1212,0.1258,3
all_weights_residual,delay,136,0.12319999999999999,0.0005715476066494076,0.1227,0.124,3
all_weights_residual,delay,137,0.12386666666666668,0.0028755675768253005,0.1214,0.1279,3
all_weights_residual,delay,138,0.1254333333333333,0.0006236095644623179,0.1246,0.1261,3
all_weights_residual,delay,139,0.12346666666666667,0.0005249338582674562,0.123,0.1242,3
all_weights_residual,delay,140,0.12403333333333334,0.001065624490876388,0.1228,0.1254,3
all_weights_residual,delay,141,0.12233333333333334,0.001721110752456747,0.12,0.1241,3
all_weights_residual,delay,142,0.1226,0.002246478726065896,0.1198,0.1253,3
all_weights_residual,delay,143,0.1234,0.002939387691339813,0.1198,0.127,3
all_weights_residual,delay,144,0.12483333333333335,0.0019601587237318917,0.1222,0.1269,3
all_weights_residual,delay,145,0.12333333333333334,0.0019396448701301536,0.1206,0.1249,3
all_weights_residual,delay,146,0.12246666666666667,0.0013072447700751752,0.1209,0.1241,3
all_weights_residual,delay,147,0.1221,0.0013952299690970903,0.1203,0.1237,3
all_weights_residual,delay,148,0.12156666666666666,0.0008178562764256873,0.1206,0.1226,3
all_weights_residual,delay,149,0.12063333333333333,0.0019136933459209778,0.1189,0.1233,3
all_weights_residual,delay,150,0.12086666666666666,0.001189771219838314,0.1192,0.1219,3
all_weights_residual,delay,151,0.11963333333333333,0.002673740617354065,0.117,0.1233,3
all_weights_residual,delay,152,0.1219,0.0026993826454703765,0.1183,0.1248,3
all_weights_residual,delay,153,0.12213333333333333,0.0018785337071473799,0.1198,0.1244,3
all_weights_residual,delay,154,0.11969999999999999,0.00016329931618554988,0.1195,0.1199,3
all_weights_residual,delay,155,0.12253333333333333,0.001357284871433487,0.121,0.1243,3
all_weights_residual,delay,156,0.11993333333333334,0.0003299831645537185,0.1197,0.1204,3
all_weights_residual,delay,157,0.11916666666666666,0.0017461067804945066,0.1167,0.1205,3
all_weights_residual,delay,158,0.11856666666666667,0.0011025223605694184,0.1172,0.1199,3
all_weights_residual,delay,159,0.1183,0.000979795897113271,0.1171,0.1195,3
all_weights_residual,delay,160,0.11996666666666667,0.0019737161790783276,0.1174,0.1222,3
all_weights_residual,delay,161,0.11703333333333334,0.0006599663291074459,0.1163,0.1179,3
all_weights_residual,delay,162,0.11816666666666668,0.002904402788105598,0.1143,0.1213,3
all_weights_residual,delay,163,0.11750000000000001,0.002885596414377219,0.1135,0.1202,3
all_weights_residual,delay,164,0.11743333333333333,0.0033309991827611637,0.1131,0.1212,3
all_weights_residual,delay,165,0.1165,0.0024344746182013636,0.1133,0.1192,3
all_weights_residual,delay,166,0.11593333333333333,0.0014839886193034728,0.1139,0.1174,3
all_weights_residual,delay,167,0.11893333333333334,0.001798765008430939,0.1168,0.1212,3
all_weights_residual,delay,168,0.11803333333333334,0.004680693206020757,0.1116,0.1226,3
all_weights_residual,delay,169,0.11793333333333333,0.0030825674724525064,0.1138,0.1212,3
all_weights_residual,delay,170,0.11756666666666667,0.0034615346628659137,0.1137,0.1221,3
all_weights_residual,delay,171,0.11783333333333335,0.0013670731102939917,0.1159,0.1188,3
all_weights_residual,delay,172,0.1156,0.001283225103661346,0.1142,0.1173,3
all_weights_residual,delay,173,0.11616666666666665,0.0021296843793284395,0.1132,0.1181,3
all_weights_residual,delay,174,0.11343333333333333,0.0008993825042154725,0.1123,0.1145,3
all_weights_residual,delay,175,0.11253333333333333,0.0028581268146968047,0.109,0.116,3
all_weights_residual,delay,176,0.11023333333333334,0.0023626726862225824,0.1069,0.1121,3
all_weights_residual,delay,177,0.11246666666666667,0.003267346867958095,0.1084,0.1164,3
all_weights_residual,delay,178,0.11186666666666667,0.0037508517551202787,0.1085,0.1171,3
all_weights_residual,delay,179,0.11143333333333334,0.0027475241379993163,0.1076,0.1139,3
all_weights_residual,delay,180,0.1115,0.002871701005791976,0.1078,0.1148,3
all_weights_residual,delay,181,0.10946666666666667,0.0008956685895029623,0.1086,0.1107,3
all_weights_residual,delay,182,0.10883333333333334,0.0013767917618708952,0.1069,0.11,3
all_weights_residual,delay,183,0.10963333333333332,0.0016357125528513687,0.1077,0.1117,3
all_weights_residual,delay,184,0.10676666666666666,0.0005436502143433347,0.1062,0.1075,3
all_weights_residual,delay,185,0.10826666666666666,0.0010077477638553989,0.1069,0.1093,3
all_weights_residual,delay,186,0.10593333333333332,0.0022661764175711343,0.1034,0.1089,3
all_weights_residual,delay,187,0.10746666666666665,0.003946587837050576,0.1022,0.1117,3
all_weights_residual,delay,188,0.10553333333333333,0.000980929264637477,0.1043,0.1067,3
all_weights_residual,delay,189,0.10583333333333333,0.002088593359709403,0.1034,0.1085,3
all_weights_residual,delay,190,0.10563333333333332,0.002536839678725395,0.1031,0.1091,3
all_weights_residual,delay,191,0.10803333333333333,0.00401441845795323,0.1025,0.1119,3
all_weights_residual,delay,192,0.10426666666666667,0.0010780641085864177,0.1031,0.1057,3
all_weights_residual,delay,193,0.10466666666666667,0.0022484562605386694,0.1015,0.1065,3
all_weights_residual,delay,194,0.1043,0.002051016008388688,0.1014,0.1058,3
all_weights_residual,delay,195,0.10356666666666665,0.0012472191289246432,0.1019,0.1049,3
all_weights_residual,delay,196,0.103,0.0004242640687119276,0.1027,0.1036,3
all_weights_residual,delay,197,0.10216666666666667,0.0011953614051360745,0.1006,0.1035,3
all_weights_residual,delay,198,0.102,0.001283225103661346,0.1006,0.1037,3
all_weights_residual,delay,199,0.10353333333333332,0.0025940101944458313,0.1016,0.1072,3
all_weights_residual,delay,200,0.10123333333333333,0.0022291004663067267,0.0981,0.1031,3
all_weights_residual,delay,201,0.1048,0.0027904599381941807,0.1012,0.108,3
all_weights_residual,delay,202,0.10253333333333332,0.0018979521127315687,0.0999,0.1043,3
all_weights_residual,delay,203,0.10346666666666667,0.0035235714205271228,0.1,0.1083,3
all_weights_residual,delay,204,0.102,0.0023366642891095835,0.0993,0.105,3
all_weights_residual,delay,205,0.10346666666666667,0.0043560940710177,0.0999,0.1096,3
all_weights_residual,delay,206,0.10073333333333334,0.0017152907107024847,0.0986,0.1028,3
all_weights_residual,delay,207,0.09953333333333332,0.00046427960923947127,0.0989,0.1,3
all_weights_residual,delay,208,0.10076666666666667,0.00020548046676563243,0.1005,0.101,3
all_weights_residual,delay,209,0.0987,0.001557776192739722,0.0965,0.0999,3
all_weights_residual,delay,210,0.0972,0.0009933109617167584,0.0958,0.098,3
all_weights_residual,delay,211,0.09693333333333333,0.0018116904322268259,0.0949,0.0993,3
all_weights_residual,delay,212,0.09849999999999999,0.002196967607104549,0.0963,0.1015,3
all_weights_residual,delay,213,0.09756666666666668,0.003143600200760621,0.0937,0.1014,3
all_weights_residual,delay,214,0.09733333333333334,0.0011323525167642044,0.0958,0.0985,3
all_weights_residual,delay,215,0.0962,0.0022627416997969517,0.093,0.0978,3
all_weights_residual,delay,216,0.09563333333333333,0.000984321537348893,0.0945,0.0969,3
all_weights_residual,delay,217,0.09696666666666666,0.00036817870057290794,0.0965,0.0974,3
all_weights_residual,delay,218,0.09573333333333334,0.0013888444437333142,0.0938,0.097,3
all_weights_residual,delay,219,0.09726666666666667,0.0017249798710580815,0.0959,0.0997,3
all_weights_residual,delay,220,0.09646666666666666,0.002098147330914163,0.0935,0.098,3
all_weights_residual,delay,221,0.09616666666666668,0.0004189935029992173,0.0956,0.0966,3
all_weights_residual,delay,222,0.0924,0.0033356658505711676,0.0877,0.0951,3
all_weights_residual,delay,223,0.09576666666666667,0.004677843757782236,0.0916,0.1023,3
all_weights_residual,delay,224,0.09403333333333334,0.0015434449203720337,0.0919,0.0955,3
all_weights_residual,delay,225,0.09303333333333334,0.0017782638224465512,0.0906,0.0948,3
all_weights_residual,delay,226,0.09186666666666667,0.003904128868547016,0.0868,0.0963,3
all_weights_residual,delay,227,0.09223333333333333,0.0025249862485874136,0.0903,0.0958,3
all_weights_residual,delay,228,0.09263333333333333,0.0029032548783888886,0.0892,0.0963,3
all_weights_residual,delay,229,0.08990000000000002,0.004099593475781063,0.0858,0.0955,3
all_weights_residual,delay,230,0.08779999999999999,0.004536518488885501,0.0824,0.0935,3
all_weights_residual,delay,231,0.08953333333333334,0.0033806639716021623,0.0863,0.0942,3
all_weights_residual,delay,232,0.08563333333333334,0.005640527950073075,0.0813,0.0936,3
all_weights_residual,delay,233,0.0871,0.004450468140169829,0.0817,0.0926,3
all_weights_residual,delay,234,0.08853333333333334,0.003936439451529207,0.0831,0.0923,3
all_weights_residual,delay,235,0.08606666666666667,0.005863635580612273,0.0806,0.0942,3
all_weights_residual,delay,236,0.08410000000000001,0.007915806970865325,0.0768,0.0951,3
all_weights_residual,delay,237,0.08283333333333333,0.005564969801255783,0.0763,0.0899,3
all_weights_residual,delay,238,0.08146666666666667,0.006953336529241838,0.0765,0.0913,3
all_weights_residual,delay,239,0.08133333333333333,0.00683975308196299,0.0762,0.091,3
all_weights_residual,delay,240,0.08043333333333334,0.008332399947727482,0.074,0.0922,3
all_weights_residual,delay,241,0.07993333333333334,0.00898047264284508,0.0728,0.0926,3
all_weights_residual,delay,242,0.078,0.00745519952784632,0.0709,0.0883,3
all_weights_residual,delay,243,0.07706666666666667,0.007027722880769339,0.0709,0.0869,3
all_weights_residual,delay,244,0.07719999999999999,0.00841704619606348,0.071,0.0891,3
all_weights_residual,delay,245,0.07683333333333335,0.00906065977484838,0.0695,0.0896,3
all_weights_residual,delay,246,0.07743333333333334,0.008974903280196888,0.0704,0.0901,3
all_weights_residual,delay,247,0.07450000000000001,0.0077888809636986155,0.0685,0.0855,3
all_weights_residual,delay,248,0.0741,0.007950262050188448,0.067,0.0852,3
all_weights_residual,delay,249,0.07263333333333333,0.008249579113843055,0.0668,0.0843,3
all_weights_residual,throughput,0,1650.3333333333333,2.494438257849294,1647.0,1653.0,3
all_weights_residual,throughput,1,1660.3333333333333,32.1696889771861,1617.0,1694.0,3
all_weights_residual,throughput,2,1685.3333333333333,17.21110752456745,1662.0,1703.0,3
all_weights_residual,throughput,3,1656.0,25.152865973217974,1628.0,1689.0,3
all_weights_residual,throughput,4,1678.3333333333333,4.0276819911981905,1675.0,1684.0,3
all_weights_residual,throughput,5,1683.6666666666667,25.381533094401966,1648.0,1705.0,3
all_weights_residual,throughput,6,1658.3333333333333,45.791799362865056,1597.0,1707.0,3
all_weights_residual,throughput,7,1646.3333333333333,40.14418457953226,1591.0,1685.0,3
all_weights_residual,throughput,8,1646.0,17.663521732655695,1622.0,1664.0,3
all_weights_residual,throughput,9,1655.0,25.78113005022601,1632.0,1691.0,3
all_weights_residual,throughput,10,1669.0,46.26733909213568,1615.0,1728.0,3
all_weights_residual,throughput,11,1692.3333333333333,11.145502331533658,1680.0,1707.0,3
all_weights_residual,throughput,12,1650.0,19.096247449870006,1636.0,1677.0,3
all_weights_residual,throughput,13,1644.3333333333333,6.342099196813483,1638.0,1653.0,3
all_weights_residual,throughput,14,1680.6666666666667,51.08380913318383,1610.0,1729.0,3
all_weights_residual,throughput,15,1685.0,10.424330514074594,1674.0,1699.0,3
all_weights_residual,throughput,16,1625.3333333333333,8.806563209081938,1613.0,1633.0,3
all_weights_residual,throughput,17,1652.0,36.88721549082645,1617.0,1703.0,3
all_weights_residual,throughput,18,1715.6666666666667,24.997777679003566,1697.0,1751.0,3
all_weights_residual,throughput,19,1709.6666666666667,41.89935029992178,1653.0,1753.0,3
all_weights_residual,throughput,20,1657.3333333333333,32.262809686834295,1622.0,1700.0,3
all_weights_residual,throughput,21,1686.6666666666667,46.16155206325811,1623.0,1731.0,3
all_weights_residual,throughput,22,1702.3333333333333,49.46603773185082,1662.0,1772.0,3
all_weights_residual,throughput,23,1682.0,20.607442021431645,1655.0,1705.0,3
all_weights_residual,throughput,24,1696.3333333333333,32.74480450731417,1658.0,1738.0,3
all_weights_residual,throughput,25,1694.6666666666667,16.73983937265296,1671.0,1707.0,3
all_weights_residual,throughput,26,1717.0,37.5588427226754,1671.0,1763.0,3
all_weights_residual,throughput,27,1764.0,24.166091947189145,1730.0,1784.0,3
all_weights_residual,throughput,28,1702.0,24.34474618201362,1675.0,1734.0,3
all_weights_residual,throughput,29,1733.6666666666667,56.40527950073075,1654.0,1777.0,3
all_weights_residual,throughput,30,1716.0,48.02082881417188,1654.0,1771.0,3
all_weights_residual,throughput,31,1721.3333333333333,73.7623812582599,1654.0,1824.0,3
all_weights_residual,throughput,32,1739.0,8.640987597877148,1727.0,1747.0,3
all_weights_residual,throughput,33,1698.0,69.28684338795257,1602.0,1763.0,3
all_weights_residual,throughput,34,1716.0,42.949582846247374,1657.0,1758.0,3
all_weights_residual,throughput,35,1722.0,32.13513134665341,1694.0,1767.0,3
all_weights_residual,throughput,36,1788.0,12.832251036613439,1771.0,1802.0,3
all_weights_residual,throughput,37,1739.6666666666667,41.875476780038646,1681.0,1776.0,3
all_weights_residual,throughput,38,1699.6666666666667,54.020572213021055,1631.0,1763.0,3
all_weights_residual,throughput,39,1791.6666666666667,19.601587237318874,1771.0,1818.0,3
all_weights_residual,throughput,40,1751.6666666666667,22.661764175711376,1722.0,1777.0,3
all_weights_residual,throughput,41,1750.0,51.23150072627842,1679.0,1798.0,3
all_weights_residual,throughput,42,1764.6666666666667,56.38754787677467,1688.0,1822.0,3
all_weights_residual,throughput,43,1752.6666666666667,18.517259216441534,1727.0,1770.0,3
all_weights_residual,throughput,44,1733.3333333333333,66.63999466453227,1644.0,1804.0,3
all_weights_residual,throughput,45,1748.3333333333333,28.335294049804546,1716.0,1785.0,3
all_weights_residual,throughput,46,1758.6666666666667,17.15290710702481,1738.0,1780.0,3
all_weights_residual,throughput,47,1787.6666666666667,26.83695627716046,1760.0,1824.0,3
all_weights_residual,throughput,48,1725.0,59.62102537416366,1653.0,1799.0,3
all_weights_residual,throughput,49,1726.6666666666667,35.64952859280034,1677.0,1759.0,3
all_weights_residual,throughput,50,1778.0,44.14370472294625,1720.0,1827.0,3
all_weights_residual,throughput,51,1700.6666666666667,17.594190960528863,1684.0,1725.0,3
all_weights_residual,throughput,52,1721.0,36.08323710533743,1673.0,1760.0,3
all_weights_residual,throughput,53,1716.0,31.026870075253587,1678.0,1754.0,3
all_weights_residual,throughput,54,1720.6666666666667,23.342855200015464,1696.0,1752.0,3
all_weights_residual,throughput,55,1726.0,5.715476066494082,1721.0,1734.0,3
all_weights_residual,throughput,56,1736.6666666666667,36.160137659521645,1686.0,1768.0,3
all_weights_residual,throughput,57,1747.0,35.81433604950212,1715.0,1797.0,3
all_weights_residual,throughput,58,1760.3333333333333,20.07209228976613,1732.0,1776.0,3
all_weights_residual,throughput,59,1751.3333333333333,27.0842307543625,1715.0,1780.0,3
all_weights_residual,throughput,60,1743.6666666666667,32.1696889771861,1710.0,1787.0,3
all_weights_residual,throughput,61,1742.6666666666667,20.98147330914162,1719.0,1770.0,3
all_weights_residual,throughput,62,1786.3333333333333,10.780641085864152,1772.0,1798.0,3
all_weights_residual,throughput,63,1745.0,50.21951811795888,1683.0,1806.0,3
all_weights_residual,throughput,64,1749.0,38.18376618407357,1695.0,1776.0,3
all_weights_residual,throughput,65,1740.0,46.676189504571454,1674.0,1774.0,3
all_weights_residual,throughput,66,1725.6666666666667,19.601587237318874,1698.0,1741.0,3
all_weights_residual,throughput,67,1768.3333333333333,19.430788855719562,1747.0,1794.0,3
all_weights_residual,throughput,68,1757.3333333333333,7.760297817881877,1748.0,1767.0,3
all_weights_residual,throughput,69,1756.6666666666667,46.161552063258114,1699.0,1812.0,3
all_weights_residual,throughput,70,1722.6666666666667,32.99831645537222,1686.0,1766.0,3
all_weights_residual,throughput,71,1772.6666666666667,39.19467083956978,1725.0,1821.0,3
all_weights_residual,throughput,72,1752.3333333333333,21.296843793284385,1733.0,1782.0,3
all_weights_residual,throughput,73,1725.3333333333333,34.29609631171195,1677.0,1753.0,3
all_weights_residual,throughput,74,1727.0,42.245315322135625,1670.0,1771.0,3
all_weights_residual,throughput,75,1783.0,20.992061991778385,1754.0,1803.0,3
all_weights_residual,throughput,76,1743.3333333333333,71.00391225528038,1662.0,1835.0,3
all_weights_residual,throughput,77,1754.0,53.74011537017761,1678.0,1792.0,3
all_weights_residual,throughput,78,1801.0,61.030047244506264,1723.0,1872.0,3
all_weights_residual,throughput,79,1738.0,27.313000567495326,1700.0,1763.0,3
all_weights_residual,throughput,80,1773.0,45.306364527146364,1711.0,1818.0,3
all_weights_residual,throughput,81,1747.3333333333333,70.90055633694908,1688.0,1847.0,3
all_weights_residual,throughput,82,1775.3333333333333,17.15290710702481,1754.0,1796.0,3
all_weights_residual,throughput,83,1772.3333333333333,9.428090415820632,1759.0,1779.0,3
all_weights_residual,throughput,84,1745.3333333333333,30.868898407440604,1716.0,1788.0,3
all_weights_residual,throughput,85,1733.3333333333333,38.724095283886946,1694.0,1786.0,3
all_weights_residual,throughput,86,1775.6666666666667,13.097921802925667,1759.0,1791.0,3
all_weights_residual,throughput,87,1774.0,7.118052168020874,1764.0,1780.0,3
all_weights_residual,throughput,88,1732.3333333333333,47.16872787015661,1697.0,1799.0,3
all_weights_residual,throughput,89,1760.0,11.343133018115703,1751.0,1776.0,3
all_weights_residual,throughput,90,1743.3333333333333,38.66379299666406,1693.0,1787.0,3
all_weights_residual,throughput,91,1782.6666666666667,22.005049925465343,1759.0,1812.0,3
all_weights_residual,throughput,92,1772.6666666666667,4.988876515698588,1766.0,1778.0,3
all_weights_residual,throughput,93,1723.0,40.995934757810645,1682.0,1779.0,3
all_weights_residual,throughput,94,1776.0,43.84822307308093,1718.0,1824.0,3
all_weights_residual,throughput,95,1788.0,25.350871122442058,1758.0,1820.0,3
all_weights_residual,throughput,96,1763.3333333333333,50.743363003341514,1707.0,1830.0,3
all_weights_residual,throughput,97,1747.3333333333333,40.737642979872504,1710.0,1804.0,3
all_weights_residual,throughput,98,1752.3333333333333,77.06418681131262,1649.0,1834.0,3
all_weights_residual,throughput,99,1753.3333333333333,23.213980461973534,1730.0,1785.0,3
all_weights_residual,throughput,100,1799.3333333333333,8.73053390247253,1787.0,1806.0,3
all_weights_residual,throughput,101,1805.6666666666667,11.841546445554407,1791.0,1820.0,3
all_weights_residual,throughput,102,1786.3333333333333,9.392668535736915,1775.0,1798.0,3
all_weights_residual,throughput,103,1782.6666666666667,48.05783552715994,1715.0,1822.0,3
all_weights_residual,throughput,104,1749.6666666666667,5.9066817155564495,1745.0,1758.0,3
all_weights_residual,throughput,105,1775.0,47.07440918375928,1723.0,1837.0,3
all_weights_residual,throughput,106,1719.6666666666667,80.52466840802403,1624.0,1821.0,3
all_weights_residual,throughput,107,1758.6666666666667,49.22284925610147,1713.0,1827.0,3
all_weights_residual,throughput,108,1781.3333333333333,41.55585264302597,1749.0,1840.0,3
all_weights_residual,throughput,109,1787.0,47.37791327893902,1728.0,1844.0,3
all_weights_residual,throughput,110,1806.3333333333333,17.326921891156037,1782.0,1821.0,3
all_weights_residual,throughput,111,1763.6666666666667,54.23610933276424,1690.0,1819.0,3
all_weights_residual,throughput,112,1744.0,43.22807729551092,1683.0,1778.0,3
all_weights_residual,throughput,113,1791.6666666666667,29.634814361190493,1765.0,1833.0,3
all_weights_residual,throughput,114,1744.6666666666667,68.29511126151141,1649.0,1804.0,3
all_weights_residual,throughput,115,1760.3333333333333,29.32954520994525,1728.0,1799.0,3
all_weights_residual,throughput,116,1799.0,29.06314963431642,1762.0,1833.0,3
all_weights_residual,throughput,117,1750.6666666666667,35.424410918022176,1711.0,1797.0,3
all_weights_residual,throughput,118,1793.0,51.56226010045202,1747.0,1865.0,3
all_weights_residual,throughput,119,1814.3333333333333,11.897712198383164,1799.0,1828.0,3
all_weights_residual,throughput,120,1765.0,37.85058343892029,1713.0,1802.0,3
all_weights_residual,throughput,121,1797.6666666666667,22.425184255405547,1767.0,1820.0,3
all_weights_residual,throughput,122,1789.0,8.524474568362947,1777.0,1796.0,3
all_weights_residual,throughput,123,1795.6666666666667,83.59159979062224,1685.0,1887.0,3
all_weights_residual,throughput,124,1827.6666666666667,10.402991022884823,1813.0,1836.0,3
all_weights_residual,throughput,125,1795.3333333333333,6.599663291074443,1786.0,1800.0,3
all_weights_residual,throughput,126,1786.3333333333333,35.490217744549774,1747.0,1833.0,3
all_weights_residual,throughput,127,1782.3333333333333,21.746008573733455,1765.0,1813.0,3
all_weights_residual,throughput,128,1836.3333333333333,14.42990721460891,1816.0,1848.0,3
all_weights_residual,throughput,129,1836.0,19.44222209522358,1818.0,1863.0,3
all_weights_residual,throughput,130,1794.0,3.559026084010437,1791.0,1799.0,3
all_weights_residual,throughput,131,1795.6666666666667,21.561282171728305,1767.0,1819.0,3
all_weights_residual,throughput,132,1791.6666666666667,14.055445761538678,1778.0,1811.0,3
all_weights_residual,throughput,133,1826.3333333333333,48.21018795049675,1766.0,1884.0,3
all_weights_residual,throughput,134,1830.6666666666667,13.523641850067197,1815.0,1848.0,3
all_weights_residual,throughput,135,1809.3333333333333,25.525586292102197,1776.0,1838.0,3
all_weights_residual,throughput,136,1846.3333333333333,12.498888839501783,1829.0,1858.0,3
all_weights_residual,throughput,137,1817.3333333333333,7.586537784494028,1807.0,1825.0,3
all_weights_residual,throughput,138,1829.3333333333333,42.94440850939994,1775.0,1880.0,3
all_weights_residual,throughput,139,1809.0,48.771576421791686,1765.0,1877.0,3
all_weights_residual,throughput,140,1814.3333333333333,42.69530289023476,1770.0,1872.0,3
all_weights_residual,throughput,141,1808.6666666666667,30.57595278791634,1775.0,1849.0,3
all_weights_residual,throughput,142,1805.0,7.788880963698615,1794.0,1811.0,3
all_weights_residual,throughput,143,1784.6666666666667,45.638677554119475,1723.0,1832.0,3
all_weights_residual,throughput,144,1825.3333333333333,15.839472494022298,1803.0,1838.0,3
all_weights_residual,throughput,145,1769.3333333333333,34.296096311711956,1721.0,1797.0,3
all_weights_residual,throughput,146,1838.6666666666667,19.770910168449223,1811.0,1856.0,3
all_weights_residual,throughput,147,1851.0,66.54822812567339,1769.0,1932.0,3
all_weights_residual,throughput,148,1839.6666666666667,24.513035081133648,1805.0,1857.0,3
all_weights_residual,throughput,149,1869.6666666666667,35.83604640891936,1819.0,1896.0,3
all_weights_residual,throughput,150,1856.6666666666667,31.03045099396541,1829.0,1900.0,3
all_weights_residual,throughput,151,1841.6666666666667,46.949145063805176,1784.0,1899.0,3
all_weights_residual,throughput,152,1853.3333333333333,38.177945931591914,1804.0,1897.0,3
all_weights_residual,throughput,153,1805.6666666666667,15.173075568988057,1785.0,1821.0,3
all_weights_residual,throughput,154,1838.6666666666667,17.745108872274887,1814.0,1855.0,3
all_weights_residual,throughput,155,1843.6666666666667,10.656244908763853,1829.0,1854.0,3
all_weights_residual,throughput,156,1856.6666666666667,33.32999983331666,1826.0,1903.0,3
all_weights_residual,throughput,157,1889.0,52.083266666624,1829.0,1956.0,3
all_weights_residual,throughput,158,1877.0,49.9799959983992,1810.0,1930.0,3
all_weights_residual,throughput,159,1906.3333333333333,25.746628689770024,1874.0,1937.0,3
all_weights_residual,throughput,160,1870.3333333333333,38.784303812524755,1816.0,1904.0,3
all_weights_residual,throughput,161,1892.3333333333333,39.23717058549909,1843.0,1939.0,3
all_weights_residual,throughput,162,1865.3333333333333,50.47991899975892,1817.0,1935.0,3
all_weights_residual,throughput,163,1917.0,27.796882319185844,1887.0,1954.0,3
all_weights_residual,throughput,164,1908.0,49.52440475832765,1838.0,1945.0,3
all_weights_residual,throughput,165,1929.3333333333333,47.39432689913659,1890.0,1996.0,3
all_weights_residual,throughput,166,1872.3333333333333,41.907305117631005,1815.0,1914.0,3
all_weights_residual,throughput,167,1818.6666666666667,92.42774956088073,1688.0,1887.0,3
all_weights_residual,throughput,168,1859.0,91.44761706390531,1747.0,1971.0,3
all_weights_residual,throughput,169,1840.6666666666667,55.071670474835685,1794.0,1918.0,3
all_weights_residual,throughput,170,1854.6666666666667,42.63279905841927,1795.0,1892.0,3
all_weights_residual,throughput,171,1920.3333333333333,45.065384597148274,1886.0,1984.0,3
all_weights_residual,throughput,172,1902.6666666666667,33.86574801903671,1857.0,1938.0,3
all_weights_residual,throughput,173,1921.3333333333333,34.30581421404962,1880.0,1964.0,3
all_weights_residual,throughput,174,1911.6666666666667,52.891923348991156,1859.0,1984.0,3
all_weights_residual,throughput,175,1924.0,42.551929059287865,1890.0,1984.0,3
all_weights_residual,throughput,176,1931.3333333333333,22.866763848189994,1899.0,1948.0,3
all_weights_residual,throughput,177,1944.6666666666667,40.5325657822064,1893.0,1992.0,3
all_weights_residual,throughput,178,1919.3333333333333,50.532717674349904,1850.0,1969.0,3
all_weights_residual,throughput,179,1936.3333333333333,37.96782263385083,1908.0,1990.0,3
all_weights_residual,throughput,180,1974.0,32.03123475609393,1947.0,2019.0,3
all_weights_residual,throughput,181,1956.3333333333333,12.498888839501785,1947.0,1974.0,3
all_weights_residual,throughput,182,1941.6666666666667,6.342099196813483,1933.0,1948.0,3
all_weights_residual,throughput,183,1969.3333333333333,31.47838764754143,1932.0,2009.0,3
all_weights_residual,throughput,184,1975.3333333333333,70.48561713017928,1924.0,2075.0,3
all_weights_residual,throughput,185,1977.0,43.688289811649376,1923.0,2030.0,3
all_weights_residual,throughput,186,1954.6666666666667,72.02468712570403,1880.0,2052.0,3
all_weights_residual,throughput,187,1966.3333333333333,58.345712972096095,1900.0,2042.0,3
all_weights_residual,throughput,188,1966.6666666666667,8.055363982396381,1960.0,1978.0,3
all_weights_residual,throughput,189,1951.6666666666667,28.051539866625664,1912.0,1972.0,3
all_weights_residual,throughput,190,2000.0,114.16654501210063,1855.0,2134.0,3
all_weights_residual,throughput,191,2019.6666666666667,69.82040453111748,1935.0,2106.0,3
all_weights_residual,throughput,192,2016.3333333333333,81.12678691748833,1946.0,2130.0,3
all_weights_residual,throughput,193,2042.3333333333333,52.264285660052366,1979.0,2107.0,3
all_weights_residual,throughput,194,2010.6666666666667,57.06915882408719,1952.0,2088.0,3
all_weights_residual,throughput,195,2037.6666666666667,61.8941749188798,1982.0,2124.0,3
all_weights_residual,throughput,196,2016.0,18.05547008526779,1999.0,2041.0,3
all_weights_residual,throughput,197,2027.0,27.796882319185844,1990.0,2057.0,3
all_weights_residual,throughput,198,2041.3333333333333,47.75167245471327,1979.0,2095.0,3
all_weights_residual,throughput,199,2029.3333333333333,46.33453235858639,1967.0,2078.0,3
all_weights_residual,throughput,200,2078.3333333333335,125.0981836620962,1930.0,2236.0,3
all_weights_residual,throughput,201,2002.0,72.68195557816718,1912.0,2090.0,3
all_weights_residual,throughput,202,2041.0,55.06359959174482,1983.0,2115.0,3
all_weights_residual,throughput,203,2014.3333333333333,11.115554667022044,1999.0,2025.0,3
all_weights_residual,throughput,204,2069.0,48.46304433964778,2023.0,2136.0,3
all_weights_residual,throughput,205,2081.3333333333335,50.95313751107209,2039.0,2153.0,3
all_weights_residual,throughput,206,2121.6666666666665,53.80417166808619,2048.0,2175.0,3
all_weights_residual,throughput,207,2020.0,93.44873817589334,1898.0,2125.0,3
all_weights_residual,throughput,208,2067.6666666666665,33.209770985191824,2025.0,2106.0,3
all_weights_residual,throughput,209,2073.6666666666665,68.74752520798273,1977.0,2131.0,3
all_weights_residual,throughput,210,2132.0,79.5361553005927,2067.0,2244.0,3
all_weights_residual,throughput,211,2114.0,112.79184367674819,1960.0,2227.0,3
all_weights_residual,throughput,212,2068.3333333333335,87.36640595153774,1985.0,2189.0,3
all_weights_residual,throughput,213,2085.6666666666665,86.61921778040302,1968.0,2174.0,3
all_weights_residual,throughput,214,2165.3333333333335,70.48561713017928,2075.0,2247.0,3
all_weights_residual,throughput,215,2165.3333333333335,66.24365797736581,2097.0,2255.0,3
all_weights_residual,throughput,216,2143.0,55.47972602672079,2071.0,2206.0,3
all_weights_residual,throughput,217,2103.3333333333335,34.58644564308715,2055.0,2134.0,3
all_weights_residual,throughput,218,2163.3333333333335,98.86803775178755,2045.0,2287.0,3
all_weights_residual,throughput,219,2161.3333333333335,46.147107770211946,2097.0,2203.0,3
all_weights_residual,throughput,220,2186.0,117.62085982795172,2030.0,2314.0,3
all_weights_residual,throughput,221,2148.0,50.93787065304817,2082.0,2206.0,3
all_weights_residual,throughput,222,2275.0,134.62788220374955,2138.0,2458.0,3
all_weights_residual,throughput,223,2217.0,19.131126469708992,2190.0,2232.0,3
all_weights_residual,throughput,224,2174.0,106.18223329101092,2042.0,2302.0,3
all_weights_residual,throughput,225,2232.3333333333335,77.46110134914312,2161.0,2340.0,3
all_weights_residual,throughput,226,2343.0,187.89358690492872,2133.0,2589.0,3
all_weights_residual,throughput,227,2269.6666666666665,89.07799329177149,2196.0,2395.0,3
all_weights_residual,throughput,228,2251.0,89.33457710576945,2125.0,2322.0,3
all_weights_residual,throughput,229,2342.3333333333335,165.5462338911869,2134.0,2539.0,3
all_weights_residual,throughput,230,2423.0,126.74646609143257,2310.0,2600.0,3
all_weights_residual,throughput,231,2388.6666666666665,68.99436369894444,2323.0,2484.0,3
all_weights_residual,throughput,232,2443.0,215.9089314193988,2138.0,2608.0,3
all_weights_residual,throughput,233,2491.3333333333335,145.24997609485365,2307.0,2662.0,3
all_weights_residual,throughput,234,2484.3333333333335,96.99599075334105,2361.0,2598.0,3
all_weights_residual,throughput,235,2499.6666666666665,197.6635750179807,2225.0,2682.0,3
all_weights_residual,throughput,236,2504.0,253.33377192944488,2146.0,2695.0,3
all_weights_residual,throughput,237,2573.0,143.61290564105536,2370.0,2680.0,3
all_weights_residual,throughput,238,2577.3333333333335,151.6802191747127,2363.0,2692.0,3
all_weights_residual,throughput,239,2602.3333333333335,110.1403145487105,2447.0,2690.0,3
all_weights_residual,throughput,240,2586.0,149.80654191322887,2375.0,2708.0,3
all_weights_residual,throughput,241,2571.6666666666665,163.27141683575712,2341.0,2696.0,3
all_weights_residual,throughput,242,2624.6666666666665,119.51661902104753,2457.0,2727.0,3
all_weights_residual,throughput,243,2639.0,79.63667496825819,2528.0,2711.0,3
all_weights_residual,throughput,244,2648.6666666666665,127.12810686687486,2479.0,2785.0,3
all_weights_residual,throughput,245,2611.6666666666665,163.2530414894484,2385.0,2763.0,3
all_weights_residual,throughput,246,2575.6666666666665,232.53721327038292,2253.0,2792.0,3
all_weights_residual,throughput,247,2635.0,153.70317715215475,2431.0,2802.0,3
all_weights_residual,throughput,248,2634.0,157.04988591739462,2421.0,2795.0,3
all_weights_residual,throughput,249,2669.0,113.56055653262712,2521.0,2797.0,3
outputLayer_residual,travel_time,0,1326.3209,10.704220636739496,1316.3183,1341.1625,3
outputLayer_residual,travel_time,1,1312.2052666666666,11.505633199244452,1301.0496,1328.0414,3
outputLayer_residual,travel_time,2,1295.7176333333334,9.928568552862487,1283.1894,1307.4724,3
outputLayer_residual,travel_time,3,1303.0002333333332,11.028114735327874,1290.9614,1317.6062,3
outputLayer_residual,travel_time,4,1299.8345333333334,16.601431736315828,1277.5577,1317.3931,3
outputLayer_residual,travel_time,5,1292.114733333333,15.719112846538794,1270.9437,1308.5719,3
outputLayer_residual,travel_time,6,1307.6866333333332,27.383153206833004,1269.0266,1328.9678,3
outputLayer_residual,travel_time,7,1298.4542,4.439666738243692,1294.5538,1304.6654,3
outputLayer_residual,travel_time,8,1316.1769333333334,22.232960512766276,1286.4451,1339.9012,3
outputLayer_residual,travel_time,9,1302.8985,9.44959276582861,1293.3081,1315.7535,3
outputLayer_residual,travel_time,10,1307.235,25.001834399499568,1273.5471,1333.3785,3
outputLayer_residual,travel_time,11,1285.3763999999999,12.496495581028636,1271.8725,1302.0014,3
outputLayer_residual,travel_time,12,1299.5649333333333,23.83491947882812,1265.9862,1318.9051,3
outputLayer_residual,travel_time,13,1292.6273666666666,15.46976466236286,1277.5276,1313.8874,3
outputLayer_residual,travel_time,14,1269.4343333333334,21.372017658195592,1254.0428,1299.6572,3
outputLayer_residual,travel_time,15,1262.7794999999999,22.59238193196985,1240.3495,1293.6997,3
outputLayer_residual,travel_time,16,1306.4283666666665,3.9889306773731574,1301.7075,1311.4632,3
outputLayer_residual,travel_time,17,1280.6738333333333,20.577192860759386,1260.9256,1309.0584,3
outputLayer_residual,travel_time,18,1276.4282333333333,30.36991815709893,1233.4788,1297.9897,3
outputLayer_residual,travel_time,19,1263.8428000000001,39.318108532583324,1227.7249,1318.5145,3
outputLayer_residual,travel_time,20,1289.5883666666668,36.81042741491722,1245.4525,1335.563,3
outputLayer_residual,travel_time,21,1274.1429333333333,29.196118630888005,1250.9908,1315.3265,3
outputLayer_residual,travel_time,22,1269.350333333333,59.16903133319735,1196.1243,1341.0336,3
outputLayer_residual,travel_time,23,1250.5565333333334,42.89109636286863,1194.9426,1299.3346,3
outputLayer_residual,travel_time,24,1250.0897333333332,48.388548168916564,1208.6693,1317.9745,3
outputLayer_residual,travel_time,25,1255.4747333333335,20.7851327193796,1226.3219,1273.3095,3
outputLayer_residual,travel_time,26,1246.049,28.555501001499955,1213.6087,1283.0981,3
outputLayer_residual,travel_time,27,1212.7156333333335,31.0370748087222,1188.4756,1256.5258,3
outputLayer_residual,travel_time,28,1255.5622333333333,35.318065360599206,1205.8924,1284.9501,3
outputLayer_residual,travel_time,29,1236.0376666666666,57.020810398154,1170.1186,1309.2224,3
outputLayer_residual,travel_time,30,1228.7913333333333,48.23430589710552,1176.0188,1292.6091,3
outputLayer_residual,travel_time,31,1231.8011333333334,46.93582088002955,1179.6845,1293.4593,3
outputLayer_residual,travel_time,32,1217.1173333333334,33.44849873066877,1187.1799,1263.8038,3
outputLayer_residual,travel_time,33,1249.9978666666666,52.98092455656931,1203.8109,1324.1848,3
outputLayer_residual,travel_time,34,1233.5717666666667,41.808718885924094,1200.3081,1292.5368,3
outputLayer_residual,travel_time,35,1224.5120333333334,33.741590338960386,1189.8254,1270.2344,3
outputLayer_residual,travel_time,36,1194.7105666666666,31.276439876295996,1150.6317,1219.9302,3
outputLayer_residual,travel_time,37,1206.9937333333332,20.84873297834245,1186.5871,1235.6275,3
outputLayer_residual,travel_time,38,1230.1458,25.63597418979821,1194.0588,1251.2061,3
outputLayer_residual,travel_time,39,1202.8440666666668,13.909229650926829,1184.2542,1217.7079,3
outputLayer_residual,travel_time,40,1211.5705,22.975871777294202,1179.8042,1233.3708,3
outputLayer_residual,travel_time,41,1207.4360333333334,26.415587966493476,1174.847,1239.5464,3
outputLayer_residual,travel_time,42,1201.6494333333333,22.686925442103323,1182.6098,1233.5336,3
outputLayer_residual,travel_time,43,1219.6397666666667,23.052397634133932,1187.5131,1240.5018,3
outputLayer_residual,travel_time,44,1220.8969666666665,27.842697052588537,1189.4324,1257.1307,3
outputLayer_residual,travel_time,45,1208.2125666666668,33.945045198215375,1160.2578,1234.1016,3
outputLayer_residual,travel_time,46,1188.1263,46.29515092685193,1128.3938,1241.2064,3
outputLayer_residual,travel_time,47,1184.3014666666666,10.854052980134036,1169.6289,1195.5432,3
outputLayer_residual,travel_time,48,1222.6494333333333,38.344934652904975,1193.7072,1276.8353,3
outputLayer_residual,travel_time,49,1204.4507666666666,10.354488835712242,1195.3559,1218.9373,3
outputLayer_residual,travel_time,50,1207.5679666666667,5.289480031366233,1200.9256,1213.8686,3
outputLayer_residual,travel_time,51,1220.2626333333333,13.855525069404168,1201.159,1233.5896,3
outputLayer_residual,travel_time,52,1214.896966666667,11.418584534092744,1199.3003,1226.3194,3
outputLayer_residual,travel_time,53,1239.2619333333332,16.061104978660573,1218.3807,1257.4433,3
outputLayer_residual,travel_time,54,1187.2163666666665,21.664440165754446,1164.5733,1216.4122,3
outputLayer_residual,travel_time,55,1197.1265666666668,14.802834706531325,1180.9391,1216.7164,3
outputLayer_residual,travel_time,56,1217.5492000000002,15.841398910660244,1195.6976,1232.7535,3
outputLayer_residual,travel_time,57,1215.0658666666666,18.85283754846705,1190.0797,1235.6158,3
outputLayer_residual,travel_time,58,1206.9116333333334,10.688496387653863,1191.9958,1216.4919,3
outputLayer_residual,travel_time,59,1213.5367,22.709929230331607,1190.591,1244.4706,3
outputLayer_residual,travel_time,60,1233.7433,33.73199691460123,1186.096,1259.585,3
outputLayer_residual,travel_time,61,1210.148,24.38466037505266,1188.8059,1244.2776,3
outputLayer_residual,travel_time,62,1192.6984333333332,17.569013493332235,1167.8807,1206.1395,3
outputLayer_residual,travel_time,63,1195.5382333333334,46.4477491321401,1153.5436,1260.2783,3
outputLayer_residual,travel_time,64,1212.7063333333333,43.09558723770012,1155.5149,1259.5421,3
outputLayer_residual,travel_time,65,1184.7285333333332,18.6290603506695,1171.4465,1211.0737,3
outputLayer_residual,travel_time,66,1195.7108333333333,12.07649164681348,1184.341,1212.4324,3
outputLayer_residual,travel_time,67,1177.9204333333334,12.710682909619349,1160.687,1190.9642,3
outputLayer_residual,travel_time,68,1159.0615,10.947037797504862,1143.7656,1168.779,3
outputLayer_residual,travel_time,69,1190.6372666666666,41.18178451567583,1132.5471,1223.296,3
outputLayer_residual,travel_time,70,1221.9800333333335,10.080277043260697,1212.1491,1235.836,3
outputLayer_residual,travel_time,71,1207.5264333333334,37.35913544693213,1173.9465,1259.6413,3
outputLayer_residual,travel_time,72,1218.5688,15.583610213511683,1198.3739,1236.3081,3
outputLayer_residual,travel_time,73,1219.6012666666668,20.618543193661573,1192.9557,1243.1806,3
outputLayer_residual,travel_time,74,1196.2043,15.290356159575463,1178.921,1216.1002,3
outputLayer_residual,travel_time,75,1182.7717,34.45602196926783,1135.3651,1216.2365,3
outputLayer_residual,travel_time,76,1188.1396333333334,59.24746923570287,1125.6165,1267.7079,3
outputLayer_residual,travel_time,77,1166.2065666666667,19.91806541582005,1151.5535,1194.3672,3
outputLayer_residual,travel_time,78,1158.3570666666665,62.7175092996277,1093.0266,1242.9759,3
outputLayer_residual,travel_time,79,1154.3227333333334,47.298210730381335,1097.7975,1213.5588,3
outputLayer_residual,travel_time,80,1157.4346000000003,59.7306981824254,1106.3828,1241.2436,3
outputLayer_residual,travel_time,81,1143.1604,55.7525735167445,1065.8183,1195.1045,3
outputLayer_residual,travel_time,82,1148.2719333333334,33.75814400628219,1121.8279,1195.9171,3
outputLayer_residual,travel_time,83,1166.4712,19.26833011411906,1139.3916,1182.6424,3
outputLayer_residual,travel_time,84,1162.1745666666668,19.086851496310782,1135.2496,1177.2943,3
outputLayer_residual,travel_time,85,1163.1089666666667,41.74437088888616,1115.2589,1216.9784,3
outputLayer_residual,travel_time,86,1143.880766666667,37.86245887968129,1091.6278,1180.1349,3
outputLayer_residual,travel_time,87,1135.6101,19.435936895006304,1109.6009,1156.3137,3
outputLayer_residual,travel_time,88,1145.7746666666667,20.579084624497398,1120.176,1170.5648,3
outputLayer_residual,travel_time,89,1177.5104000000001,12.257365173097654,1160.176,1186.2362,3
outputLayer_residual,travel_time,90,1203.9324666666664,12.199436432976054,1187.1625,1215.8268,3
outputLayer_residual,travel_time,91,1177.2365666666667,22.652418413101543,1148.2674,1203.5655,3
outputLayer_residual,travel_time,92,1182.3080666666667,23.013951492132367,1151.8647,1207.4979,3
outputLayer_residual,travel_time,93,1234.606,51.37376791534758,1178.4356,1302.5981,3
outputLayer_residual,travel_time,94,1180.9498333333333,9.843123288310965,1171.7553,1194.5984,3
outputLayer_residual,travel_time,95,1199.0448666666664,40.270350972837974,1143.3704,1237.2656,3
outputLayer_residual,travel_time,96,1156.6544999999999,34.59232788071177,1108.6526,1188.829,3
outputLayer_residual,travel_time,97,1120.2843666666668,25.35165178081216,1096.897,1155.5117,3
outputLayer_residual,travel_time,98,1152.0453333333335,4.091210856077789,1148.3902,1157.7571,3
outputLayer_residual,travel_time,99,1119.9160666666667,38.99899405243964,1066.307,1157.9426,3
outputLayer_residual,travel_time,100,1150.4283333333333,38.05332768771852,1098.6211,1188.9451,3
outputLayer_residual,travel_time,101,1162.2595666666666,27.36262028416788,1124.0156,1186.4922,3
outputLayer_residual,travel_time,102,1124.5228,27.269896611831868,1089.909,1156.5567,3
outputLayer_residual,travel_time,103,1174.4858333333334,11.87936139061731,1158.3045,1186.4883,3
outputLayer_residual,travel_time,104,1152.1838,15.116479005376892,1131.7992,1167.954,3
outputLayer_residual,travel_time,105,1171.3057,21.12016325552431,1152.4911,1200.8028,3
outputLayer_residual,travel_time,106,1169.1036000000001,13.39414893252522,1153.9518,1186.5244,3
outputLayer_residual,travel_time,107,1126.9715333333334,20.31320844349532,1100.0719,1149.1533,3
outputLayer_residual,travel_time,108,1149.0276000000001,37.996902267684845,1100.5322,1193.3201,3
outputLayer_residual,travel_time,109,1135.8722,22.005117615833527,1106.6923,1159.829,3
outputLayer_residual,travel_time,110,1150.8216333333335,28.451823366799466,1127.5938,1190.8892,3
outputLayer_residual,travel_time,111,1181.1645666666666,25.19200397723233,1152.9324,1214.0999,3
outputLayer_residual,travel_time,112,1181.2179333333333,25.787395783513208,1148.7635,1211.8506,3
outputLayer_residual,travel_time,113,1173.4296666666667,38.5305836330339,1123.0992,1216.6792,3
outputLayer_residual,travel_time,114,1171.6225333333332,17.51343548961455,1149.414,1192.2224,3
outputLayer_residual,travel_time,115,1133.8225,26.134099970090155,1101.3279,1165.3198,3
outputLayer_residual,travel_time,116,1132.0754666666664,30.60146062585179,1094.9356,1169.8846,3
outputLayer_residual,travel_time,117,1168.2799666666667,40.701134632614604,1125.6781,1223.1023,3
outputLayer_residual,travel_time,118,1153.2123666666666,10.128796266201705,1139.0974,1162.3828,3
outputLayer_residual,travel_time,119,1136.0883999999999,18.729519174465395,1121.38,1162.5198,3
outputLayer_residual,travel_time,120,1122.5026,29.365699845908726,1093.079,1162.5956,3
outputLayer_residual,travel_time,121,1071.7305666666666,23.237559145534682,1045.1725,1101.772,3
outputLayer_residual,travel_time,122,1126.6088666666665,16.9554711980791,1105.6877,1147.2164,3
outputLayer_residual,travel_time,123,1154.0276333333334,14.003774288939242,1139.6686,1173.0191,3
outputLayer_residual,travel_time,124,1160.1676,48.30755643940882,1093.5662,1206.6448,3
outputLayer_residual,travel_time,125,1167.6219333333333,27.49084151765617,1142.1151,1205.7854,3
outputLayer_residual,travel_time,126,1167.3076,34.79778099563246,1120.2064,1203.2047,3
outputLayer_residual,travel_time,127,1134.5787333333335,54.200678171054456,1090.7787,1210.9557,3
outputLayer_residual,travel_time,128,1172.1933666666666,64.78091729052795,1122.4795,1263.693,3
outputLayer_residual,travel_time,129,1136.9039333333333,47.3273932676297,1099.1137,1203.6399,3
outputLayer_residual,travel_time,130,1100.5790666666667,26.647521280641083,1062.8955,1119.7326,3
outputLayer_residual,travel_time,131,1088.1217,26.614735698230536,1056.6788,1121.7603,3
outputLayer_residual,travel_time,132,1087.0198333333335,38.817071573414104,1045.1292,1138.6902,3
outputLayer_residual,travel_time,133,1094.657,57.26110264516395,1021.1969,1160.8991,3
outputLayer_residual,travel_time,134,1067.2266333333334,5.895241313315516,1060.7319,1075.0011,3
outputLayer_residual,travel_time,135,1097.6967666666667,8.83982204132083,1085.3176,1105.3966,3
outputLayer_residual,travel_time,136,1098.1708,20.40888514070939,1074.7231,1124.4699,3
outputLayer_residual,travel_time,137,1099.2637,29.36420613819942,1059.3587,1129.17,3
outputLayer_residual,travel_time,138,1109.9569000000001,7.044323668032345,1100.2684,1116.8095,3
outputLayer_residual,travel_time,139,1092.2329,8.004073863144177,1081.0113,1099.13,3
outputLayer_residual,travel_time,140,1111.2942666666668,17.00472786694596,1093.9391,1134.3885,3
outputLayer_residual,travel_time,141,1105.7085666666667,23.091844239375042,1088.3633,1138.3438,3
outputLayer_residual,travel_time,142,1105.3553,10.704767838989659,1095.1349,1120.1374,3
outputLayer_residual,travel_time,143,1162.3897666666664,70.07773565031586,1069.8839,1239.4377,3
outputLayer_residual,travel_time,144,1095.7242999999999,53.682550636931,1052.5822,1171.3952,3
outputLayer_residual,travel_time,145,1081.6297333333332,17.3428693789568,1068.5673,1106.1385,3
outputLayer_residual,travel_time,146,1080.6805666666667,57.592447445495964,999.7928,1129.3835,3
outputLayer_residual,travel_time,147,1099.6732666666667,18.494189897430605,1076.6686,1121.9525,3
outputLayer_residual,travel_time,148,1074.9432333333334,15.808086377406793,1055.7011,1094.4207,3
outputLayer_residual,travel_time,149,1066.2159000000001,32.76105278283959,1020.3329,1094.7245,3
outputLayer_residual,travel_time,150,1076.6163999999999,21.65171022159679,1052.4012,1104.954,3
outputLayer_residual,travel_time,151,1050.9063999999998,17.681236008265966,1029.1912,1072.5007,3
outputLayer_residual,travel_time,152,1046.1709333333333,28.599469113992654,1016.755,1084.9189,3
outputLayer_residual,travel_time,153,1075.4703666666667,14.37891332039926,1060.5251,1094.8849,3
outputLayer_residual,travel_time,154,1086.6943,25.411396296281435,1060.9253,1121.2716,3
outputLayer_residual,travel_time,155,1101.4385,49.70209757632638,1060.9359,1171.4402,3
outputLayer_residual,travel_time,156,1069.2438666666667,10.884645218635027,1053.8764,1077.6983,3
outputLayer_residual,travel_time,157,1056.8309666666667,50.586198738149434,1003.3357,1124.7142,3
outputLayer_residual,travel_time,158,1027.8828,49.11146429222679,963.7018,1082.9625,3
outputLayer_residual,travel_time,159,1047.3319000000001,6.541670504287635,1038.2411,1053.3633,3
outputLayer_residual,travel_time,160,1030.2658333333334,25.0898581413996,996.9225,1057.4455,3
outputLayer_residual,travel_time,161,1049.2718666666667,36.91575553575406,1010.869,1099.1013,3
outputLayer_residual,travel_time,162,1037.3091666666667,31.399128992201216,994.2408,1068.2079,3
outputLayer_residual,travel_time,163,1069.7615666666668,35.101439606976555,1021.9986,1105.3559,3
outputLayer_residual,travel_time,164,1026.3292000000001,3.5072930654090646,1022.5329,1030.9919,3
outputLayer_residual,travel_time,165,1030.8648666666666,40.19440089285518,981.2975,1079.7461,3
outputLayer_residual,travel_time,166,1034.3672,15.192402311901441,1013.5287,1049.3176,3
outputLayer_residual,travel_time,167,1001.3346333333334,32.36724278179341,969.0584,1045.5822,3
outputLayer_residual,travel_time,168,1028.1372666666666,12.010818986600693,1011.801,1040.3346,3
outputLayer_residual,travel_time,169,1039.1996,17.746248821840286,1019.6179,1062.585,3
outputLayer_residual,travel_time,170,1023.8373666666666,6.521800287923243,1017.6877,1032.8651,3
outputLayer_residual,travel_time,171,1046.1293666666666,31.55454129771004,1001.5046,1068.5209,3
outputLayer_residual,travel_time,172,1056.4202,27.435435481994215,1024.3686,1091.3821,3
outputLayer_residual,travel_time,173,1009.6051666666666,48.512101767451306,942.6186,1055.9334,3
outputLayer_residual,travel_time,174,1050.8663,21.36082366030546,1032.17,1080.7635,3
outputLayer_residual,travel_time,175,1024.7494,13.427818783654525,1009.4083,1042.1126,3
outputLayer_residual,travel_time,176,998.4003666666667,25.480657275710616,967.4044,1029.8148,3
outputLayer_residual,travel_time,177,1001.7555666666666,12.751593190482339,987.2348,1018.2769,3
outputLayer_residual,travel_time,178,1002.1815333333334,11.34568531273256,986.8902,1014.0365,3
outputLayer_residual,travel_time,179,1037.4974,11.724594342094196,1023.199,1051.9175,3
outputLayer_residual,travel_time,180,1037.7627333333332,14.06673311145441,1019.2613,1053.3445,3
outputLayer_residual,travel_time,181,1016.1711333333333,17.77843782794828,992.3941,1035.1377,3
outputLayer_residual,travel_time,182,993.2739333333334,15.311098387843437,972.1887,1008.0832,3
outputLayer_residual,travel_time,183,1014.4936000000001,32.2434041423462,979.3438,1057.2245,3
outputLayer_residual,travel_time,184,970.5677666666667,29.913494762323477,945.3396,1012.5907,3
outputLayer_residual,travel_time,185,981.5539333333335,60.48636464561436,911.6455,1059.199,3
outputLayer_residual,travel_time,186,959.0478333333334,39.37064338483126,910.1183,1006.5234,3
outputLayer_residual,travel_time,187,957.9307333333333,35.81589236380344,919.6647,1005.8031,3
outputLayer_residual,travel_time,188,944.8168333333333,16.467890571722382,925.9363,966.0652,3
outputLayer_residual,travel_time,189,944.0323333333332,41.183877393654406,892.5591,993.3708,3
outputLayer_residual,travel_time,190,947.2452666666668,35.51174592547587,914.5492,996.6062,3
outputLayer_residual,travel_time,191,940.8467,23.28125356977153,915.619,971.7826,3
outputLayer_residual,travel_time,192,925.1486,14.206042204874176,913.1533,945.1034,3
outputLayer_residual,travel_time,193,935.3234333333334,40.736919776645934,898.1661,992.0301,3
outputLayer_residual,travel_time,194,920.6329000000001,27.172344772948808,882.8074,945.4132,3
outputLayer_residual,travel_time,195,914.6819,51.796197212021916,860.2599,984.3541,3
outputLayer_residual,travel_time,196,914.9060333333333,44.18989268421255,866.5428,973.364,3
outputLayer_residual,travel_time,197,906.1356333333333,83.82430713320701,796.6923,1000.3084,3
outputLayer_residual,travel_time,198,882.4661,64.85658854184878,807.438,965.671,3
outputLayer_residual,travel_time,199,894.0171999999999,90.59394461953111,800.8254,1016.7535,3
outputLayer_residual,travel_time,200,896.3514,77.68111516964727,830.7914,1005.4724,3
outputLayer_residual,travel_time,201,919.9904333333334,68.91426424025403,845.4058,1011.6115,3
outputLayer_residual,travel_time,202,874.0706999999999,21.17673332520071,850.3194,901.7447,3
outputLayer_residual,travel_time,203,876.8011,15.654911704850571,861.4515,898.2928,3
outputLayer_residual,travel_time,204,869.5770666666667,44.28156247727592,835.9479,932.142,3
outputLayer_residual,travel_time,205,851.6836666666667,45.98603536947083,804.0386,913.8407,3
outputLayer_residual,travel_time,206,869.6502666666667,29.60377324715366,829.0464,898.7879,3
outputLayer_residual,travel_time,207,858.6505999999999,71.02356753590085,782.5471,953.4713,3
outputLayer_residual,travel_time,208,882.0116666666668,100.39614118050334,809.7649,1023.9858,3
outputLayer_residual,travel_time,209,849.3884666666667,91.41323040425945,747.443,969.2082,3
outputLayer_residual,travel_time,210,814.8671333333333,58.1891511779377,741.2766,883.5574,3
outputLayer_residual,travel_time,211,851.8748666666667,43.021629049454766,808.1225,910.3651,3
outputLayer_residual,travel_time,212,846.5354333333333,30.827179146583543,824.1767,890.1268,3
outputLayer_residual,travel_time,213,874.2513,78.80856718644237,787.938,978.471,3
outputLayer_residual,travel_time,214,835.8581333333333,69.49453885691709,777.8665,933.5705,3
outputLayer_residual,travel_time,215,835.6846333333333,41.218779752626794,787.3704,888.0868,3
outputLayer_residual,travel_time,216,804.7957666666666,75.73920044505061,745.1841,911.6696,3
outputLayer_residual,travel_time,217,838.5224,83.36534475464013,730.2411,933.0492,3
outputLayer_residual,travel_time,218,848.0140333333333,65.82153156611359,773.3261,933.4724,3
outputLayer_residual,travel_time,219,831.5413,70.34353665722719,760.1997,927.2546,3
outputLayer_residual,travel_time,220,805.7419666666666,29.342522788305416,784.8665,847.2383,3
outputLayer_residual,travel_time,221,801.7413666666666,54.441657448338404,738.4642,871.3647,3
outputLayer_residual,travel_time,222,741.6882666666667,87.43290194026245,652.9681,860.636,3
outputLayer_residual,travel_time,223,790.0539666666667,51.705368484412645,725.9214,852.5411,3
outputLayer_residual,travel_time,224,762.1552,50.717147691354505,716.0354,832.7868,3
outputLayer_residual,travel_time,225,720.9986,69.4093525322056,644.1941,812.3375,3
outputLayer_residual,travel_time,226,731.3173999999999,80.11106064412496,618.7266,798.5287,3
outputLayer_residual,travel_time,227,736.4874666666666,70.0781366842438,639.2135,801.5485,3
outputLayer_residual,travel_time,228,703.4843999999999,74.52054113737141,612.8658,795.3895,3
outputLayer_residual,travel_time,229,697.0965333333334,73.78550056058141,605.7185,786.4203,3
outputLayer_residual,travel_time,230,695.5962,38.073467248553385,661.3375,748.6997,3
outputLayer_residual,travel_time,231,638.8516333333333,114.29733715394346,541.8541,799.33,3
outputLayer_residual,travel_time,232,643.2419666666666,112.007451820711,551.9915,800.9989,3
outputLayer_residual,travel_time,233,674.1358333333334,98.51427173241898,601.8137,813.4217,3
outputLayer_residual,travel_time,234,693.2546000000001,84.79903869702773,606.0287,808.142,3
outputLayer_residual,travel_time,235,647.3164333333333,95.72859311370289,573.7277,782.5205,3
outputLayer_residual,travel_time,236,699.2783333333333,86.707752671309,633.4161,821.7861,3
outputLayer_residual,travel_time,237,640.9581,94.11954780016036,532.2411,761.8237,3
outputLayer_residual,travel_time,238,597.3157333333334,124.56324980384689,474.6069,768.1275,3
outputLayer_residual,travel_time,239,585.6879,119.96761853569762,443.6402,737.0559,3
outputLayer_residual,travel_time,240,562.2365666666666,176.22788436985664,429.8283,811.2943,3
outputLayer_residual,travel_time,241,538.2814,164.99015131075757,411.789,771.3286,3
outputLayer_residual,travel_time,242,517.5021333333333,122.44978730729682,412.471,689.2539,3
outputLayer_residual,travel_time,243,516.9674,106.49829158038173,385.2815,646.1108,3
outputLayer_residual,travel_time,244,502.85870000000006,100.05294598694567,369.6027,610.6937,3
outputLayer_residual,travel_time,245,528.9199666666667,145.57574404717596,369.4653,721.4263,3
outputLayer_residual,travel_time,246,513.9138333333334,150.67137550128388,361.0885,718.9193,3
outputLayer_residual,travel_time,247,520.8872666666667,113.84091272652769,362.335,624.3608,3
outputLayer_residual,travel_time,248,519.3870666666667,129.90507547673246,353.4887,670.6831,3
outputLayer_residual,travel_time,249,482.0947666666666,138.89399547766232,349.2096,673.8109,3
outputLayer_residual,loss,0,0.002205,5.142632270215957e-05,0.002138,0.002263,3
outputLayer_residual,loss,1,0.0020986666666666666,0.00011474706483779395,0.00196,0.002241,3
outputLayer_residual,loss,2,0.001993,1.6512621435334432e-05,0.00197,0.002008,3
outputLayer_residual,loss,3,0.0019446666666666668,2.532894698868391e-05,0.001913,0.001975,3
outputLayer_residual,loss,4,0.0018933333333333335,3.777418283548814e-05,0.001843,0.001934,3
outputLayer_residual,loss,5,0.001828333333333333,2.0853989759489392e-05,0.001808,0.001857,3
outputLayer_residual,loss,6,0.0018076666666666666,6.792315919887384e-05,0.001712,0.001863,3
outputLayer_residual,loss,7,0.0017966666666666667,0.00011499661830776678,0.001707,0.001959,3
outputLayer_residual,loss,8,0.001688,5.808614292583045e-05,0.001612,0.001753,3
outputLayer_residual,loss,9,0.001649,3.314614105241614e-05,0.001613,0.001693,3
outputLayer_residual,loss,10,0.0016286666666666665,0.000133941114756531,0.001443,0.001754,3
outputLayer_residual,loss,11,0.0015076666666666667,7.200617257491809e-05,0.001423,0.001599,3
outputLayer_residual,loss,12,0.0014386666666666669,5.618026541608917e-05,0.001361,0.001492,3
outputLayer_residual,loss,13,0.0013483333333333333,3.561210780369822e-05,0.001303,0.00139,3
outputLayer_residual,loss,14,0.0011886666666666666,6.456177059392208e-05,0.001132,0.001279,3
outputLayer_residual,loss,15,0.0011200000000000001,6.190853468356899e-05,0.001068,0.001207,3
outputLayer_residual,loss,16,0.001188,3.9606396789744324e-05,0.001159,0.001244,3
outputLayer_residual,loss,17,0.0011066666666666666,9.57786800679335e-05,0.001003,0.001234,3
outputLayer_residual,loss,18,0.0010063333333333333,6.369371153331305e-05,0.000917,0.001061,3
outputLayer_residual,loss,19,0.0009136666666666667,5.966759775809834e-05,0.000869,0.000998,3
outputLayer_residual,loss,20,0.0009176666666666668,5.891425030405537e-05,0.000835,0.000968,3
outputLayer_residual,loss,21,0.0008363333333333334,7.56409647978895e-05,0.000776,0.000943,3
outputLayer_residual,loss,22,0.0007986666666666666,0.00014361135826327322,0.000646,0.000991,3
outputLayer_residual,loss,23,0.000744,8.911041839575591e-05,0.000618,0.000809,3
outputLayer_residual,loss,24,0.000654,6.0712436946642155e-05,0.000587,0.000734,3
outputLayer_residual,loss,25,0.000604,4.102032016777373e-05,0.000546,0.000634,3
outputLayer_residual,loss,26,0.000571,2.2992752481307387e-05,0.00054,0.000595,3
outputLayer_residual,loss,27,0.0004966666666666666,3.073904502239601e-05,0.000472,0.00054,3
outputLayer_residual,loss,28,0.0005763333333333333,6.78937077758724e-05,0.000482,0.000639,3
outputLayer_residual,loss,29,0.0005003333333333333,9.97541422141902e-05,0.000399,0.000636,3
outputLayer_residual,loss,30,0.00042566666666666664,3.556527644893103e-05,0.000377,0.000461,3
outputLayer_residual,loss,31,0.00037600000000000003,3.269046751985457e-05,0.000335,0.000415,3
outputLayer_residual,loss,32,0.00032066666666666664,2.0154955277107973e-05,0.0003,0.000348,3
outputLayer_residual,loss,33,0.00037833333333333333,7.687796968067136e-05,0.000321,0.000487,3
outputLayer_residual,loss,34,0.0003556666666666667,6.82169741014328e-05,0.000291,0.00045,3
outputLayer_residual,loss,35,0.0003026666666666667,3.0136725472788544e-05,0.000273,0.000344,3
outputLayer_residual,loss,36,0.0002663333333333333,1.855322673343432e-05,0.000242,0.000287,3
outputLayer_residual,loss,37,0.00025833333333333334,4.136289265620682e-05,0.000221,0.000316,3
outputLayer_residual,loss,38,0.00024900000000000004,2.4711670657134195e-05,0.000215,0.000273,3
outputLayer_residual,loss,39,0.00021333333333333336,1.247219128924647e-05,0.0002,0.00023,3
outputLayer_residual,loss,40,0.00020733333333333335,1.3719410418171113e-05,0.000189,0.000222,3
outputLayer_residual,loss,41,0.00019666666666666663,1.3960261060914614e-05,0.000177,0.000208,3
outputLayer_residual,loss,42,0.0001823333333333333,1.960158723731888e-05,0.000167,0.00021,3
outputLayer_residual,loss,43,0.000161,1.2832251036613436e-05,0.000144,0.000175,3
outputLayer_residual,loss,44,0.00018466666666666666,1.8624953392931984e-05,0.00016,0.000205,3
outputLayer_residual,loss,45,0.000144,1.416568624058385e-05,0.000124,0.000155,3
outputLayer_residual,loss,46,0.00014233333333333334,1.602775370689507e-05,0.000131,0.000165,3
outputLayer_residual,loss,47,0.00012299999999999998,5.7154760664940785e-06,0.000115,0.000128,3
outputLayer_residual,loss,48,0.000148,2.246478726065899e-05,0.00012,0.000175,3
outputLayer_residual,loss,49,0.000123,2.122891110412088e-05,0.000107,0.000153,3
outputLayer_residual,loss,50,0.00011433333333333333,1.483988619303471e-05,9.4e-05,0.000129,3
outputLayer_residual,loss,51,0.00011366666666666669,7.84573486395988e-06,0.000105,0.000124,3
outputLayer_residual,loss,52,0.00010733333333333334,1.0656244908763853e-05,9.7e-05,0.000122,3
outputLayer_residual,loss,53,0.00012366666666666667,1.0873004286866724e-05,0.000109,0.000135,3
outputLayer_residual,loss,54,9e-05,4.966554808583779e-06,8.3e-05,9.4e-05,3
outputLayer_residual,loss,55,8.4e-05,3.741657386773943e-06,7.9e-05,8.8e-05,3
outputLayer_residual,loss,56,8.7e-05,5.354126134736333e-06,8.1e-05,9.4e-05,3
outputLayer_residual,loss,57,9.533333333333334e-05,6.798692684790377e-06,8.6e-05,0.000102,3
outputLayer_residual,loss,58,8.666666666666668e-05,6.548960901462837e-06,7.9e-05,9.5e-05,3
outputLayer_residual,loss,59,8.1e-05,1.5297058540778354e-05,6e-05,9.6e-05,3
outputLayer_residual,loss,60,9.733333333333333e-05,1.3960261060914616e-05,8.6e-05,0.000117,3
outputLayer_residual,loss,61,8.233333333333333e-05,9.809292646374775e-06,7e-05,9.4e-05,3
outputLayer_residual,loss,62,7.900000000000001e-05,8.04155872120988e-06,6.8e-05,8.7e-05,3
outputLayer_residual,loss,63,7.666666666666666e-05,4.7842333648024445e-06,7e-05,8.1e-05,3
outputLayer_residual,loss,64,9.3e-05,1.4142135623730911e-06,9.1e-05,9.4e-05,3
outputLayer_residual,loss,65,8.266666666666667e-05,1.3597385369580762e-05,6.4e-05,9.6e-05,3
outputLayer_residual,loss,66,8.533333333333332e-05,1.53260852434302e-05,6.5e-05,0.000102,3
outputLayer_residual,loss,67,7.066666666666667e-05,1.621384867602041e-05,5.5e-05,9.3e-05,3
outputLayer_residual,loss,68,7.366666666666666e-05,1.302134998974974e-05,5.6e-05,8.7e-05,3
outputLayer_residual,loss,69,6.733333333333335e-05,1.1469767022723503e-05,5.4e-05,8.2e-05,3
outputLayer_residual,loss,70,7.533333333333333e-05,1.3719410418171118e-05,5.7e-05,9e-05,3
outputLayer_residual,loss,71,6.666666666666667e-05,2.1171259344267227e-05,3.7e-05,8.5e-05,3
outputLayer_residual,loss,72,6.8e-05,9.899494936611661e-06,5.5e-05,7.9e-05,3
outputLayer_residual,loss,73,7.533333333333334e-05,1.4383632673594278e-05,5.9e-05,9.4e-05,3
outputLayer_residual,loss,74,6.2e-05,1.3063945294843617e-05,4.6e-05,7.8e-05,3
outputLayer_residual,loss,75,5.666666666666667e-05,8.259674462242578e-06,4.5e-05,6.3e-05,3
outputLayer_residual,loss,76,6.433333333333333e-05,1.2364824660660938e-05,4.7e-05,7.5e-05,3
outputLayer_residual,loss,77,6.133333333333332e-05,5.90668171555645e-06,5.3e-05,6.6e-05,3
outputLayer_residual,loss,78,6.533333333333333e-05,1.2657891697365017e-05,5.4e-05,8.3e-05,3
outputLayer_residual,loss,79,5.7e-05,7.788880963698616e-06,4.8e-05,6.7e-05,3
outputLayer_residual,loss,80,7.233333333333333e-05,3.399346342395191e-06,6.9e-05,7.7e-05,3
outputLayer_residual,loss,81,5.566666666666667e-05,1.4383632673594276e-05,3.6e-05,7e-05,3
outputLayer_residual,loss,82,5.566666666666667e-05,7.930251502246879e-06,4.5e-05,6.4e-05,3
outputLayer_residual,loss,83,5.2999999999999994e-05,1.1775681155103794e-05,4.1e-05,6.9e-05,3
outputLayer_residual,loss,84,4.966666666666666e-05,6.9442222186665525e-06,4.1e-05,5.8e-05,3
outputLayer_residual,loss,85,5.833333333333333e-05,1.7326921891156034e-05,4.1e-05,8.2e-05,3
outputLayer_residual,loss,86,6.266666666666667e-05,1.7820088539498215e-05,3.9e-05,8.2e-05,3
outputLayer_residual,loss,87,6.133333333333334e-05,1.3912424503139468e-05,4.5e-05,7.9e-05,3
outputLayer_residual,loss,88,3.8333333333333334e-05,6.548960901462833e-06,3e-05,4.6e-05,3
outputLayer_residual,loss,89,4.266666666666666e-05,1.155662388223981e-05,3.4e-05,5.9e-05,3
outputLayer_residual,loss,90,3.933333333333333e-05,1.1469767022723503e-05,2.6e-05,5.4e-05,3
outputLayer_residual,loss,91,4.8666666666666666e-05,1.3912424503139468e-05,3.1e-05,6.5e-05,3
outputLayer_residual,loss,92,4.8333333333333334e-05,1.4197026292697904e-05,3.5e-05,6.8e-05,3
outputLayer_residual,loss,93,5.266666666666666e-05,2.7860764925289153e-05,1.7e-05,8.5e-05,3
outputLayer_residual,loss,94,5.566666666666667e-05,1.0656244908763855e-05,4.2e-05,6.8e-05,3
outputLayer_residual,loss,95,4.966666666666666e-05,8.259674462242578e-06,3.8e-05,5.6e-05,3
outputLayer_residual,loss,96,4.333333333333334e-05,1.4267289706021797e-05,2.4e-05,5.8e-05,3
outputLayer_residual,loss,97,4.7000000000000004e-05,7.788880963698615e-06,3.6e-05,5.3e-05,3
outputLayer_residual,loss,98,4.5e-05,1.061445555206044e-05,3.7e-05,6e-05,3
outputLayer_residual,loss,99,3.8e-05,1.651262143533445e-05,1.5e-05,5.3e-05,3
outputLayer_residual,loss,100,3.4666666666666665e-05,1.806162291219209e-05,1.4e-05,5.8e-05,3
outputLayer_residual,loss,101,3.733333333333334e-05,8.178562764256867e-06,2.6e-05,4.5e-05,3
outputLayer_residual,loss,102,3.8e-05,1.2961481396815721e-05,2e-05,5e-05,3
outputLayer_residual,loss,103,3.8e-05,1.47648230602334e-05,1.9e-05,5.5e-05,3
outputLayer_residual,loss,104,3.5333333333333336e-05,2.867441755680876e-06,3.2e-05,3.9e-05,3
outputLayer_residual,loss,105,3.366666666666666e-05,2.3570226039551584e-06,3.2e-05,3.7e-05,3
outputLayer_residual,loss,106,2.5666666666666666e-05,1.1728408057172786e-05,1.5e-05,4.2e-05,3
outputLayer_residual,loss,107,3.566666666666667e-05,6.9442222186665525e-06,2.7e-05,4.4e-05,3
outputLayer_residual,loss,108,4.133333333333333e-05,8.2192186706253e-06,3.2e-05,5.2e-05,3
outputLayer_residual,loss,109,3.5000000000000004e-05,1.3638181696985856e-05,1.7e-05,5e-05,3
outputLayer_residual,loss,110,3.766666666666667e-05,2.449943310001728e-05,8e-06,6.8e-05,3
outputLayer_residual,loss,111,5.233333333333333e-05,3.5122009560324924e-05,1e-05,9.6e-05,3
outputLayer_residual,loss,112,2.9333333333333333e-05,2.0821996915655224e-05,4e-06,5.5e-05,3
outputLayer_residual,loss,113,1.9e-05,1.2328828005937955e-05,3e-06,3.3e-05,3
outputLayer_residual,loss,114,2.6666666666666663e-05,2.0270394394014362e-05,-1e-06,4.7e-05,3
outputLayer_residual,loss,115,2.2666666666666668e-05,1.4197026292697902e-05,3e-06,3.6e-05,3
outputLayer_residual,loss,116,1.8333333333333333e-05,1.9344824171395877e-05,-9e-06,3.3e-05,3
outputLayer_residual,loss,117,2.8000000000000003e-05,1.0984838035522721e-05,1.7e-05,4.3e-05,3
outputLayer_residual,loss,118,2.8000000000000003e-05,5.0990195135927864e-06,2.1e-05,3.3e-05,3
outputLayer_residual,loss,119,1.9333333333333333e-05,1.0624918300339485e-05,6e-06,3.2e-05,3
outputLayer_residual,loss,120,2.2666666666666668e-05,1.8116904322268257e-05,-1e-06,4.3e-05,3
outputLayer_residual,loss,121,2.8000000000000003e-05,2.039607805437114e-05,-0.0,4.8e-05,3
outputLayer_residual,loss,122,2.8333333333333332e-05,1.8190351532856335e-05,1.4e-05,5.4e-05,3
outputLayer_residual,loss,123,2.0333333333333334e-05,1.4337208778404377e-05,2e-06,3.7e-05,3
outputLayer_residual,loss,124,1.7e-05,1.5556349186104044e-05,-5e-06,2.8e-05,3
outputLayer_residual,loss,125,2.1333333333333338e-05,1.8006171781426008e-05,-3e-06,4e-05,3
outputLayer_residual,loss,126,2.7000000000000002e-05,1.3140268896284684e-05,9e-06,4e-05,3
outputLayer_residual,loss,127,2.466666666666667e-05,5.4365021434333634e-06,1.7e-05,2.9e-05,3
outputLayer_residual,loss,128,4.4000000000000006e-05,3.262923024937405e-05,8e-06,8.7e-05,3
outputLayer_residual,loss,129,1.8666666666666665e-05,1.4383632673594278e-05,-0.0,3.5e-05,3
outputLayer_residual,loss,130,2.3e-05,1.2247448713915892e-05,8e-06,3.8e-05,3
outputLayer_residual,loss,131,1.9e-05,1.7682382946499792e-05,-6e-06,3.2e-05,3
outputLayer_residual,loss,132,1.7e-05,7.788880963698615e-06,6e-06,2.3e-05,3
outputLayer_residual,loss,133,2.8333333333333335e-05,7.845734863959879e-06,1.8e-05,3.7e-05,3
outputLayer_residual,loss,134,2.8666666666666668e-05,2.6398653164297778e-05,1e-05,6.6e-05,3
outputLayer_residual,loss,135,1.6e-05,8.16496580927726e-06,6e-06,2.6e-05,3
outputLayer_residual,loss,136,1.4000000000000001e-05,8.524474568362948e-06,2e-06,2.1e-05,3
outputLayer_residual,loss,137,3.1e-05,1.9949937343260005e-05,3e-06,4.8e-05,3
outputLayer_residual,loss,138,2.4e-05,1.489966442575134e-05,3e-06,3.6e-05,3
outputLayer_residual,loss,139,8e-06,1.2754084313139327e-05,-1e-05,1.8e-05,3
outputLayer_residual,loss,140,2.7333333333333335e-05,2.341414577178126e-05,-3e-06,5.4e-05,3
outputLayer_residual,loss,141,2.3666666666666668e-05,2.6662499674428295e-05,-7e-06,5.8e-05,3
outputLayer_residual,loss,142,1.4666666666666666e-05,2.007209228976613e-05,-1.1e-05,3.8e-05,3
outputLayer_residual,loss,143,1.2e-05,8.831760866327847e-06,3e-06,2.4e-05,3
outputLayer_residual,loss,144,6.666666666666666e-06,1.3572848714334888e-05,-1.1e-05,2.2e-05,3
outputLayer_residual,loss,145,1.633333333333333e-05,1.922382780706162e-05,-8e-06,3.9e-05,3
outputLayer_residual,loss,146,8.666666666666668e-06,1.5412837362262524e-05,-1.2e-05,2.5e-05,3
outputLayer_residual,loss,147,2.3e-05,1.2754084313139329e-05,5e-06,3.3e-05,3
outputLayer_residual,loss,148,1.1666666666666666e-05,6.128258770283412e-06,3e-06,1.6e-05,3
outputLayer_residual,loss,149,2.3333333333333332e-05,5.90668171555645e-06,1.5e-05,2.8e-05,3
outputLayer_residual,loss,150,1.1666666666666668e-05,9.741092797468307e-06,2e-06,2.5e-05,3
outputLayer_residual,loss,151,1.2666666666666667e-05,1.9362047641943476e-05,-9e-06,3.8e-05,3
outputLayer_residual,loss,152,5.999999999999999e-06,1.2832251036613438e-05,-1.2e-05,1.7e-05,3
outputLayer_residual,loss,153,1.3333333333333332e-05,8.178562764256865e-06,2e-06,2.1e-05,3
outputLayer_residual,loss,154,1.0333333333333333e-05,1.554205763583302e-05,-8e-06,3e-05,3
outputLayer_residual,loss,155,1e-06,1.2675435561221029e-05,-1.4e-05,1.7e-05,3
outputLayer_residual,loss,156,5.3333333333333345e-06,1.5107025591499546e-05,-1.6e-05,1.7e-05,3
outputLayer_residual,loss,157,3.2e-05,1.5895492023421818e-05,1e-05,4.7e-05,3
outputLayer_residual,loss,158,1.0333333333333333e-05,7.586537784494028e-06,0.0,1.8e-05,3
outputLayer_residual,loss,159,1.0666666666666666e-05,1.52825245151302e-05,-3e-06,3.2e-05,3
outputLayer_residual,loss,160,-6.666666666666665e-07,1.0873004286866725e-05,-1.6e-05,8e-06,3
outputLayer_residual,loss,161,5e-06,6.1644140029689764e-06,-3e-06,1.2e-05,3
outputLayer_residual,loss,162,2.3333333333333336e-06,3.7712361663282533e-06,-3e-06,5e-06,3
outputLayer_residual,loss,163,2.4333333333333333e-05,1.7441967269268172e-05,1.2e-05,4.9e-05,3
outputLayer_residual,loss,164,7.000000000000001e-06,1.7204650534085252e-05,-1.3e-05,2.9e-05,3
outputLayer_residual,loss,165,8e-06,7.483314773547883e-06,-0.0,1.8e-05,3
outputLayer_residual,loss,166,-3.33333333333333e-07,6.649979114420001e-06,-6e-06,9e-06,3
outputLayer_residual,loss,167,3e-06,9.93310961716756e-06,-1.1e-05,1.1e-05,3
outputLayer_residual,loss,168,1.3333333333333335e-05,1.6213848676020412e-05,-1e-06,3.6e-05,3
outputLayer_residual,loss,169,-1.6666666666666669e-06,3.0912061651652345e-06,-6e-06,1e-06,3
outputLayer_residual,loss,170,-6.666666666666669e-07,6.79869268479038e-06,-1e-05,6e-06,3
outputLayer_residual,loss,171,3e-06,4.320493798938574e-06,-1e-06,9e-06,3
outputLayer_residual,loss,172,2.3333333333333323e-06,1.755625877635159e-05,-1.6e-05,2.6e-05,3
outputLayer_residual,loss,173,9e-06,1.283225103661344e-05,-5e-06,2.6e-05,3
outputLayer_residual,loss,174,2.6666666666666673e-06,6.9442222186665525e-06,-7e-06,9e-06,3
outputLayer_residual,loss,175,4.666666666666666e-06,6.944222218666553e-06,-5e-06,1.1e-05,3
outputLayer_residual,loss,176,1.7666666666666668e-05,1.0208928554075704e-05,5e-06,3e-05,3
outputLayer_residual,loss,177,9e-06,2.9439202887759485e-06,6e-06,1.3e-05,3
outputLayer_residual,loss,178,-2.3333333333333336e-06,1.4337208778404379e-05,-1.9e-05,1.6e-05,3
outputLayer_residual,loss,179,-7.333333333333333e-06,5.249338582674541e-06,-1.2e-05,0.0,3
outputLayer_residual,loss,180,-4.333333333333333e-06,6.79869268479038e-06,-1.1e-05,5e-06,3
outputLayer_residual,loss,181,4.333333333333333e-06,8.956685895029602e-06,-8e-06,1.3e-05,3
outputLayer_residual,loss,182,1.9333333333333333e-05,3.681787005729087e-06,1.5e-05,2.4e-05,3
outputLayer_residual,loss,183,1.1666666666666668e-05,6.236095644623237e-06,5e-06,2e-05,3
outputLayer_residual,loss,184,1.6333333333333335e-05,7.039570693980959e-06,7e-06,2.4e-05,3
outputLayer_residual,loss,185,1.5666666666666667e-05,2.8639522032014118e-05,-1.8e-05,5.2e-05,3
outputLayer_residual,loss,186,1.8333333333333333e-05,6.9442222186665525e-06,1e-05,2.7e-05,3
outputLayer_residual,loss,187,1.6666666666666664e-05,7.586537784494028e-06,6e-06,2.3e-05,3
outputLayer_residual,loss,188,1.633333333333333e-05,2.0997354330698164e-05,-1.3e-05,3.5e-05,3
outputLayer_residual,loss,189,2.2000000000000003e-05,1.023067283548187e-05,1e-05,3.5e-05,3
outputLayer_residual,loss,190,-2.0000000000000008e-06,1.067707825203131e-05,-1.1e-05,1.3e-05,3
outputLayer_residual,loss,191,1.8666666666666665e-05,1.0842303978193728e-05,1.1e-05,3.4e-05,3
outputLayer_residual,loss,192,1.5e-05,1.4696938456699071e-05,-3e-06,3.3e-05,3
outputLayer_residual,loss,193,1.4999999999999999e-05,1.019803902718557e-05,1e-06,2.5e-05,3
outputLayer_residual,loss,194,1.3333333333333332e-05,5.436502143433363e-06,9e-06,2.1e-05,3
outputLayer_residual,loss,195,6.666666666666668e-06,2.36267268622258e-05,-1.2e-05,4e-05,3
outputLayer_residual,loss,196,2.2333333333333335e-05,1.8696404883173546e-05,4e-06,4.8e-05,3
outputLayer_residual,loss,197,2.033333333333333e-05,1.18133634311129e-05,1.1e-05,3.7e-05,3
outputLayer_residual,loss,198,3.8333333333333334e-05,2.5037749277618562e-05,1.2e-05,7.2e-05,3
outputLayer_residual,loss,199,4.433333333333334e-05,2.752372713779069e-05,1.3e-05,8e-05,3
outputLayer_residual,loss,200,4.399999999999999e-05,4.294958284624737e-05,2e-06,0.000103,3
outputLayer_residual,loss,201,1.1000000000000001e-05,1.3063945294843617e-05,-5e-06,2.7e-05,3
outputLayer_residual,loss,202,2.7000000000000002e-05,2.039607805437114e-05,7e-06,5.5e-05,3
outputLayer_residual,loss,203,1.8999999999999998e-05,8.524474568362948e-06,7e-06,2.6e-05,3
outputLayer_residual,loss,204,1.4e-05,3.741657386773942e-06,1e-05,1.9e-05,3
outputLayer_residual,loss,205,2.766666666666667e-05,1.9754043186705406e-05,9e-06,5.5e-05,3
outputLayer_residual,loss,206,2.5333333333333334e-05,1.2970050972229145e-05,7e-06,3.5e-05,3
outputLayer_residual,loss,207,3.1666666666666666e-05,2.0038851153585516e-05,1.7e-05,6e-05,3
outputLayer_residual,loss,208,2.7000000000000002e-05,1.151810169544733e-05,1.4e-05,4.2e-05,3
outputLayer_residual,loss,209,3.0333333333333333e-05,1.5520595635763755e-05,1.1e-05,4.9e-05,3
outputLayer_residual,loss,210,1.9e-05,1.5769168230019827e-05,2e-06,4e-05,3
outputLayer_residual,loss,211,1.6666666666666667e-05,7.408703590297623e-06,7e-06,2.5e-05,3
outputLayer_residual,loss,212,1.633333333333333e-05,1.0208928554075704e-05,4e-06,2.9e-05,3
outputLayer_residual,loss,213,2.9999999999999997e-06,9.626352718795768e-06,-7e-06,1.6e-05,3
outputLayer_residual,loss,214,1.7666666666666668e-05,5.312459150169743e-06,1.1e-05,2.4e-05,3
outputLayer_residual,loss,215,2.0666666666666666e-05,2.867441755680876e-06,1.7e-05,2.4e-05,3
outputLayer_residual,loss,216,1.5666666666666667e-05,9.463379711052259e-06,5e-06,2.8e-05,3
outputLayer_residual,loss,217,3.3333333333333325e-06,1.302134998974974e-05,-1e-05,2.1e-05,3
outputLayer_residual,loss,218,7.333333333333334e-06,9.285592184789415e-06,-2e-06,2e-05,3
outputLayer_residual,loss,219,1.9333333333333333e-05,1.4055445761538677e-05,7e-06,3.9e-05,3
outputLayer_residual,loss,220,2.4333333333333333e-05,1.327487183449325e-05,1e-05,4.2e-05,3
outputLayer_residual,loss,221,1.4333333333333332e-05,4.496912521077347e-06,8e-06,1.8e-05,3
outputLayer_residual,loss,222,3.366666666666667e-05,2.4362995619495473e-05,1.4e-05,6.8e-05,3
outputLayer_residual,loss,223,2.133333333333333e-05,9.568466729604882e-06,8e-06,3e-05,3
outputLayer_residual,loss,224,3.5000000000000004e-05,1.98158185969358e-05,7e-06,5e-05,3
outputLayer_residual,loss,225,2.9999999999999997e-05,5.354126134736337e-06,2.3e-05,3.6e-05,3
outputLayer_residual,loss,226,3.0333333333333333e-05,1.7211107524567448e-05,6e-06,4.3e-05,3
outputLayer_residual,loss,227,2.2000000000000003e-05,9.899494936611665e-06,1.1e-05,3.5e-05,3
outputLayer_residual,loss,228,3.333333333333333e-05,8.25967446224258e-06,2.7e-05,4.5e-05,3
outputLayer_residual,loss,229,3.1333333333333334e-05,1.5542057635833024e-05,1.3e-05,5.1e-05,3
outputLayer_residual,loss,230,3.6e-05,2.2759613353482082e-05,1.7e-05,6.8e-05,3
outputLayer_residual,loss,231,2.3333333333333332e-05,2.327134623427608e-05,-5e-06,5.2e-05,3
outputLayer_residual,loss,232,2.8333333333333335e-05,1.635712552851373e-05,9e-06,4.9e-05,3
outputLayer_residual,loss,233,2.4e-05,2.6127890589687235e-05,-8e-06,5.6e-05,3
outputLayer_residual,loss,234,1.7e-05,1.1224972160321824e-05,5e-06,3.2e-05,3
outputLayer_residual,loss,235,4.333333333333333e-05,2.9329545209945248e-05,1.3e-05,8.3e-05,3
outputLayer_residual,loss,236,2.3e-05,2.943920288775948e-06,1.9e-05,2.6e-05,3
outputLayer_residual,loss,237,3.266666666666666e-05,1.6418147141366336e-05,1.6e-05,5.5e-05,3
outputLayer_residual,loss,238,5.0333333333333335e-05,2.4783507060588138e-05,2.3e-05,8.3e-05,3
outputLayer_residual,loss,239,3.033333333333333e-05,7.93025150224688e-06,2.2e-05,4.1e-05,3
outputLayer_residual,loss,240,2.166666666666667e-05,5.312459150169743e-06,1.5e-05,2.8e-05,3
outputLayer_residual,loss,241,9e-06,1.0033277962194942e-05,-5e-06,1.8e-05,3
outputLayer_residual,loss,242,1.4999999999999999e-05,1.1343133018115704e-05,6e-06,3.1e-05,3
outputLayer_residual,loss,243,6.666666666666666e-06,1.6679994670929075e-05,-8e-06,3e-05,3
outputLayer_residual,loss,244,3.1666666666666666e-05,3.53679076125361e-05,-6e-06,7.9e-05,3
outputLayer_residual,loss,245,1.966666666666667e-05,2.449943310001728e-05,-1.3e-05,4.6e-05,3
outputLayer_residual,loss,246,5.666666666666668e-06,2.0237478982214053e-05,-2.1e-05,2.8e-05,3
outputLayer_residual,loss,247,8e-06,2.736177382164151e-05,-2.5e-05,4.2e-05,3
outputLayer_residual,loss,248,8.333333333333332e-06,2.3156472577277874e-05,-2.4e-05,2.9e-05,3
outputLayer_residual,loss,249,2.6666666666666673e-06,2.70842307543625e-05,-2.6e-05,3.9e-05,3
outputLayer_residual,reward,0,-67.6564,0.9850931225016243,-69.0261,-66.7512,3
outputLayer_residual,reward,1,-66.45236666666666,0.6404544445591391,-67.3468,-65.8816,3
outputLayer_residual,reward,2,-65.5997,0.6337393996483601,-66.2247,-64.7309,3
outputLayer_residual,reward,3,-66.54833333333335,0.7481209810065631,-67.6007,-65.9277,3
outputLayer_residual,reward,4,-65.76346666666666,1.0367433765830825,-66.7117,-64.3209,3
outputLayer_residual,reward,5,-65.60083333333334,0.7737533169916373,-66.2031,-64.5085,3
outputLayer_residual,reward,6,-66.3532,1.9042775497985225,-67.9658,-63.679,3
outputLayer_residual,reward,7,-65.96253333333334,0.56588742304062,-66.4556,-65.1701,3
outputLayer_residual,reward,8,-67.1272,1.4527769477796662,-68.5565,-65.1344,3
outputLayer_residual,reward,9,-66.49743333333333,0.13749088050566366,-66.6135,-66.3043,3
outputLayer_residual,reward,10,-66.58200000000001,1.0706235597382814,-67.4544,-65.0741,3
outputLayer_residual,reward,11,-65.2561,0.28431401653805016,-65.6356,-64.9513,3
outputLayer_residual,reward,12,-66.29450000000001,1.3521369827055263,-67.3944,-64.3899,3
outputLayer_residual,reward,13,-65.08503333333333,1.073446506455826,-66.5898,-64.1589,3
outputLayer_residual,reward,14,-64.60279999999999,1.5311936977404224,-66.6612,-62.9913,3
outputLayer_residual,reward,15,-64.01013333333333,1.6283028881493598,-66.2357,-62.3853,3
outputLayer_residual,reward,16,-66.27253333333334,0.3254453495681807,-66.7206,-65.9574,3
outputLayer_residual,reward,17,-64.97143333333334,1.326881309269553,-66.7413,-63.5465,3
outputLayer_residual,reward,18,-65.02926666666667,1.8649457692443048,-66.4681,-62.3956,3
outputLayer_residual,reward,19,-64.45553333333334,2.408198077862831,-67.7292,-62.0054,3
outputLayer_residual,reward,20,-65.64533333333334,1.7058553169076875,-67.7669,-63.59,3
outputLayer_residual,reward,21,-64.9455,1.518906714274008,-67.092,-63.8014,3
outputLayer_residual,reward,22,-65.11016666666667,3.316522534556672,-68.9255,-60.84,3
outputLayer_residual,reward,23,-64.0062,2.594744817254034,-66.1252,-60.3522,3
outputLayer_residual,reward,24,-63.59363333333334,2.4930212358145356,-67.0746,-61.3685,3
outputLayer_residual,reward,25,-63.96363333333333,1.260518740660191,-65.2284,-62.2433,3
outputLayer_residual,reward,26,-63.4254,1.148492240577474,-64.8994,-62.0976,3
outputLayer_residual,reward,27,-61.25573333333333,1.5040977391409398,-63.366,-59.9692,3
outputLayer_residual,reward,28,-64.45523333333334,1.8203380296588418,-65.9783,-61.8963,3
outputLayer_residual,reward,29,-62.95156666666666,3.0445311301121913,-66.8806,-59.462,3
outputLayer_residual,reward,30,-62.60693333333333,2.3821737920553887,-65.9455,-60.547,3
outputLayer_residual,reward,31,-62.549866666666674,1.9493062720419876,-64.9394,-60.1646,3
outputLayer_residual,reward,32,-61.71790000000001,1.3213180717248463,-63.3307,-60.0942,3
outputLayer_residual,reward,33,-63.60663333333334,3.2184977461887727,-68.0277,-60.4587,3
outputLayer_residual,reward,34,-62.755500000000005,2.470188782259361,-66.2087,-60.5714,3
outputLayer_residual,reward,35,-62.398300000000006,1.4230181235669506,-64.1145,-60.63,3
outputLayer_residual,reward,36,-60.84629999999999,2.129299701779906,-62.8974,-57.9114,3
outputLayer_residual,reward,37,-61.072766666666666,1.3539233221354219,-62.9706,-59.904,3
outputLayer_residual,reward,38,-62.89373333333333,1.57563889757633,-64.1536,-60.6721,3
outputLayer_residual,reward,39,-61.297266666666665,1.0826337341050398,-62.1127,-59.7673,3
outputLayer_residual,reward,40,-61.806933333333326,1.2894541851324366,-63.3987,-60.2405,3
outputLayer_residual,reward,41,-61.30726666666666,1.700018733883703,-63.5042,-59.3631,3
outputLayer_residual,reward,42,-60.83676666666667,1.4379094323202548,-62.8412,-59.5378,3
outputLayer_residual,reward,43,-62.62716666666666,1.5044657397967613,-64.4349,-60.7516,3
outputLayer_residual,reward,44,-61.74786666666666,1.3332569503121126,-63.4681,-60.2192,3
outputLayer_residual,reward,45,-61.33206666666667,1.4750309021245023,-62.8453,-59.332,3
outputLayer_residual,reward,46,-60.33183333333333,2.6785057306059445,-63.4873,-56.9392,3
outputLayer_residual,reward,47,-59.92166666666666,0.9120460234488658,-60.7175,-58.6447,3
outputLayer_residual,reward,48,-62.1718,2.319860928302962,-65.427,-60.1901,3
outputLayer_residual,reward,49,-61.2116,0.7223895486508646,-62.2134,-60.5373,3
outputLayer_residual,reward,50,-61.58613333333333,0.45438217639144307,-62.0979,-60.9937,3
outputLayer_residual,reward,51,-62.6284,0.5631314115432265,-63.2726,-61.9008,3
outputLayer_residual,reward,52,-61.79306666666667,0.9160294621656841,-63.0853,-61.0678,3
outputLayer_residual,reward,53,-63.900533333333335,1.2496712643287025,-64.8589,-62.1354,3
outputLayer_residual,reward,54,-59.92246666666667,1.5250537943153197,-62.0456,-58.5324,3
outputLayer_residual,reward,55,-60.86333333333334,0.7844445267547951,-61.8187,-59.8973,3
outputLayer_residual,reward,56,-61.66479999999999,0.6791539884297217,-62.1819,-60.7053,3
outputLayer_residual,reward,57,-62.20356666666667,1.3429214058247125,-63.3637,-60.3213,3
outputLayer_residual,reward,58,-61.13673333333333,0.6823631796110413,-61.669,-60.1735,3
outputLayer_residual,reward,59,-61.69753333333333,1.685887687705071,-63.8433,-59.7246,3
outputLayer_residual,reward,60,-63.6677,1.8496300729244923,-65.0136,-61.0523,3
outputLayer_residual,reward,61,-61.45106666666667,1.541261788996997,-63.4688,-59.7282,3
outputLayer_residual,reward,62,-60.2794,1.1416328685994752,-61.3969,-58.7115,3
outputLayer_residual,reward,63,-60.639766666666674,3.027889368667371,-64.8061,-57.7002,3
outputLayer_residual,reward,64,-61.99593333333333,2.831016677606985,-64.5601,-58.051,3
outputLayer_residual,reward,65,-60.19756666666667,0.8819952846938703,-61.4402,-59.4826,3
outputLayer_residual,reward,66,-61.006766666666664,0.9785894417760491,-62.2261,-59.8302,3
outputLayer_residual,reward,67,-60.072900000000004,0.6492652051871165,-60.7815,-59.2129,3
outputLayer_residual,reward,68,-58.64746666666667,0.6272508766213277,-59.1772,-57.7664,3
outputLayer_residual,reward,69,-60.58943333333334,2.2084617653219367,-62.6997,-57.5403,3
outputLayer_residual,reward,70,-62.28379999999999,0.6006635830479494,-63.0899,-61.6487,3
outputLayer_residual,reward,71,-61.635866666666665,2.698465687921357,-65.4473,-59.5649,3
outputLayer_residual,reward,72,-61.64376666666667,0.863851971629915,-62.7342,-60.6215,3
outputLayer_residual,reward,73,-61.6758,1.693112880662914,-63.438,-59.3908,3
outputLayer_residual,reward,74,-60.39556666666667,0.6984525053446522,-61.3031,-59.6041,3
outputLayer_residual,reward,75,-59.87493333333333,2.3515450443390535,-62.0375,-56.6057,3
outputLayer_residual,reward,76,-60.08216666666666,3.853725696286934,-65.0739,-55.6919,3
outputLayer_residual,reward,77,-58.938433333333336,1.2484989823339436,-60.0065,-57.1868,3
outputLayer_residual,reward,78,-58.386,3.5641786262756243,-63.2848,-54.9088,3
outputLayer_residual,reward,79,-58.024033333333335,2.548140493684671,-61.2229,-54.9876,3
outputLayer_residual,reward,80,-58.7371,3.039711250541188,-62.9842,-56.0379,3
outputLayer_residual,reward,81,-57.95836666666667,3.2962897175797856,-60.5509,-53.3069,3
outputLayer_residual,reward,82,-58.226333333333336,1.841588640881079,-60.7395,-56.378,3
outputLayer_residual,reward,83,-59.270900000000005,0.6936769036566433,-60.1896,-58.5136,3
outputLayer_residual,reward,84,-59.46536666666666,1.644900443458172,-61.2464,-57.2789,3
outputLayer_residual,reward,85,-58.69736666666666,1.9615605697731822,-61.3844,-56.7568,3
outputLayer_residual,reward,86,-57.765833333333326,1.900161772645219,-59.4125,-55.1034,3
outputLayer_residual,reward,87,-56.49323333333333,1.4007192493699647,-58.0306,-54.6427,3
outputLayer_residual,reward,88,-57.70236666666667,0.6829470469142465,-58.4514,-56.7998,3
outputLayer_residual,reward,89,-59.452433333333325,1.090772696557608,-60.2677,-57.9107,3
outputLayer_residual,reward,90,-61.20056666666667,0.9849767047442739,-62.1026,-59.8303,3
outputLayer_residual,reward,91,-59.67006666666666,1.477930066756282,-61.2672,-57.7039,3
outputLayer_residual,reward,92,-59.59673333333333,1.6849702358070167,-61.5008,-57.4039,3
outputLayer_residual,reward,93,-63.275,3.1129663163398744,-67.3834,-59.8509,3
outputLayer_residual,reward,94,-59.69899999999999,0.7950571803335906,-60.6168,-58.6776,3
outputLayer_residual,reward,95,-61.082899999999995,2.354855555372064,-63.462,-57.8752,3
outputLayer_residual,reward,96,-58.69336666666667,2.296583550019945,-60.5045,-55.453,3
outputLayer_residual,reward,97,-56.609566666666666,1.3352739577413388,-58.2671,-54.9973,3
outputLayer_residual,reward,98,-58.174933333333335,0.7188719372894032,-58.9732,-57.2306,3
outputLayer_residual,reward,99,-56.27926666666667,1.767002275669791,-58.5875,-54.296,3
outputLayer_residual,reward,100,-58.23926666666667,2.561528354105981,-61.0433,-54.851,3
outputLayer_residual,reward,101,-59.17953333333333,1.489046930832679,-60.3543,-57.0786,3
outputLayer_residual,reward,102,-56.811866666666674,1.7380032169769466,-58.6044,-54.4592,3
outputLayer_residual,reward,103,-59.454100000000004,0.7673915602003106,-60.335,-58.4647,3
outputLayer_residual,reward,104,-57.92006666666666,1.4334371334507674,-59.0581,-55.8982,3
outputLayer_residual,reward,105,-59.394933333333334,1.4899968776999362,-61.2242,-57.5745,3
outputLayer_residual,reward,106,-59.4848,0.42530499644372927,-59.9654,-58.9313,3
outputLayer_residual,reward,107,-56.81093333333334,0.8071266002857852,-57.8751,-55.9213,3
outputLayer_residual,reward,108,-58.12633333333333,2.2895016405808115,-60.9896,-55.3855,3
outputLayer_residual,reward,109,-57.69899999999999,1.1475483519224798,-59.0661,-56.2581,3
outputLayer_residual,reward,110,-58.420866666666676,1.4167834210712038,-60.3688,-57.0406,3
outputLayer_residual,reward,111,-60.387566666666665,1.3539089637867903,-62.2209,-58.9926,3
outputLayer_residual,reward,112,-59.99336666666667,1.4896548421996592,-61.334,-57.9157,3
outputLayer_residual,reward,113,-59.626200000000004,2.1573298696923158,-62.1382,-56.8707,3
outputLayer_residual,reward,114,-59.151633333333336,1.300704666282429,-60.7718,-57.5872,3
outputLayer_residual,reward,115,-57.190733333333334,1.8758581970808854,-59.4355,-54.844,3
outputLayer_residual,reward,116,-57.05433333333334,1.2039346309312466,-58.5546,-55.607,3
outputLayer_residual,reward,117,-59.36593333333334,3.1827196968770113,-63.8669,-57.0924,3
outputLayer_residual,reward,118,-58.39283333333333,0.7891852690521345,-59.3025,-57.378,3
outputLayer_residual,reward,119,-57.6158,1.1930085861663642,-59.2747,-56.52,3
outputLayer_residual,reward,120,-56.518766666666664,1.7087668542613466,-58.8495,-54.8006,3
outputLayer_residual,reward,121,-53.67253333333334,1.3004792996771966,-55.3986,-52.2596,3
outputLayer_residual,reward,122,-57.034699999999994,1.2640499541816639,-58.4576,-55.3861,3
outputLayer_residual,reward,123,-57.82476666666667,0.7400428876460866,-58.8209,-57.0487,3
outputLayer_residual,reward,124,-58.85183333333333,2.6411759910228554,-61.1158,-55.147,3
outputLayer_residual,reward,125,-59.03209999999999,1.9041583144966328,-61.721,-57.5608,3
outputLayer_residual,reward,126,-58.713899999999995,2.138977009382446,-61.335,-56.0956,3
outputLayer_residual,reward,127,-57.1362,2.6059413539064904,-60.6641,-54.4493,3
outputLayer_residual,reward,128,-59.76776666666667,3.567389187564985,-64.7064,-56.4058,3
outputLayer_residual,reward,129,-57.331133333333334,2.706621944211802,-61.032,-54.6343,3
outputLayer_residual,reward,130,-55.14336666666666,0.4734896643245979,-55.6183,-54.4971,3
outputLayer_residual,reward,131,-53.92353333333333,1.2397019919677832,-55.4807,-52.4473,3
outputLayer_residual,reward,132,-54.9039,2.5539054367771734,-58.5146,-53.0225,3
outputLayer_residual,reward,133,-54.975500000000004,3.3013370755902325,-58.7334,-50.6972,3
outputLayer_residual,reward,134,-53.61683333333334,0.7739319881115013,-54.4965,-52.613,3
outputLayer_residual,reward,135,-55.365033333333336,0.4160082878447922,-55.7676,-54.7922,3
outputLayer_residual,reward,136,-55.60883333333334,1.2101193393858114,-57.2378,-54.34,3
outputLayer_residual,reward,137,-55.4295,1.6951187628009998,-57.1844,-53.1377,3
outputLayer_residual,reward,138,-55.907466666666664,0.7243394063252085,-56.4922,-54.8867,3
outputLayer_residual,reward,139,-54.96933333333334,1.007731334345728,-55.8951,-53.5681,3
outputLayer_residual,reward,140,-56.126133333333335,0.880591363169595,-57.1498,-55.0001,3
outputLayer_residual,reward,141,-55.581266666666664,1.2794115426849766,-57.3835,-54.5412,3
outputLayer_residual,reward,142,-55.17333333333334,0.49212895554812475,-55.6546,-54.4973,3
outputLayer_residual,reward,143,-59.153999999999996,4.070404467207977,-63.4218,-53.6747,3
outputLayer_residual,reward,144,-54.8828,3.0586303209116337,-59.1212,-52.0154,3
outputLayer_residual,reward,145,-53.5872,0.718474675962903,-54.537,-52.7997,3
outputLayer_residual,reward,146,-54.182700000000004,3.4799933227905284,-56.9367,-49.2734,3
outputLayer_residual,reward,147,-55.31486666666666,1.2761189765152074,-56.6835,-53.6118,3
outputLayer_residual,reward,148,-53.70976666666667,0.9762056966757686,-55.0315,-52.7036,3
outputLayer_residual,reward,149,-52.60753333333333,1.6746913155033145,-54.2701,-50.3155,3
outputLayer_residual,reward,150,-53.61973333333333,1.6450956209966123,-55.6957,-51.6722,3
outputLayer_residual,reward,151,-52.054566666666666,0.7992570397284943,-52.9417,-51.0044,3
outputLayer_residual,reward,152,-52.080000000000005,1.8741566120969362,-54.4774,-49.9025,3
outputLayer_residual,reward,153,-53.8562,1.0452601239245047,-55.2494,-52.7317,3
outputLayer_residual,reward,154,-54.09323333333333,2.270298941157799,-57.2804,-52.1637,3
outputLayer_residual,reward,155,-55.180433333333326,2.551254585928698,-58.7846,-53.234,3
outputLayer_residual,reward,156,-53.469699999999996,0.9404264599992196,-54.6874,-52.3977,3
outputLayer_residual,reward,157,-52.394466666666666,3.2901637287864913,-56.7523,-48.8032,3
outputLayer_residual,reward,158,-51.06426666666666,2.7438767541969216,-53.9055,-47.3548,3
outputLayer_residual,reward,159,-51.986266666666666,0.5268021914237744,-52.7203,-51.5089,3
outputLayer_residual,reward,160,-51.709833333333336,1.1887072651507722,-52.7094,-50.0395,3
outputLayer_residual,reward,161,-52.46256666666667,2.156965538796472,-55.3187,-50.1068,3
outputLayer_residual,reward,162,-51.634966666666664,2.09630884546041,-53.2496,-48.6744,3
outputLayer_residual,reward,163,-53.099700000000006,2.393207593725766,-55.3269,-49.7791,3
outputLayer_residual,reward,164,-50.53516666666667,0.3591627517188023,-51.0278,-50.1817,3
outputLayer_residual,reward,165,-50.275800000000004,2.6033524591700363,-53.378,-47.0076,3
outputLayer_residual,reward,166,-51.281733333333335,0.5865413729842269,-51.9886,-50.5524,3
outputLayer_residual,reward,167,-49.5234,1.672207118351871,-51.5906,-47.4951,3
outputLayer_residual,reward,168,-50.83406666666667,1.1064347558210945,-51.8261,-49.2901,3
outputLayer_residual,reward,169,-51.31,0.6724107425277112,-52.2601,-50.8005,3
outputLayer_residual,reward,170,-50.259966666666664,0.4176085035319845,-50.7667,-49.7439,3
outputLayer_residual,reward,171,-51.4313,1.6879161057351162,-53.2941,-49.2072,3
outputLayer_residual,reward,172,-52.40200000000001,1.4707821864572592,-54.4394,-51.0206,3
outputLayer_residual,reward,173,-49.308233333333334,2.2834476715898013,-51.0882,-46.0848,3
outputLayer_residual,reward,174,-51.852666666666664,0.7147206929205894,-52.7087,-50.9592,3
outputLayer_residual,reward,175,-50.398799999999994,0.7271462072146617,-51.4268,-49.8619,3
outputLayer_residual,reward,176,-48.6943,0.862743418790702,-49.4849,-47.4942,3
outputLayer_residual,reward,177,-49.272600000000004,0.7791344727751849,-49.8751,-48.1724,3
outputLayer_residual,reward,178,-49.1507,0.6326613786220865,-49.8626,-48.3254,3
outputLayer_residual,reward,179,-51.10139999999999,0.5476618725698073,-51.8757,-50.6986,3
outputLayer_residual,reward,180,-50.70523333333333,0.9919833746366711,-51.6724,-49.3416,3
outputLayer_residual,reward,181,-49.0742,1.0625935943090685,-50.0728,-47.6024,3
outputLayer_residual,reward,182,-48.048833333333334,0.47755092805782473,-48.6555,-47.4885,3
outputLayer_residual,reward,183,-49.6309,1.738573451616773,-51.3548,-47.2507,3
outputLayer_residual,reward,184,-47.12526666666667,1.5234625525062588,-49.0449,-45.3183,3
outputLayer_residual,reward,185,-47.38413333333333,3.9815799354304353,-52.228,-42.4758,3
outputLayer_residual,reward,186,-46.081500000000005,2.558126550166482,-48.6706,-42.5987,3
outputLayer_residual,reward,187,-45.78553333333334,1.608109271439255,-47.9981,-44.2238,3
outputLayer_residual,reward,188,-45.393466666666676,1.680832764501638,-46.7708,-43.027,3
outputLayer_residual,reward,189,-45.19603333333333,2.7711241778182503,-48.0335,-41.4363,3
outputLayer_residual,reward,190,-45.27963333333333,2.098861058341457,-48.1611,-43.2219,3
outputLayer_residual,reward,191,-44.99613333333334,1.1589450384820754,-46.5121,-43.6986,3
outputLayer_residual,reward,192,-44.11463333333334,1.1095444781030128,-45.6445,-43.0476,3
outputLayer_residual,reward,193,-44.53653333333333,2.8664117665742923,-48.5777,-42.2399,3
outputLayer_residual,reward,194,-43.87616666666667,1.8769375985601915,-45.4562,-41.239,3
outputLayer_residual,reward,195,-43.23636666666667,3.4334035449131566,-47.6041,-39.2155,3
outputLayer_residual,reward,196,-43.12173333333333,2.6652263347707565,-46.7594,-40.4481,3
outputLayer_residual,reward,197,-41.92086666666666,4.863304934803995,-47.5812,-35.7072,3
outputLayer_residual,reward,198,-40.33656666666667,3.4786671358757806,-44.8,-36.3132,3
outputLayer_residual,reward,199,-41.47213333333333,5.379967019312376,-49.0032,-36.7694,3
outputLayer_residual,reward,200,-41.34316666666666,4.196504975439547,-47.2741,-38.1933,3
outputLayer_residual,reward,201,-43.437000000000005,3.6568588879893427,-48.5928,-40.5095,3
outputLayer_residual,reward,202,-40.497600000000006,0.4844258938853966,-41.1817,-40.1238,3
outputLayer_residual,reward,203,-40.218799999999995,1.1425893079609426,-41.5491,-38.7593,3
outputLayer_residual,reward,204,-39.668933333333335,2.3603422369553866,-42.9634,-37.5562,3
outputLayer_residual,reward,205,-38.68463333333333,2.834351088971786,-42.3968,-35.5189,3
outputLayer_residual,reward,206,-39.261066666666665,1.2579061235066618,-40.8919,-37.8302,3
outputLayer_residual,reward,207,-38.416133333333335,3.9269612869098793,-43.8748,-34.8015,3
outputLayer_residual,reward,208,-41.051566666666666,6.064365719695855,-49.4971,-35.5367,3
outputLayer_residual,reward,209,-39.153733333333335,6.073172738271891,-47.1392,-32.4225,3
outputLayer_residual,reward,210,-36.281299999999995,3.8169015557997636,-40.6307,-31.338,3
outputLayer_residual,reward,211,-38.8962,2.6303217635871095,-42.4784,-36.2369,3
outputLayer_residual,reward,212,-38.28943333333333,1.8331174927489577,-40.5359,-36.0457,3
outputLayer_residual,reward,213,-40.15886666666666,4.95480103356555,-46.3772,-34.2525,3
outputLayer_residual,reward,214,-37.30526666666667,3.936154646634483,-42.8609,-34.2255,3
outputLayer_residual,reward,215,-37.09296666666666,2.584622232014231,-39.7461,-33.589,3
outputLayer_residual,reward,216,-35.0303,5.045182938870171,-41.9644,-30.1074,3
outputLayer_residual,reward,217,-37.37186666666667,5.6026984024565225,-43.8257,-30.1642,3
outputLayer_residual,reward,218,-37.874766666666666,4.32731675162437,-43.353,-32.7734,3
outputLayer_residual,reward,219,-36.81536666666667,5.387453964124016,-43.7764,-30.6525,3
outputLayer_residual,reward,220,-35.6047,2.3496585581739318,-38.7218,-33.0491,3
outputLayer_residual,reward,221,-34.735899999999994,2.9560794790848672,-38.8608,-32.0848,3
outputLayer_residual,reward,222,-31.556233333333335,5.256955864587626,-38.2843,-25.453,3
outputLayer_residual,reward,223,-34.5906,3.833208270713537,-39.0828,-29.7167,3
outputLayer_residual,reward,224,-32.73736666666667,3.5839073726249624,-37.2117,-28.4382,3
outputLayer_residual,reward,225,-30.095366666666667,4.400034041029937,-35.7276,-24.9882,3
outputLayer_residual,reward,226,-30.930733333333336,4.928250927954957,-34.6518,-23.9666,3
outputLayer_residual,reward,227,-31.6344,4.440814952986295,-35.5051,-25.416,3
outputLayer_residual,reward,228,-28.9725,3.993256441385486,-34.1726,-24.465,3
outputLayer_residual,reward,229,-28.64276666666667,3.985296375706857,-33.6183,-23.8622,3
outputLayer_residual,reward,230,-28.795866666666665,2.789132350550775,-32.6043,-26.0024,3
outputLayer_residual,reward,231,-24.90346666666667,7.162317961076258,-34.7772,-18.0095,3
outputLayer_residual,reward,232,-24.878200000000003,6.688814433564938,-34.2112,-18.8769,3
outputLayer_residual,reward,233,-27.300699999999996,5.733147425861875,-35.3338,-22.3326,3
outputLayer_residual,reward,234,-28.241200000000003,5.677045527971982,-35.5825,-21.7559,3
outputLayer_residual,reward,235,-25.661533333333335,6.104439963028731,-34.2482,-20.5948,3
outputLayer_residual,reward,236,-28.367433333333334,5.2206838660168735,-35.6926,-23.905,3
outputLayer_residual,reward,237,-24.74643333333333,6.490187971254932,-32.5059,-16.6209,3
outputLayer_residual,reward,238,-22.255,8.010795288026445,-32.7364,-13.2908,3
outputLayer_residual,reward,239,-22.076666666666664,8.086359849084685,-31.7036,-11.9176,3
outputLayer_residual,reward,240,-20.112733333333335,10.755963874469312,-35.2637,-11.3658,3
outputLayer_residual,reward,241,-19.059366666666666,10.058032678522288,-33.2653,-11.3322,3
outputLayer_residual,reward,242,-17.60396666666667,7.838351029960886,-28.4912,-10.3546,3
outputLayer_residual,reward,243,-18.277866666666664,6.664500549595263,-26.2298,-9.9203,3
outputLayer_residual,reward,244,-17.663466666666668,6.215165315223365,-23.7217,-9.1193,3
outputLayer_residual,reward,245,-18.917199999999998,8.408343511457335,-29.7017,-9.1866,3
outputLayer_residual,reward,246,-17.681033333333335,8.826837579916276,-29.6891,-8.7233,3
outputLayer_residual,reward,247,-18.405733333333334,7.000425526748752,-24.2134,-8.5584,3
outputLayer_residual,reward,248,-18.304966666666665,7.860505664113192,-27.0908,-8.0139,3
outputLayer_residual,reward,249,-15.837233333333332,8.489945389040432,-27.601,-7.8747,3
outputLayer_residual,queue,0,16.926000000000002,0.24704049600554628,16.6966,17.2689,3
outputLayer_residual,queue,1,16.625666666666664,0.16170249087616342,16.4811,16.8514,3
outputLayer_residual,queue,2,16.40973333333333,0.15778940254515067,16.1933,16.565,3
outputLayer_residual,queue,3,16.648233333333334,0.18742524435684288,16.4929,16.9119,3
outputLayer_residual,queue,4,16.45123333333333,0.2612840132031719,16.0881,16.692,3
outputLayer_residual,queue,5,16.410633333333333,0.19262869868105217,16.1388,16.562,3
outputLayer_residual,queue,6,16.601566666666667,0.4792241948074913,15.9285,17.0068,3
outputLayer_residual,queue,7,16.502666666666666,0.14294736405015998,16.3022,16.6255,3
outputLayer_residual,queue,8,16.794666666666668,0.3650426946110391,16.2942,17.1546,3
outputLayer_residual,queue,9,16.6346,0.03399421519415687,16.5867,16.6621,3
outputLayer_residual,queue,10,16.6584,0.2672160299582843,16.2819,16.8748,3
outputLayer_residual,queue,11,16.324333333333332,0.07386565883788906,16.2447,16.4227,3
outputLayer_residual,queue,12,16.5843,0.33922005640390196,16.1064,16.8595,3
outputLayer_residual,queue,13,16.282966666666667,0.27046301451810684,16.0502,16.6622,3
outputLayer_residual,queue,14,16.159666666666666,0.3821247818303457,15.7578,16.6735,3
outputLayer_residual,queue,15,16.014,0.4093073254495533,15.6049,16.5732,3
outputLayer_residual,queue,16,16.576966666666664,0.08334691889259531,16.4986,16.6924,3
outputLayer_residual,queue,17,16.253899999999998,0.33523690131010386,15.893,16.7006,3
outputLayer_residual,queue,18,16.2675,0.46812897795372505,15.6064,16.6285,3
outputLayer_residual,queue,19,16.124066666666668,0.6038906376341848,15.5102,16.9452,3
outputLayer_residual,queue,20,16.4182,0.42869702588191566,15.9016,16.9513,3
outputLayer_residual,queue,21,16.246666666666666,0.37791235609449025,15.9637,16.7808,3
outputLayer_residual,queue,22,16.2893,0.8338066082731654,15.2158,17.2486,3
outputLayer_residual,queue,23,16.012433333333334,0.652376712916361,15.094,16.5475,3
outputLayer_residual,queue,24,15.906999999999998,0.6262054987515405,15.3473,16.7812,3
outputLayer_residual,queue,25,15.999533333333332,0.31443469203565294,15.5705,16.3153,3
outputLayer_residual,queue,26,15.865900000000002,0.28632244061547124,15.5363,16.2344,3
outputLayer_residual,queue,27,15.321533333333333,0.37559013417406034,14.9997,15.8484,3
outputLayer_residual,queue,28,16.12483333333333,0.4559318833139689,15.4838,16.5055,3
outputLayer_residual,queue,29,15.746366666666667,0.762915575640946,14.8729,16.7316,3
outputLayer_residual,queue,30,15.660300000000001,0.5977170623854292,15.1447,16.4982,3
outputLayer_residual,queue,31,15.646099999999999,0.4894904357254259,15.046,16.245,3
outputLayer_residual,queue,32,15.438566666666667,0.3309860252169101,15.0307,15.8414,3
outputLayer_residual,queue,33,15.909433333333334,0.8067890940154199,15.1183,17.017,3
outputLayer_residual,queue,34,15.697433333333334,0.6184259607171175,15.1498,16.5618,3
outputLayer_residual,queue,35,15.609266666666665,0.35640868239829454,15.1661,16.0388,3
outputLayer_residual,queue,36,15.220866666666666,0.5338534463897582,14.485,15.735,3
outputLayer_residual,queue,37,15.275033333333333,0.3395582653324102,14.9819,15.751,3
outputLayer_residual,queue,38,15.731733333333333,0.3932855648959868,15.1773,16.0472,3
outputLayer_residual,queue,39,15.332433333333332,0.2742904219172732,14.9447,15.5363,3
outputLayer_residual,queue,40,15.4594,0.3233363883017189,15.0645,15.8565,3
outputLayer_residual,queue,41,15.336166666666665,0.4269071900177942,14.847,15.8872,3
outputLayer_residual,queue,42,15.218033333333333,0.36202211104971094,14.8929,15.7231,3
outputLayer_residual,queue,43,15.664,0.37952414942925494,15.1903,16.1194,3
outputLayer_residual,queue,44,15.445233333333334,0.3338046268236693,15.0619,15.8755,3
outputLayer_residual,queue,45,15.3395,0.3680266385286079,14.84,15.7159,3
outputLayer_residual,queue,46,15.090233333333336,0.6748295900118455,14.2345,15.884,3
outputLayer_residual,queue,47,14.986066666666666,0.22748767487981014,14.6672,15.1825,3
outputLayer_residual,queue,48,15.553533333333334,0.5814872559986936,15.0583,16.3697,3
outputLayer_residual,queue,49,15.309666666666667,0.18182769010491498,15.1391,15.5616,3
outputLayer_residual,queue,50,15.404633333333335,0.11531294617498723,15.2539,15.5339,3
outputLayer_residual,queue,51,15.667333333333334,0.14180522635721943,15.4855,15.8315,3
outputLayer_residual,queue,52,15.455866666666667,0.22982828855957219,15.2741,15.7801,3
outputLayer_residual,queue,53,15.984733333333333,0.31407748866941876,15.5411,16.2255,3
outputLayer_residual,queue,54,14.987833333333333,0.38106819453857455,14.6403,15.5183,3
outputLayer_residual,queue,55,15.224566666666666,0.19681743373548521,14.9807,15.4627,3
outputLayer_residual,queue,56,15.423966666666665,0.171955271962088,15.181,15.5543,3
outputLayer_residual,queue,57,15.560966666666667,0.33678701809237754,15.0888,15.8512,3
outputLayer_residual,queue,58,15.292433333333333,0.17194534661403998,15.0498,15.4277,3
outputLayer_residual,queue,59,15.430433333333333,0.4223457456739551,14.9371,15.9687,3
outputLayer_residual,queue,60,15.927766666666665,0.4646300487723779,15.2708,16.2671,3
outputLayer_residual,queue,61,15.3722,0.3865190637816804,14.9398,15.878,3
outputLayer_residual,queue,62,15.077033333333333,0.28540409169378755,14.6848,15.3556,3
outputLayer_residual,queue,63,15.167366666666666,0.7602455407447141,14.4285,16.2132,3
outputLayer_residual,queue,64,15.505966666666666,0.7104384389625583,14.5155,16.1472,3
outputLayer_residual,queue,65,15.055399999999999,0.2210632941037473,14.8757,15.3668,3
outputLayer_residual,queue,66,15.259133333333333,0.2476654374128305,14.961,15.5674,3
outputLayer_residual,queue,67,15.026166666666667,0.16227446571233,14.8132,15.2067,3
outputLayer_residual,queue,68,14.6684,0.16128944995462827,14.4418,14.8043,3
outputLayer_residual,queue,69,15.155666666666667,0.5545464292755137,14.3894,15.6834,3
outputLayer_residual,queue,70,15.580866666666667,0.1507710036961862,15.4196,15.7823,3
outputLayer_residual,queue,71,15.416833333333335,0.6783216657473227,14.8942,16.3748,3
outputLayer_residual,queue,72,15.419699999999999,0.21901739656931363,15.1596,15.6954,3
outputLayer_residual,queue,73,15.426266666666665,0.4232769017505633,14.8555,15.8679,3
outputLayer_residual,queue,74,15.103466666666668,0.1745982499594103,14.9068,15.3311,3
outputLayer_residual,queue,75,14.977166666666667,0.5904945403830781,14.1558,15.5184,3
outputLayer_residual,queue,76,15.026499999999999,0.9679459936725117,13.9222,16.2792,3
outputLayer_residual,queue,77,14.7415,0.3132592004501492,14.3018,15.0082,3
outputLayer_residual,queue,78,14.601533333333334,0.8946537815763644,13.7272,15.8307,3
outputLayer_residual,queue,79,14.5112,0.639515712603425,13.7484,15.3134,3
outputLayer_residual,queue,80,14.687933333333334,0.7598143910777745,14.0145,15.7498,3
outputLayer_residual,queue,81,14.494466666666666,0.8265692321612002,13.3279,15.1423,3
outputLayer_residual,queue,82,14.561,0.46137449720012363,14.0968,15.1902,3
outputLayer_residual,queue,83,14.825166666666666,0.173278856823971,14.635,15.0541,3
outputLayer_residual,queue,84,14.873600000000001,0.41270707125837625,14.3244,15.3193,3
outputLayer_residual,queue,85,14.681633333333332,0.49294273050279896,14.194,15.3569,3
outputLayer_residual,queue,86,14.4452,0.4799336690279884,13.7727,14.8609,3
outputLayer_residual,queue,87,14.128333333333332,0.35065554164862256,13.6653,14.5136,3
outputLayer_residual,queue,88,14.433933333333334,0.1706752536902237,14.2087,14.6217,3
outputLayer_residual,queue,89,14.8682,0.27260524573089245,14.4828,15.0693,3
outputLayer_residual,queue,90,15.308433333333333,0.24659446240515812,14.9657,15.5356,3
outputLayer_residual,queue,91,14.923233333333334,0.36909691891907687,14.4302,15.3182,3
outputLayer_residual,queue,92,14.905700000000001,0.4194307173618387,14.36,15.3799,3
outputLayer_residual,queue,93,15.8296,0.7803182983031131,14.9728,16.8603,3
outputLayer_residual,queue,94,14.931700000000001,0.20013427159451333,14.6735,15.1612,3
outputLayer_residual,queue,95,15.2793,0.5907756088397692,14.4742,15.8752,3
outputLayer_residual,queue,96,14.678766666666666,0.5759108746633939,13.8664,15.1355,3
outputLayer_residual,queue,97,14.1558,0.3343497270822872,13.7527,14.5714,3
outputLayer_residual,queue,98,14.5482,0.17854351477067623,14.3128,14.745,3
outputLayer_residual,queue,99,14.072133333333333,0.4429613777997158,13.575,14.6508,3
outputLayer_residual,queue,100,14.567333333333332,0.6423411675702839,13.7183,15.2716,3
outputLayer_residual,queue,101,14.8025,0.37463639260844217,14.2737,15.0953,3
outputLayer_residual,queue,102,14.208933333333334,0.43510884717377235,13.6205,14.659,3
outputLayer_residual,queue,103,14.872766666666665,0.19229048049471636,14.6252,15.094,3
outputLayer_residual,queue,104,14.485866666666666,0.35951290503803746,13.9788,14.7716,3
outputLayer_residual,queue,105,14.856633333333333,0.3743729898851619,14.4,15.317,3
outputLayer_residual,queue,106,14.879166666666668,0.10667165613330543,14.7406,15.0001,3
outputLayer_residual,queue,107,14.209033333333332,0.19920669890565632,13.9883,14.471,3
outputLayer_residual,queue,108,14.538300000000001,0.5760636075990221,13.8491,15.2591,3
outputLayer_residual,queue,109,14.430866666666667,0.28613526327401295,14.0707,14.7707,3
outputLayer_residual,queue,110,14.6126,0.3534655381598982,14.268,15.0985,3
outputLayer_residual,queue,111,15.105266666666665,0.3397489792315631,14.7554,15.5654,3
outputLayer_residual,queue,112,15.006266666666667,0.3736072655729398,14.4851,15.3421,3
outputLayer_residual,queue,113,14.913499999999999,0.5410085088671593,14.2229,15.544,3
outputLayer_residual,queue,114,14.793866666666666,0.32576643302969255,14.402,15.1996,3
outputLayer_residual,queue,115,14.304499999999999,0.47094568688968846,13.7145,14.8671,3
outputLayer_residual,queue,116,14.269333333333334,0.30264329204894364,13.9061,14.647,3
outputLayer_residual,queue,117,14.850966666666666,0.7984947352501591,14.2825,15.9802,3
outputLayer_residual,queue,118,14.604966666666668,0.19815136189847993,14.3494,14.8323,3
outputLayer_residual,queue,119,14.411499999999998,0.30145010643001385,14.136,14.831,3
outputLayer_residual,queue,120,14.133766666666668,0.4291436537519288,13.7033,14.7195,3
outputLayer_residual,queue,121,13.420766666666667,0.32430523002600853,13.0686,13.8513,3
outputLayer_residual,queue,122,14.265099999999999,0.3184397692918811,13.8488,14.622,3
outputLayer_residual,queue,123,14.462266666666666,0.18466722021577628,14.2664,14.7098,3
outputLayer_residual,queue,124,14.718633333333335,0.6622065454893123,13.7897,15.286,3
outputLayer_residual,queue,125,14.765366666666665,0.47926445263085765,14.3959,15.4422,3
outputLayer_residual,queue,126,14.686300000000001,0.5384801636705536,14.0274,15.3464,3
outputLayer_residual,queue,127,14.289000000000001,0.6530919843329878,13.6155,15.1731,3
outputLayer_residual,queue,128,14.949033333333333,0.8943946792228928,14.1039,16.1866,3
outputLayer_residual,queue,129,14.339999999999998,0.6794963772285075,13.6613,15.2685,3
outputLayer_residual,queue,130,13.791233333333333,0.11900390283049019,13.6293,13.9119,3
outputLayer_residual,queue,131,13.482866666666666,0.3118983417005544,13.1106,13.8739,3
outputLayer_residual,queue,132,13.728299999999999,0.6407159953260626,13.2549,14.6341,3
outputLayer_residual,queue,133,13.746,0.8287557219510868,12.6733,14.6913,3
outputLayer_residual,queue,134,13.4069,0.1956487328521874,13.1541,13.6307,3
outputLayer_residual,queue,135,13.847666666666667,0.10495180904692492,13.7033,13.9497,3
outputLayer_residual,queue,136,13.905966666666666,0.30359703921847137,13.5882,14.3149,3
outputLayer_residual,queue,137,13.8621,0.42408773463360866,13.2885,14.3006,3
outputLayer_residual,queue,138,13.982766666666668,0.18054769145267036,13.7283,14.1282,3
outputLayer_residual,queue,139,13.746533333333332,0.2550560243467217,13.3918,13.9805,3
outputLayer_residual,queue,140,14.038466666666666,0.22063075236441737,13.7552,14.2934,3
outputLayer_residual,queue,141,13.898933333333332,0.32247152156775377,13.6343,14.3529,3
outputLayer_residual,queue,142,13.7988,0.12261234304370287,13.6306,13.9194,3
outputLayer_residual,queue,143,14.7969,1.022302913361136,13.4198,15.8667,3
outputLayer_residual,queue,144,13.725433333333333,0.7653805168382295,13.0074,14.7859,3
outputLayer_residual,queue,145,13.401366666666668,0.18121326907511193,13.2027,13.6409,3
outputLayer_residual,queue,146,13.548666666666668,0.8755318434465355,12.3138,14.2446,3
outputLayer_residual,queue,147,13.834666666666665,0.31926294631367547,13.4085,14.1769,3
outputLayer_residual,queue,148,13.432066666666666,0.24353104296760367,13.1806,13.7616,3
outputLayer_residual,queue,149,13.153966666666667,0.4221019966258818,12.5757,13.5714,3
outputLayer_residual,queue,150,13.4074,0.4143657884848444,12.9159,13.9295,3
outputLayer_residual,queue,151,13.014066666666666,0.20095369837076626,12.7499,13.2369,3
outputLayer_residual,queue,152,13.020499999999998,0.47153784577698543,12.4736,13.6244,3
outputLayer_residual,queue,153,13.467766666666668,0.26232917404580774,13.1861,13.8177,3
outputLayer_residual,queue,154,13.527833333333334,0.5692517915845523,13.0422,14.3267,3
outputLayer_residual,queue,155,13.801366666666667,0.6416132081627443,13.3123,14.7078,3
outputLayer_residual,queue,156,13.370800000000001,0.2343129104424252,13.1024,13.6733,3
outputLayer_residual,queue,157,13.1001,0.8260360887999986,12.1994,14.1947,3
outputLayer_residual,queue,158,12.763433333333333,0.6904115407172415,11.83,13.4782,3
outputLayer_residual,queue,159,12.997900000000001,0.13259210635127064,12.8789,13.1829,3
outputLayer_residual,queue,160,12.926166666666665,0.2986994624851022,12.5063,13.1763,3
outputLayer_residual,queue,161,13.117133333333333,0.5437913897401796,12.5236,13.8374,3
outputLayer_residual,queue,162,12.910366666666667,0.5238715130852437,12.1703,13.3102,3
outputLayer_residual,queue,163,13.277766666666665,0.602987187997298,12.4406,13.8369,3
outputLayer_residual,queue,164,12.6322,0.08992930556831812,12.5464,12.7564,3
outputLayer_residual,queue,165,12.568566666666667,0.654170784700414,11.7476,13.3484,3
outputLayer_residual,queue,166,12.820999999999998,0.14922278646372983,12.6356,13.001,3
outputLayer_residual,queue,167,12.379666666666665,0.4219306762438063,11.8691,12.9024,3
outputLayer_residual,queue,168,12.709766666666667,0.2789275334005037,12.3203,12.9587,3
outputLayer_residual,queue,169,12.828266666666666,0.16856425744768327,12.6997,13.0664,3
outputLayer_residual,queue,170,12.5638,0.10551562285589118,12.433,12.6914,3
outputLayer_residual,queue,171,12.859699999999998,0.4250420292943585,12.3,13.3294,3
outputLayer_residual,queue,172,13.103766666666667,0.3702960287241672,12.7548,13.6164,3
outputLayer_residual,queue,173,12.324433333333333,0.5773485044196064,11.5095,12.7756,3
outputLayer_residual,queue,174,12.9641,0.18058809484570146,12.7374,13.1793,3
outputLayer_residual,queue,175,12.597900000000001,0.18553351898421686,12.461,12.8602,3
outputLayer_residual,queue,176,12.169133333333335,0.2149451454570572,11.8705,12.3676,3
outputLayer_residual,queue,177,12.316366666666667,0.1951735353189279,12.0408,12.4678,3
outputLayer_residual,queue,178,12.284766666666668,0.15816449945828148,12.0767,12.4599,3
outputLayer_residual,queue,179,12.7754,0.13712420160812788,12.6705,12.9691,3
outputLayer_residual,queue,180,12.674933333333334,0.2494209605377137,12.3319,12.9176,3
outputLayer_residual,queue,181,12.267533333333333,0.266254994736667,11.8982,12.5157,3
outputLayer_residual,queue,182,12.008666666666665,0.12021709066887698,11.8675,12.1613,3
outputLayer_residual,queue,183,12.405933333333332,0.436709219300695,11.808,12.8388,3
outputLayer_residual,queue,184,11.776166666666668,0.3817331033879846,11.3244,12.258,3
outputLayer_residual,queue,185,11.840433333333335,1.0017762369356187,10.606,13.0597,3
outputLayer_residual,queue,186,11.515733333333335,0.6451165803343005,10.6376,12.1691,3
outputLayer_residual,queue,187,11.439366666666666,0.40310777990783325,11.0479,11.994,3
outputLayer_residual,queue,188,11.340200000000001,0.4251453947376904,10.7416,11.6883,3
outputLayer_residual,queue,189,11.291199999999998,0.6991598148253848,10.3429,12.0078,3
outputLayer_residual,queue,190,11.312333333333333,0.5311414772816085,10.7877,12.0402,3
outputLayer_residual,queue,191,11.236966666666667,0.2924722702905167,10.9093,11.6194,3
outputLayer_residual,queue,192,11.016933333333334,0.27708309624049965,10.755,11.4003,3
outputLayer_residual,queue,193,11.123966666666666,0.7225953055172414,10.5439,12.1426,3
outputLayer_residual,queue,194,10.9587,0.47340486548689603,10.2932,11.3547,3
outputLayer_residual,queue,195,10.794766666666666,0.8653162440531331,9.7817,11.8958,3
outputLayer_residual,queue,196,10.766933333333332,0.6718465416712033,10.0924,11.6837,3
outputLayer_residual,queue,197,10.466600000000001,1.2245354792736713,8.9031,11.8932,3
outputLayer_residual,queue,198,10.067099999999998,0.8757652539350936,9.053,11.1899,3
outputLayer_residual,queue,199,10.3541,1.3559209809818076,9.1685,12.2521,3
outputLayer_residual,queue,200,10.317866666666667,1.058167713025156,9.5218,11.8133,3
outputLayer_residual,queue,201,10.846733333333333,0.9233008080913949,10.1066,12.1484,3
outputLayer_residual,queue,202,10.107899999999999,0.12226465828957546,10.0162,10.2807,3
outputLayer_residual,queue,203,10.034933333333335,0.2862483925233861,9.6702,10.3694,3
outputLayer_residual,queue,204,9.8989,0.5972639115165087,9.3646,10.7326,3
outputLayer_residual,queue,205,9.651533333333333,0.7131781466708643,8.8563,10.5864,3
outputLayer_residual,queue,206,9.798233333333334,0.3189635750712338,9.434,10.2108,3
outputLayer_residual,queue,207,9.5876,0.9899052782968686,8.6776,10.9639,3
outputLayer_residual,queue,208,10.247233333333334,1.5279302369181942,8.8595,12.3755,3
outputLayer_residual,queue,209,9.771466666666667,1.5275289857224386,8.081,11.7815,3
outputLayer_residual,queue,210,9.048066666666665,0.9595316230096617,7.8071,10.144,3
outputLayer_residual,queue,211,9.705633333333333,0.6618890155372648,9.0392,10.6081,3
outputLayer_residual,queue,212,9.552999999999999,0.46218789108615393,8.9891,10.1212,3
outputLayer_residual,queue,213,10.021866666666666,1.2463748990126882,8.5392,11.5887,3
outputLayer_residual,queue,214,9.309099999999999,0.9907205290427096,8.5361,10.7076,3
outputLayer_residual,queue,215,9.2535,0.6507196067944063,8.372,9.9231,3
outputLayer_residual,queue,216,8.735033333333334,1.268574791733709,7.4964,10.4783,3
outputLayer_residual,queue,217,9.324033333333334,1.4087045238642328,7.5119,10.9469,3
outputLayer_residual,queue,218,9.4483,1.0867458304497881,8.1693,10.8258,3
outputLayer_residual,queue,219,9.185766666666666,1.3551215082870691,7.6359,10.9369,3
outputLayer_residual,queue,220,8.878933333333332,0.5901541738299315,8.2379,9.6623,3
outputLayer_residual,queue,221,8.6603,0.742802387359294,7.9927,9.6965,3
outputLayer_residual,queue,222,7.863199999999999,1.3242011654830492,6.3252,9.5575,3
outputLayer_residual,queue,223,8.628300000000001,0.9645017055454075,7.4024,9.7592,3
outputLayer_residual,queue,224,8.159233333333333,0.9017090600015556,7.0785,9.2858,3
outputLayer_residual,queue,225,7.491933333333333,1.105373771877891,6.2087,8.9067,3
outputLayer_residual,queue,226,7.7044,1.239496965170414,5.9529,8.6411,3
outputLayer_residual,queue,227,7.8819333333333335,1.1130863588339504,6.3234,8.8527,3
outputLayer_residual,queue,228,7.215466666666667,1.0050858879828244,6.0797,8.5235,3
outputLayer_residual,queue,229,7.129300000000001,1.004430727659537,5.9259,8.3846,3
outputLayer_residual,queue,230,7.166900000000001,0.7010404600782089,6.4674,8.1251,3
outputLayer_residual,queue,231,6.186866666666667,1.803567792521873,4.4502,8.673,3
outputLayer_residual,queue,232,6.178566666666666,1.6844479260444816,4.6682,8.5291,3
outputLayer_residual,queue,233,6.794833333333333,1.4422242944686363,5.5443,8.8155,3
outputLayer_residual,queue,234,7.026266666666667,1.432635879148021,5.3891,8.8785,3
outputLayer_residual,queue,235,6.381800000000001,1.5355456185560452,5.1062,8.5416,3
outputLayer_residual,queue,236,7.062766666666666,1.3145081014922992,5.9388,8.9071,3
outputLayer_residual,queue,237,6.146933333333333,1.63637242976313,4.099,8.1042,3
outputLayer_residual,queue,238,5.5219,2.017536439984831,3.2635,8.1612,3
outputLayer_residual,queue,239,5.476766666666667,2.0389185733836674,2.9141,7.9028,3
outputLayer_residual,queue,240,4.979633333333333,2.7079668564359416,2.7802,8.7944,3
outputLayer_residual,queue,241,4.7139,2.5348214506482827,2.7703,8.2943,3
outputLayer_residual,queue,242,4.347333333333333,1.9762742763987888,2.5215,7.0928,3
outputLayer_residual,queue,243,4.519233333333333,1.682106136828338,2.4099,6.5264,3
outputLayer_residual,queue,244,4.3676666666666675,1.5691874422416492,2.2099,5.8955,3
outputLayer_residual,queue,245,4.6852,2.1183858682182213,2.2346,7.4029,3
outputLayer_residual,queue,246,4.366766666666667,2.223577913084126,2.1109,7.392,3
outputLayer_residual,queue,247,4.552866666666667,1.7644323021552537,2.0714,6.0207,3
outputLayer_residual,queue,248,4.5269,1.983397470671642,1.9314,6.7457,3
outputLayer_residual,queue,249,3.903566666666667,2.1417335304737506,1.8931,6.8707,3
outputLayer_residual,delay,0,0.1334,0.001151810169544732,0.1319,0.1347,3
outputLayer_residual,delay,1,0.13193333333333335,0.0018553226733434341,0.1295,0.134,3
outputLayer_residual,delay,2,0.13193333333333335,0.0011440668201153704,0.1308,0.1335,3
outputLayer_residual,delay,3,0.13086666666666666,0.0008259674462242524,0.1297,0.1315,3
outputLayer_residual,delay,4,0.13233333333333333,0.00040276819911981375,0.132,0.1329,3
outputLayer_residual,delay,5,0.1327,0.0007257180352359136,0.132,0.1337,3
outputLayer_residual,delay,6,0.132,0.0019304576314093714,0.1298,0.1345,3
outputLayer_residual,delay,7,0.13073333333333334,0.0012498888839501845,0.1298,0.1325,3
outputLayer_residual,delay,8,0.13226666666666667,0.0013021349989749684,0.1312,0.1341,3
outputLayer_residual,delay,9,0.1318,0.0013063945294843537,0.1302,0.1334,3
outputLayer_residual,delay,10,0.13136666666666666,0.0016579773487261258,0.13,0.1337,3
outputLayer_residual,delay,11,0.13293333333333332,0.0014613540144521977,0.1314,0.1349,3
outputLayer_residual,delay,12,0.13086666666666666,0.0019955506062794334,0.1282,0.133,3
outputLayer_residual,delay,13,0.1315666666666667,0.000967241208569792,0.1302,0.1323,3
outputLayer_residual,delay,14,0.1308,0.0006683312551921222,0.1301,0.1317,3
outputLayer_residual,delay,15,0.13096666666666665,0.001189771219838318,0.1293,0.132,3
outputLayer_residual,delay,16,0.1321,0.0008831760866327817,0.1312,0.1333,3
outputLayer_residual,delay,17,0.13056666666666664,0.0014884742374510808,0.1286,0.1322,3
outputLayer_residual,delay,18,0.1337,0.0012355835328567058,0.132,0.1349,3
outputLayer_residual,delay,19,0.13163333333333335,0.0016213848676020456,0.1299,0.1338,3
outputLayer_residual,delay,20,0.1303,0.002566450207322692,0.1275,0.1337,3
outputLayer_residual,delay,21,0.13066666666666665,0.0009285592184789459,0.1294,0.1316,3
outputLayer_residual,delay,22,0.13276666666666667,0.0020038851153585534,0.1313,0.1356,3
outputLayer_residual,delay,23,0.1309,0.0030099833886584764,0.1267,0.1336,3
outputLayer_residual,delay,24,0.13060000000000002,0.0024535688292770634,0.1283,0.134,3
outputLayer_residual,delay,25,0.1308,0.001042433051407461,0.1294,0.1319,3
outputLayer_residual,delay,26,0.13063333333333332,0.0006182412330330517,0.1301,0.1315,3
outputLayer_residual,delay,27,0.12916666666666668,0.0014267289706021734,0.1277,0.1311,3
outputLayer_residual,delay,28,0.1333,0.002426245384677036,0.1312,0.1367,3
outputLayer_residual,delay,29,0.131,0.002654555832275275,0.1278,0.1343,3
outputLayer_residual,delay,30,0.13023333333333334,0.0020531818125912624,0.1274,0.1322,3
outputLayer_residual,delay,31,0.1308,0.0012192894105447906,0.1297,0.1325,3
outputLayer_residual,delay,32,0.12959999999999997,0.0009899494936611612,0.1285,0.1309,3
outputLayer_residual,delay,33,0.13083333333333333,0.0015584892970081361,0.1294,0.133,3
outputLayer_residual,delay,34,0.13106666666666666,0.0013474255287605089,0.1297,0.1329,3
outputLayer_residual,delay,35,0.1304,0.00042426406871193413,0.1298,0.1307,3
outputLayer_residual,delay,36,0.13096666666666668,0.0013072447700751752,0.1294,0.1326,3
outputLayer_residual,delay,37,0.13046666666666665,0.002485066509282107,0.1281,0.1339,3
outputLayer_residual,delay,38,0.1318,0.001899122604432547,0.1293,0.1339,3
outputLayer_residual,delay,39,0.12916666666666668,0.0005436502143433417,0.1284,0.1296,3
outputLayer_residual,delay,40,0.1303,0.0017454703282114693,0.1279,0.132,3
outputLayer_residual,delay,41,0.13,0.0016673332000533118,0.1284,0.1323,3
outputLayer_residual,delay,42,0.12913333333333332,0.0012814921857827305,0.1279,0.1309,3
outputLayer_residual,delay,43,0.13103333333333333,0.0004784233364802514,0.1306,0.1317,3
outputLayer_residual,delay,44,0.13060000000000002,0.0007788880963698612,0.1295,0.1312,3
outputLayer_residual,delay,45,0.1298,0.0004546060565661899,0.1292,0.1303,3
outputLayer_residual,delay,46,0.1303,0.0021118712081942847,0.1275,0.1326,3
outputLayer_residual,delay,47,0.13083333333333333,0.0018660713336371183,0.1282,0.1323,3
outputLayer_residual,delay,48,0.13183333333333333,0.001265789169736495,0.1307,0.1336,3
outputLayer_residual,delay,49,0.13023333333333334,0.0007542472332656462,0.1297,0.1313,3
outputLayer_residual,delay,50,0.12949999999999998,0.0003741657386773999,0.1291,0.13,3
outputLayer_residual,delay,51,0.13063333333333332,0.0017518244457961187,0.1292,0.1331,3
outputLayer_residual,delay,52,0.12903333333333333,0.0009809292646374825,0.1278,0.1302,3
outputLayer_residual,delay,53,0.13026666666666667,0.0018190351532856306,0.1277,0.1317,3
outputLayer_residual,delay,54,0.12760000000000002,0.0004320493798938569,0.127,0.128,3
outputLayer_residual,delay,55,0.12990000000000002,0.001042433051407461,0.1285,0.131,3
outputLayer_residual,delay,56,0.12946666666666667,0.0021761331658599332,0.1275,0.1325,3
outputLayer_residual,delay,57,0.12976666666666667,0.0011440668201153613,0.1282,0.1309,3
outputLayer_residual,delay,58,0.12916666666666665,0.0004921607686744495,0.1286,0.1298,3
outputLayer_residual,delay,59,0.12923333333333334,0.00020548046676563243,0.129,0.1295,3
outputLayer_residual,delay,60,0.13093333333333335,0.0008993825042154746,0.1302,0.1322,3
outputLayer_residual,delay,61,0.13056666666666664,0.00023570226039551604,0.1304,0.1309,3
outputLayer_residual,delay,62,0.12986666666666669,0.0010624918300339563,0.1286,0.1312,3
outputLayer_residual,delay,63,0.12926666666666667,0.00030912061651652833,0.129,0.1297,3
outputLayer_residual,delay,64,0.13049999999999998,0.0012569805089976535,0.1288,0.1318,3
outputLayer_residual,delay,65,0.12883333333333336,0.0006944222218666584,0.128,0.1297,3
outputLayer_residual,delay,66,0.12876666666666667,0.0013072447700751637,0.1272,0.1304,3
outputLayer_residual,delay,67,0.12973333333333334,0.0003399346342395287,0.1294,0.1302,3
outputLayer_residual,delay,68,0.12826666666666667,0.0006548960901462791,0.1275,0.1291,3
outputLayer_residual,delay,69,0.12976666666666667,0.0016659998666133087,0.128,0.132,3
outputLayer_residual,delay,70,0.12973333333333334,0.0011841546445554463,0.1283,0.1312,3
outputLayer_residual,delay,71,0.12916666666666668,0.001936204764194352,0.127,0.1317,3
outputLayer_residual,delay,72,0.12883333333333336,0.0008219218670625193,0.1279,0.1299,3
outputLayer_residual,delay,73,0.13083333333333333,0.0009533566430716717,0.1298,0.1321,3
outputLayer_residual,delay,74,0.12906666666666666,0.0009463379711052204,0.1283,0.1304,3
outputLayer_residual,delay,75,0.13003333333333333,0.00269485105752104,0.1273,0.1337,3
outputLayer_residual,delay,76,0.13013333333333335,0.0011115554667022107,0.1286,0.1312,3
outputLayer_residual,delay,77,0.1292333333333333,0.0016779617264871037,0.1271,0.1312,3
outputLayer_residual,delay,78,0.1289,0.0004966554808583754,0.1285,0.1296,3
outputLayer_residual,delay,79,0.12846666666666665,0.0012498888839501713,0.1267,0.1294,3
outputLayer_residual,delay,80,0.1285,0.0010614455552060446,0.127,0.1293,3
outputLayer_residual,delay,81,0.12953333333333333,0.002531578339472996,0.1264,0.1326,3
outputLayer_residual,delay,82,0.12923333333333334,0.0008259674462242524,0.1286,0.1304,3
outputLayer_residual,delay,83,0.13023333333333334,0.0014884742374510827,0.1286,0.1322,3
outputLayer_residual,delay,84,0.1288,0.0006683312551921097,0.1279,0.1295,3
outputLayer_residual,delay,85,0.13016666666666665,0.000793025150224692,0.1291,0.131,3
outputLayer_residual,delay,86,0.12760000000000002,0.001283225103661341,0.1259,0.129,3
outputLayer_residual,delay,87,0.12693333333333334,0.0017016332024133705,0.1251,0.1292,3
outputLayer_residual,delay,88,0.12593333333333334,0.001635712552851377,0.1244,0.1282,3
outputLayer_residual,delay,89,0.12823333333333334,0.002562984371565479,0.1247,0.1307,3
outputLayer_residual,delay,90,0.12956666666666664,0.0005249338582674561,0.1291,0.1303,3
outputLayer_residual,delay,91,0.12866666666666668,0.0015860503004493742,0.127,0.1308,3
outputLayer_residual,delay,92,0.12846666666666665,0.0017016332024133581,0.1262,0.1303,3
outputLayer_residual,delay,93,0.13196666666666665,0.0017931970208417078,0.1306,0.1345,3
outputLayer_residual,delay,94,0.12716666666666668,0.001265789169736495,0.1254,0.1283,3
outputLayer_residual,delay,95,0.1303,0.0018832595855767349,0.1279,0.1325,3
outputLayer_residual,delay,96,0.12866666666666668,0.001763204154058424,0.1264,0.1307,3
outputLayer_residual,delay,97,0.1285666666666667,0.001222929088522937,0.1269,0.1298,3
outputLayer_residual,delay,98,0.12806666666666666,0.0008993825042154691,0.1268,0.1288,3
outputLayer_residual,delay,99,0.12639999999999998,0.0004546060565661919,0.1259,0.127,3
outputLayer_residual,delay,100,0.1287,0.0009933109617167584,0.1273,0.1295,3
outputLayer_residual,delay,101,0.12993333333333332,0.0021171259344267205,0.1281,0.1329,3
outputLayer_residual,delay,102,0.12660000000000002,0.0009899494936611716,0.1253,0.1277,3
outputLayer_residual,delay,103,0.12936666666666666,0.0016996731711975965,0.1277,0.1317,3
outputLayer_residual,delay,104,0.12786666666666666,0.0007318166133366635,0.1273,0.1289,3
outputLayer_residual,delay,105,0.12896666666666667,0.002176133165859929,0.127,0.132,3
outputLayer_residual,delay,106,0.12876666666666667,0.0015434449203720272,0.1273,0.1309,3
outputLayer_residual,delay,107,0.1275666666666667,0.0013424687043734824,0.1257,0.1288,3
outputLayer_residual,delay,108,0.12749999999999997,0.0020928449536456325,0.1248,0.1299,3
outputLayer_residual,delay,109,0.1283,0.0004966554808583829,0.1276,0.1287,3
outputLayer_residual,delay,110,0.12783333333333333,0.0024239545283597126,0.1253,0.1311,3
outputLayer_residual,delay,111,0.12866666666666668,0.0019014614262602226,0.126,0.1303,3
outputLayer_residual,delay,112,0.12843333333333332,0.0016659998666133061,0.1262,0.1302,3
outputLayer_residual,delay,113,0.1287,0.0017907168024751037,0.1268,0.1311,3
outputLayer_residual,delay,114,0.12756666666666666,0.0011264496832477159,0.126,0.1286,3
outputLayer_residual,delay,115,0.12589999999999998,0.0011518101695447375,0.1246,0.1274,3
outputLayer_residual,delay,116,0.12576666666666667,0.0010338708279513944,0.1244,0.1269,3
outputLayer_residual,delay,117,0.1281,0.0040008332465458546,0.1242,0.1336,3
outputLayer_residual,delay,118,0.12589999999999998,0.0016990193249832905,0.1235,0.1272,3
outputLayer_residual,delay,119,0.12696666666666667,0.001943078885571956,0.1244,0.1291,3
outputLayer_residual,delay,120,0.1253,0.0014165686240583861,0.1234,0.1268,3
outputLayer_residual,delay,121,0.1257,0.001444529912001358,0.1241,0.1276,3
outputLayer_residual,delay,122,0.12623333333333334,0.0011614167593456265,0.1246,0.1272,3
outputLayer_residual,delay,123,0.12666666666666668,0.0004988876515698608,0.126,0.1272,3
outputLayer_residual,delay,124,0.1258,0.0020049937655763476,0.1231,0.1279,3
outputLayer_residual,delay,125,0.12633333333333333,0.00028674417556809036,0.126,0.1267,3
outputLayer_residual,delay,126,0.12816666666666668,0.0018926759422104491,0.1257,0.1303,3
outputLayer_residual,delay,127,0.1262,0.0023338094752285736,0.123,0.1285,3
outputLayer_residual,delay,128,0.128,0.0029427877939124376,0.1245,0.1317,3
outputLayer_residual,delay,129,0.12576666666666667,0.0011897712198383167,0.1241,0.1268,3
outputLayer_residual,delay,130,0.12426666666666668,0.0009463379711052247,0.1232,0.1255,3
outputLayer_residual,delay,131,0.12420000000000002,0.001823915202707259,0.1217,0.126,3
outputLayer_residual,delay,132,0.12433333333333334,0.00046427960923946666,0.1237,0.1248,3
outputLayer_residual,delay,133,0.12516666666666668,0.0017518244457961187,0.1227,0.1266,3
outputLayer_residual,delay,134,0.12483333333333334,0.0003299831645537185,0.1246,0.1253,3
outputLayer_residual,delay,135,0.12483333333333335,0.0015282524515130185,0.1227,0.1262,3
outputLayer_residual,delay,136,0.12473333333333332,0.0015173075568988034,0.1226,0.126,3
outputLayer_residual,delay,137,0.12593333333333334,0.0007760297817881929,0.125,0.1269,3
outputLayer_residual,delay,138,0.12583333333333332,0.0011671427600007782,0.1246,0.1274,3
outputLayer_residual,delay,139,0.125,8.164965809276927e-05,0.1249,0.1251,3
outputLayer_residual,delay,140,0.12476666666666665,0.0020997354330698206,0.1229,0.1277,3
outputLayer_residual,delay,141,0.1265333333333333,0.0010143416036468686,0.1251,0.1273,3
outputLayer_residual,delay,142,0.1261,0.0047123950032511835,0.122,0.1327,3
outputLayer_residual,delay,143,0.12576666666666667,0.0012256517540566848,0.1249,0.1275,3
outputLayer_residual,delay,144,0.12373333333333332,0.0021076579946049693,0.122,0.1267,3
outputLayer_residual,delay,145,0.12390000000000001,0.0012247448713915959,0.1224,0.1254,3
outputLayer_residual,delay,146,0.12233333333333334,0.0019482185594936609,0.1196,0.124,3
outputLayer_residual,delay,147,0.1246,0.0021954498400100155,0.1215,0.1263,3
outputLayer_residual,delay,148,0.12243333333333332,0.0009877021593352685,0.1215,0.1238,3
outputLayer_residual,delay,149,0.12356666666666667,0.0006342099196813475,0.1227,0.1242,3
outputLayer_residual,delay,150,0.1229,0.0010801234497346444,0.1219,0.1244,3
outputLayer_residual,delay,151,0.12126666666666668,0.00187320284243028,0.1197,0.1239,3
outputLayer_residual,delay,152,0.12393333333333333,0.001532608524343018,0.1219,0.1256,3
outputLayer_residual,delay,153,0.12269999999999999,0.0012754084313139366,0.1209,0.1237,3
outputLayer_residual,delay,154,0.12293333333333334,0.002169997439834639,0.1213,0.126,3
outputLayer_residual,delay,155,0.1218,0.0007071067811865483,0.1213,0.1228,3
outputLayer_residual,delay,156,0.12119999999999999,0.000588784057755194,0.1204,0.1218,3
outputLayer_residual,delay,157,0.12286666666666667,0.001939644870130147,0.1213,0.1256,3
outputLayer_residual,delay,158,0.12123333333333335,0.002430820620467272,0.1178,0.1231,3
outputLayer_residual,delay,159,0.12269999999999999,0.0010033277962194927,0.1213,0.1236,3
outputLayer_residual,delay,160,0.12186666666666668,0.0018926759422104502,0.1192,0.1234,3
outputLayer_residual,delay,161,0.122,0.0018991226044325462,0.1199,0.1245,3
outputLayer_residual,delay,162,0.1205,0.0012675435561220996,0.1189,0.122,3
outputLayer_residual,delay,163,0.12326666666666668,0.0013597385369580786,0.1214,0.1246,3
outputLayer_residual,delay,164,0.12109999999999999,0.0020049937655763415,0.119,0.1238,3
outputLayer_residual,delay,165,0.12119999999999999,0.0027796882319185887,0.1175,0.1242,3
outputLayer_residual,delay,166,0.12073333333333335,0.0013474255287605147,0.1191,0.1224,3
outputLayer_residual,delay,167,0.1199,0.00040824829046385766,0.1194,0.1204,3
outputLayer_residual,delay,168,0.12046666666666667,0.0007930251502246871,0.1194,0.1213,3
outputLayer_residual,delay,169,0.1208,0.0007788880963698607,0.1197,0.1214,3
outputLayer_residual,delay,170,0.12033333333333333,0.0010624918300339505,0.119,0.1216,3
outputLayer_residual,delay,171,0.1218,0.0018018509002319446,0.1197,0.1241,3
outputLayer_residual,delay,172,0.12116666666666666,0.0003858612300930078,0.1208,0.1217,3
outputLayer_residual,delay,173,0.11806666666666665,0.0029329545209945285,0.1142,0.1213,3
outputLayer_residual,delay,174,0.1208,0.0009416297927883724,0.1195,0.1217,3
outputLayer_residual,delay,175,0.12083333333333333,0.0010842303978193712,0.1193,0.1216,3
outputLayer_residual,delay,176,0.1208,0.0031968734726291535,0.1164,0.1239,3
outputLayer_residual,delay,177,0.11943333333333334,0.00020548046676563243,0.1192,0.1197,3
outputLayer_residual,delay,178,0.11776666666666667,0.0003299831645537204,0.1174,0.1182,3
outputLayer_residual,delay,179,0.11803333333333332,0.0004921607686744436,0.1174,0.1186,3
outputLayer_residual,delay,180,0.12,0.0012727922061357894,0.1191,0.1218,3
outputLayer_residual,delay,181,0.11869999999999999,0.000454606056566197,0.1182,0.1193,3
outputLayer_residual,delay,182,0.11823333333333334,0.0018116904322268256,0.1162,0.1206,3
outputLayer_residual,delay,183,0.11973333333333334,0.0022895899681432555,0.1173,0.1228,3
outputLayer_residual,delay,184,0.11706666666666665,0.003985250584621025,0.1119,0.1216,3
outputLayer_residual,delay,185,0.11843333333333333,0.0052929722798778665,0.1136,0.1258,3
outputLayer_residual,delay,186,0.11793333333333333,0.0014704496666741876,0.1161,0.1197,3
outputLayer_residual,delay,187,0.11673333333333334,0.0035036488915922447,0.1118,0.1196,3
outputLayer_residual,delay,188,0.1145,0.002273030282830978,0.1115,0.117,3
outputLayer_residual,delay,189,0.11573333333333334,0.00380029238641216,0.1128,0.1211,3
outputLayer_residual,delay,190,0.11536666666666667,0.002714569742866981,0.1123,0.1189,3
outputLayer_residual,delay,191,0.1154,0.0008164965809277268,0.1144,0.1164,3
outputLayer_residual,delay,192,0.11503333333333333,0.0024716166549222196,0.1118,0.1178,3
outputLayer_residual,delay,193,0.11593333333333333,0.004524255617103097,0.1122,0.1223,3
outputLayer_residual,delay,194,0.11576666666666667,0.004366793891276399,0.1097,0.1198,3
outputLayer_residual,delay,195,0.11463333333333332,0.004516881913690262,0.111,0.121,3
outputLayer_residual,delay,196,0.11286666666666667,0.004205023450852827,0.1084,0.1185,3
outputLayer_residual,delay,197,0.11513333333333332,0.00429133493863571,0.1093,0.1195,3
outputLayer_residual,delay,198,0.11193333333333333,0.003655437350334731,0.1092,0.1171,3
outputLayer_residual,delay,199,0.11270000000000001,0.004891489207456828,0.1082,0.1195,3
outputLayer_residual,delay,200,0.11280000000000001,0.004076763422127897,0.1092,0.1185,3
outputLayer_residual,delay,201,0.1135,0.004609410663703842,0.1089,0.1198,3
outputLayer_residual,delay,202,0.112,0.0014352700094407331,0.1107,0.114,3
outputLayer_residual,delay,203,0.1105,0.0016329931618554536,0.1085,0.1125,3
outputLayer_residual,delay,204,0.11110000000000002,0.004850429534244023,0.1056,0.1174,3
outputLayer_residual,delay,205,0.10903333333333333,0.0032045107097478836,0.1058,0.1134,3
outputLayer_residual,delay,206,0.11086666666666667,0.001681930108205712,0.1087,0.1128,3
outputLayer_residual,delay,207,0.11066666666666668,0.00443946943776944,0.1069,0.1169,3
outputLayer_residual,delay,208,0.11109999999999999,0.005020624131187937,0.1062,0.118,3
outputLayer_residual,delay,209,0.10926666666666666,0.005586491644036437,0.104,0.117,3
outputLayer_residual,delay,210,0.1082,0.003569313659514949,0.1032,0.1113,3
outputLayer_residual,delay,211,0.10873333333333333,0.003601234356285206,0.105,0.1136,3
outputLayer_residual,delay,212,0.10693333333333332,0.002120272519171903,0.1041,0.1092,3
outputLayer_residual,delay,213,0.10883333333333334,0.0038308687729489707,0.1037,0.1129,3
outputLayer_residual,delay,214,0.10876666666666668,0.004807170569980735,0.1033,0.115,3
outputLayer_residual,delay,215,0.10583333333333333,0.0028767265347188543,0.1019,0.1087,3
outputLayer_residual,delay,216,0.106,0.00376651917115347,0.1024,0.1112,3
outputLayer_residual,delay,217,0.10783333333333334,0.004228737662970148,0.103,0.1133,3
outputLayer_residual,delay,218,0.10716666666666667,0.0036003086287459064,0.1026,0.1114,3
outputLayer_residual,delay,219,0.10746666666666667,0.004356094071017703,0.1039,0.1136,3
outputLayer_residual,delay,220,0.10466666666666667,0.003225247621845838,0.1007,0.1086,3
outputLayer_residual,delay,221,0.10446666666666665,0.0020741798914805398,0.103,0.1074,3
outputLayer_residual,delay,222,0.10253333333333332,0.002828819934570283,0.1001,0.1065,3
outputLayer_residual,delay,223,0.10346666666666667,0.0028110891523077386,0.0996,0.1062,3
outputLayer_residual,delay,224,0.10246666666666666,0.0033309991827611698,0.0987,0.1068,3
outputLayer_residual,delay,225,0.1004,0.002501999200639366,0.0982,0.1039,3
outputLayer_residual,delay,226,0.1004,0.0022686266036231434,0.0972,0.1022,3
outputLayer_residual,delay,227,0.10023333333333334,0.002176133165859931,0.0972,0.1022,3
outputLayer_residual,delay,228,0.09873333333333334,0.0016048537489614329,0.0975,0.101,3
outputLayer_residual,delay,229,0.1008,0.0034727510708370663,0.0975,0.1056,3
outputLayer_residual,delay,230,0.10010000000000001,0.0015577761927397249,0.0989,0.1023,3
outputLayer_residual,delay,231,0.0963,0.0023790754506740675,0.0938,0.0995,3
outputLayer_residual,delay,232,0.0976,0.0036359317925395676,0.0938,0.1025,3
outputLayer_residual,delay,233,0.09836666666666666,0.002993697082575695,0.0962,0.1026,3
outputLayer_residual,delay,234,0.10006666666666668,0.003912657522565564,0.0973,0.1056,3
outputLayer_residual,delay,235,0.09693333333333333,0.002801586851926759,0.0938,0.1006,3
outputLayer_residual,delay,236,0.1003,0.004669760878960149,0.0968,0.1069,3
outputLayer_residual,delay,237,0.0968,0.0037956115010188618,0.0917,0.1008,3
outputLayer_residual,delay,238,0.09670000000000001,0.005477834121864832,0.0902,0.1036,3
outputLayer_residual,delay,239,0.09500000000000001,0.004432456053551646,0.0889,0.0993,3
outputLayer_residual,delay,240,0.09366666666666668,0.008871803023562283,0.0869,0.1062,3
outputLayer_residual,delay,241,0.0926,0.005666274496233539,0.0882,0.1006,3
outputLayer_residual,delay,242,0.09013333333333334,0.004882849805413041,0.085,0.0967,3
outputLayer_residual,delay,243,0.09143333333333332,0.004786323107447814,0.0858,0.0975,3
outputLayer_residual,delay,244,0.09056666666666667,0.005336873824836239,0.0834,0.0962,3
outputLayer_residual,delay,245,0.09136666666666667,0.007226955713776641,0.0826,0.1003,3
outputLayer_residual,delay,246,0.08963333333333333,0.006701906859659839,0.0823,0.0985,3
outputLayer_residual,delay,247,0.08906666666666667,0.007549540089009102,0.0784,0.0948,3
outputLayer_residual,delay,248,0.08843333333333332,0.007943690717935981,0.0773,0.0953,3
outputLayer_residual,delay,249,0.08660000000000001,0.00809485433264038,0.0774,0.0971,3
outputLayer_residual,throughput,0,1651.3333333333333,8.576453553512405,1641.0,1662.0,3
outputLayer_residual,throughput,1,1652.3333333333333,30.728199137310703,1613.0,1688.0,3
outputLayer_residual,throughput,2,1676.3333333333333,8.73053390247253,1664.0,1683.0,3
outputLayer_residual,throughput,3,1649.0,20.11632835948615,1626.0,1675.0,3
outputLayer_residual,throughput,4,1685.6666666666667,17.55625877635159,1664.0,1707.0,3
outputLayer_residual,throughput,5,1689.6666666666667,18.190351532856337,1664.0,1704.0,3
outputLayer_residual,throughput,6,1663.3333333333333,47.471628954097994,1603.0,1719.0,3
outputLayer_residual,throughput,7,1648.0,37.2111094522411,1596.0,1681.0,3
outputLayer_residual,throughput,8,1635.0,36.98648401781386,1587.0,1677.0,3
outputLayer_residual,throughput,9,1651.3333333333333,13.274871834493252,1637.0,1669.0,3
outputLayer_residual,throughput,10,1650.6666666666667,41.29837231121289,1619.0,1709.0,3
outputLayer_residual,throughput,11,1675.6666666666667,18.624953392931992,1651.0,1696.0,3
outputLayer_residual,throughput,12,1646.0,16.97056274847714,1634.0,1670.0,3
outputLayer_residual,throughput,13,1638.6666666666667,52.56953067657685,1568.0,1694.0,3
outputLayer_residual,throughput,14,1692.3333333333333,42.1215173304835,1635.0,1735.0,3
outputLayer_residual,throughput,15,1697.0,28.39013913315678,1665.0,1734.0,3
outputLayer_residual,throughput,16,1617.3333333333333,11.585431464655176,1602.0,1630.0,3
outputLayer_residual,throughput,17,1665.3333333333333,22.60285134421958,1636.0,1691.0,3
outputLayer_residual,throughput,18,1686.6666666666667,36.709066394496546,1648.0,1736.0,3
outputLayer_residual,throughput,19,1691.0,22.44994432064365,1661.0,1715.0,3
outputLayer_residual,throughput,20,1633.3333333333333,37.56180092712394,1587.0,1679.0,3
outputLayer_residual,throughput,21,1652.3333333333333,40.868352330650936,1601.0,1701.0,3
outputLayer_residual,throughput,22,1693.0,51.62040940041707,1656.0,1766.0,3
outputLayer_residual,throughput,23,1695.6666666666667,46.54985380094001,1638.0,1752.0,3
outputLayer_residual,throughput,24,1714.6666666666667,41.6839963961657,1656.0,1749.0,3
outputLayer_residual,throughput,25,1699.3333333333333,30.12566274052001,1668.0,1740.0,3
outputLayer_residual,throughput,26,1700.3333333333333,29.51082663852182,1659.0,1726.0,3
outputLayer_residual,throughput,27,1746.0,50.24606120549815,1692.0,1813.0,3
outputLayer_residual,throughput,28,1692.0,23.366642891095847,1659.0,1710.0,3
outputLayer_residual,throughput,29,1711.0,55.89871793401586,1634.0,1765.0,3
outputLayer_residual,throughput,30,1715.6666666666667,54.46915538989832,1642.0,1772.0,3
outputLayer_residual,throughput,31,1719.6666666666667,62.46243315430128,1643.0,1796.0,3
outputLayer_residual,throughput,32,1720.3333333333333,27.812866726670872,1681.0,1740.0,3
outputLayer_residual,throughput,33,1716.3333333333333,63.730334657489095,1640.0,1796.0,3
outputLayer_residual,throughput,34,1711.0,42.05551886098502,1659.0,1762.0,3
outputLayer_residual,throughput,35,1720.3333333333333,47.302807057885644,1654.0,1761.0,3
outputLayer_residual,throughput,36,1726.3333333333333,43.4920171474669,1681.0,1785.0,3
outputLayer_residual,throughput,37,1732.3333333333333,33.47967874530592,1691.0,1773.0,3
outputLayer_residual,throughput,38,1713.0,32.25936556516056,1684.0,1758.0,3
outputLayer_residual,throughput,39,1747.0,42.551929059287865,1713.0,1807.0,3
outputLayer_residual,throughput,40,1741.0,21.18175315375634,1712.0,1762.0,3
outputLayer_residual,throughput,41,1718.6666666666667,38.66379299666406,1664.0,1747.0,3
outputLayer_residual,throughput,42,1742.3333333333333,41.34677200889515,1694.0,1795.0,3
outputLayer_residual,throughput,43,1720.0,7.874007874011811,1713.0,1731.0,3
outputLayer_residual,throughput,44,1712.6666666666667,29.32954520994525,1674.0,1745.0,3
outputLayer_residual,throughput,45,1740.6666666666667,30.390056853443948,1706.0,1780.0,3
outputLayer_residual,throughput,46,1756.3333333333333,41.24991582482994,1705.0,1806.0,3
outputLayer_residual,throughput,47,1765.0,24.657656011875904,1733.0,1793.0,3
outputLayer_residual,throughput,48,1708.6666666666667,49.378357832376544,1640.0,1754.0,3
outputLayer_residual,throughput,49,1759.6666666666667,5.312459150169742,1753.0,1766.0,3
outputLayer_residual,throughput,50,1739.6666666666667,17.46106780494506,1715.0,1753.0,3
outputLayer_residual,throughput,51,1704.6666666666667,25.77250904010361,1684.0,1741.0,3
outputLayer_residual,throughput,52,1730.3333333333333,39.5165225640561,1690.0,1784.0,3
outputLayer_residual,throughput,53,1704.3333333333333,13.816254517375139,1690.0,1723.0,3
outputLayer_residual,throughput,54,1746.6666666666667,20.038851153585515,1723.0,1772.0,3
outputLayer_residual,throughput,55,1749.3333333333333,32.42769735204082,1704.0,1778.0,3
outputLayer_residual,throughput,56,1723.6666666666667,19.68643074697787,1701.0,1749.0,3
outputLayer_residual,throughput,57,1745.3333333333333,28.674417556808756,1712.0,1782.0,3
outputLayer_residual,throughput,58,1739.6666666666667,14.817407180595247,1723.0,1759.0,3
outputLayer_residual,throughput,59,1744.6666666666667,15.839472494022298,1732.0,1767.0,3
outputLayer_residual,throughput,60,1686.3333333333333,40.827550610940264,1655.0,1744.0,3
outputLayer_residual,throughput,61,1747.0,34.650637319776195,1698.0,1772.0,3
outputLayer_residual,throughput,62,1779.0,11.224972160321824,1764.0,1791.0,3
outputLayer_residual,throughput,63,1756.3333333333333,61.0482504981829,1670.0,1800.0,3
outputLayer_residual,throughput,64,1749.3333333333333,63.56274240639891,1699.0,1839.0,3
outputLayer_residual,throughput,65,1742.6666666666667,17.745108872274887,1718.0,1759.0,3
outputLayer_residual,throughput,66,1751.0,4.320493798938574,1745.0,1755.0,3
outputLayer_residual,throughput,67,1758.6666666666667,17.518244457961217,1734.0,1773.0,3
outputLayer_residual,throughput,68,1782.6666666666667,13.299958228840003,1764.0,1794.0,3
outputLayer_residual,throughput,69,1775.0,38.94440481849308,1730.0,1825.0,3
outputLayer_residual,throughput,70,1706.6666666666667,4.714045207910316,1700.0,1710.0,3
outputLayer_residual,throughput,71,1732.0,50.57667446560717,1661.0,1775.0,3
outputLayer_residual,throughput,72,1747.0,21.354156504062622,1717.0,1765.0,3
outputLayer_residual,throughput,73,1734.0,15.57776192739723,1714.0,1752.0,3
outputLayer_residual,throughput,74,1767.0,31.05908348078975,1728.0,1804.0,3
outputLayer_residual,throughput,75,1778.3333333333333,37.007506746004324,1726.0,1805.0,3
outputLayer_residual,throughput,76,1768.0,69.89992846920518,1680.0,1851.0,3
outputLayer_residual,throughput,77,1769.3333333333333,24.280765135299085,1742.0,1801.0,3
outputLayer_residual,throughput,78,1814.6666666666667,46.305747183500046,1761.0,1874.0,3
outputLayer_residual,throughput,79,1770.6666666666667,58.116740751314985,1691.0,1828.0,3
outputLayer_residual,throughput,80,1806.0,51.329004146453755,1762.0,1878.0,3
outputLayer_residual,throughput,81,1799.6666666666667,56.12090123613087,1758.0,1879.0,3
outputLayer_residual,throughput,82,1825.0,30.342489460600735,1790.0,1864.0,3
outputLayer_residual,throughput,83,1781.3333333333333,27.52372713779069,1754.0,1819.0,3
outputLayer_residual,throughput,84,1783.3333333333333,24.567367696917707,1752.0,1812.0,3
outputLayer_residual,throughput,85,1778.3333333333333,43.2075096353503,1722.0,1827.0,3
outputLayer_residual,throughput,86,1803.6666666666667,3.39934634239519,1799.0,1807.0,3
outputLayer_residual,throughput,87,1772.3333333333333,37.276742823851386,1720.0,1804.0,3
outputLayer_residual,throughput,88,1781.6666666666667,22.89589968143253,1751.0,1806.0,3
outputLayer_residual,throughput,89,1781.0,4.320493798938574,1775.0,1785.0,3
outputLayer_residual,throughput,90,1741.0,24.589970855343985,1708.0,1767.0,3
outputLayer_residual,throughput,91,1767.3333333333333,32.42769735204082,1736.0,1812.0,3
outputLayer_residual,throughput,92,1773.3333333333333,17.518244457961217,1759.0,1798.0,3
outputLayer_residual,throughput,93,1687.3333333333333,54.61583002105606,1625.0,1758.0,3
outputLayer_residual,throughput,94,1764.6666666666667,25.315783394730033,1734.0,1796.0,3
outputLayer_residual,throughput,95,1752.3333333333333,29.48822740612863,1730.0,1794.0,3
outputLayer_residual,throughput,96,1777.6666666666667,10.338708279513881,1768.0,1792.0,3
outputLayer_residual,throughput,97,1814.6666666666667,27.353650985238193,1776.0,1835.0,3
outputLayer_residual,throughput,98,1799.6666666666667,11.841546445554407,1785.0,1814.0,3
outputLayer_residual,throughput,99,1800.3333333333333,19.154343864744856,1780.0,1826.0,3
outputLayer_residual,throughput,100,1809.3333333333333,50.499724971748336,1758.0,1878.0,3
outputLayer_residual,throughput,101,1788.6666666666667,35.02697373295171,1740.0,1821.0,3
outputLayer_residual,throughput,102,1805.0,28.855964143772194,1765.0,1832.0,3
outputLayer_residual,throughput,103,1779.6666666666667,6.548960901462833,1772.0,1788.0,3
outputLayer_residual,throughput,104,1777.0,29.393876913398138,1741.0,1813.0,3
outputLayer_residual,throughput,105,1735.3333333333333,17.441967269268172,1711.0,1751.0,3
outputLayer_residual,throughput,106,1775.3333333333333,11.2644968324772,1765.0,1791.0,3
outputLayer_residual,throughput,107,1812.6666666666667,12.283683848458853,1797.0,1827.0,3
outputLayer_residual,throughput,108,1783.3333333333333,31.541859312489635,1743.0,1820.0,3
outputLayer_residual,throughput,109,1830.3333333333333,26.948510575210314,1803.0,1867.0,3
outputLayer_residual,throughput,110,1774.0,35.014282800023196,1727.0,1811.0,3
outputLayer_residual,throughput,111,1725.0,54.88776427097998,1648.0,1772.0,3
outputLayer_residual,throughput,112,1746.0,29.97776954122282,1720.0,1788.0,3
outputLayer_residual,throughput,113,1775.0,8.48528137423857,1769.0,1787.0,3
outputLayer_residual,throughput,114,1736.6666666666667,40.868352330650936,1688.0,1788.0,3
outputLayer_residual,throughput,115,1764.6666666666667,31.668421004036325,1737.0,1809.0,3
outputLayer_residual,throughput,116,1804.6666666666667,19.362047641943477,1785.0,1831.0,3
outputLayer_residual,throughput,117,1785.6666666666667,42.52319628417204,1726.0,1822.0,3
outputLayer_residual,throughput,118,1758.6666666666667,30.02591473303612,1727.0,1799.0,3
outputLayer_residual,throughput,119,1811.3333333333333,11.953614051360738,1798.0,1827.0,3
outputLayer_residual,throughput,120,1832.3333333333333,34.65384378231207,1785.0,1867.0,3
outputLayer_residual,throughput,121,1853.3333333333333,39.09248293754468,1815.0,1907.0,3
outputLayer_residual,throughput,122,1793.3333333333333,45.242556171030934,1731.0,1837.0,3
outputLayer_residual,throughput,123,1784.0,11.224972160321824,1769.0,1796.0,3
outputLayer_residual,throughput,124,1774.6666666666667,29.272664533466866,1752.0,1816.0,3
outputLayer_residual,throughput,125,1775.6666666666667,17.98765008430939,1761.0,1801.0,3
outputLayer_residual,throughput,126,1769.3333333333333,34.022868126534476,1730.0,1813.0,3
outputLayer_residual,throughput,127,1792.6666666666667,22.691163233490013,1761.0,1813.0,3
outputLayer_residual,throughput,128,1744.6666666666667,73.45898326428308,1643.0,1814.0,3
outputLayer_residual,throughput,129,1793.3333333333333,53.42492135906446,1724.0,1854.0,3
outputLayer_residual,throughput,130,1830.0,44.63929509598765,1770.0,1877.0,3
outputLayer_residual,throughput,131,1823.3333333333333,26.335442953471574,1789.0,1853.0,3
outputLayer_residual,throughput,132,1845.0,40.3567425180312,1814.0,1902.0,3
outputLayer_residual,throughput,133,1829.0,36.76955262170047,1785.0,1875.0,3
outputLayer_residual,throughput,134,1844.3333333333333,31.584102892999123,1808.0,1885.0,3
outputLayer_residual,throughput,135,1827.0,7.874007874011811,1820.0,1838.0,3
outputLayer_residual,throughput,136,1855.6666666666667,17.518244457961217,1831.0,1870.0,3
outputLayer_residual,throughput,137,1853.3333333333333,23.753362335093158,1823.0,1881.0,3
outputLayer_residual,throughput,138,1797.0,40.422765862815474,1748.0,1847.0,3
outputLayer_residual,throughput,139,1853.3333333333333,11.897712198383164,1837.0,1865.0,3
outputLayer_residual,throughput,140,1785.3333333333333,22.29100466306732,1756.0,1810.0,3
outputLayer_residual,throughput,141,1825.0,44.8998886412873,1765.0,1873.0,3
outputLayer_residual,throughput,142,1814.0,17.795130420052185,1799.0,1839.0,3
outputLayer_residual,throughput,143,1779.0,73.89632376963462,1688.0,1869.0,3
outputLayer_residual,throughput,144,1817.3333333333333,43.683202975768864,1757.0,1859.0,3
outputLayer_residual,throughput,145,1830.3333333333333,10.338708279513881,1819.0,1844.0,3
outputLayer_residual,throughput,146,1814.0,50.40502620440412,1773.0,1885.0,3
outputLayer_residual,throughput,147,1808.0,36.0647565729573,1782.0,1859.0,3
outputLayer_residual,throughput,148,1821.6666666666667,26.637484032009397,1784.0,1841.0,3
outputLayer_residual,throughput,149,1849.0,13.589211407093005,1837.0,1868.0,3
outputLayer_residual,throughput,150,1837.6666666666667,20.531818125912658,1818.0,1866.0,3
outputLayer_residual,throughput,151,1838.6666666666667,3.681787005729087,1834.0,1843.0,3
outputLayer_residual,throughput,152,1863.3333333333333,20.98147330914162,1836.0,1887.0,3
outputLayer_residual,throughput,153,1823.3333333333333,14.290634073484012,1806.0,1841.0,3
outputLayer_residual,throughput,154,1847.3333333333333,9.285592184789413,1838.0,1860.0,3
outputLayer_residual,throughput,155,1801.6666666666667,30.868898407440604,1759.0,1831.0,3
outputLayer_residual,throughput,156,1829.0,22.759613353482084,1798.0,1852.0,3
outputLayer_residual,throughput,157,1866.0,7.3484692283495345,1857.0,1875.0,3
outputLayer_residual,throughput,158,1877.3333333333333,28.986586936412884,1838.0,1907.0,3
outputLayer_residual,throughput,159,1854.3333333333333,30.57595278791634,1814.0,1888.0,3
outputLayer_residual,throughput,160,1865.3333333333333,18.92675942210452,1844.0,1890.0,3
outputLayer_residual,throughput,161,1860.6666666666667,14.2672897060218,1846.0,1880.0,3
outputLayer_residual,throughput,162,1856.6666666666667,18.80307303489394,1837.0,1882.0,3
outputLayer_residual,throughput,163,1798.6666666666667,41.82768886223043,1761.0,1857.0,3
outputLayer_residual,throughput,164,1875.6666666666667,4.496912521077347,1872.0,1882.0,3
outputLayer_residual,throughput,165,1860.0,19.61292091114087,1833.0,1879.0,3
outputLayer_residual,throughput,166,1858.0,21.416504538945347,1834.0,1886.0,3
outputLayer_residual,throughput,167,1874.0,27.09243436828813,1839.0,1905.0,3
outputLayer_residual,throughput,168,1846.0,23.366642891095847,1828.0,1879.0,3
outputLayer_residual,throughput,169,1849.3333333333333,18.354533197248273,1830.0,1874.0,3
outputLayer_residual,throughput,170,1872.3333333333333,4.642796092394706,1866.0,1877.0,3
outputLayer_residual,throughput,171,1825.0,30.506829836393468,1791.0,1865.0,3
outputLayer_residual,throughput,172,1853.3333333333333,18.445113776342563,1832.0,1877.0,3
outputLayer_residual,throughput,173,1870.3333333333333,29.80305726300948,1844.0,1912.0,3
outputLayer_residual,throughput,174,1848.0,32.38312317653544,1815.0,1892.0,3
outputLayer_residual,throughput,175,1871.3333333333333,10.624918300339484,1858.0,1884.0,3
outputLayer_residual,throughput,176,1861.3333333333333,2.494438257849294,1858.0,1864.0,3
outputLayer_residual,throughput,177,1873.6666666666667,19.22382780706162,1851.0,1898.0,3
outputLayer_residual,throughput,178,1880.0,13.73559851869101,1861.0,1893.0,3
outputLayer_residual,throughput,179,1855.6666666666667,21.31248981752771,1835.0,1885.0,3
outputLayer_residual,throughput,180,1849.6666666666667,11.8133634311129,1833.0,1859.0,3
outputLayer_residual,throughput,181,1863.6666666666667,9.463379711052259,1853.0,1876.0,3
outputLayer_residual,throughput,182,1878.3333333333333,18.873850222522755,1864.0,1905.0,3
outputLayer_residual,throughput,183,1865.3333333333333,14.817407180595247,1846.0,1882.0,3
outputLayer_residual,throughput,184,1908.6666666666667,10.96458946893235,1899.0,1924.0,3
outputLayer_residual,throughput,185,1905.6666666666667,33.8066397160216,1868.0,1950.0,3
outputLayer_residual,throughput,186,1905.6666666666667,34.23773097362356,1879.0,1954.0,3
outputLayer_residual,throughput,187,1889.3333333333333,26.948510575210317,1856.0,1922.0,3
outputLayer_residual,throughput,188,1909.3333333333333,15.195028426721976,1892.0,1929.0,3
outputLayer_residual,throughput,189,1906.0,30.59411708155671,1876.0,1948.0,3
outputLayer_residual,throughput,190,1916.3333333333333,20.531818125912658,1888.0,1936.0,3
outputLayer_residual,throughput,191,1912.3333333333333,36.077077979730504,1866.0,1954.0,3
outputLayer_residual,throughput,192,1921.3333333333333,7.760297817881877,1912.0,1931.0,3
outputLayer_residual,throughput,193,1915.3333333333333,12.256517540566822,1900.0,1930.0,3
outputLayer_residual,throughput,194,1938.3333333333333,19.067132861433457,1913.0,1959.0,3
outputLayer_residual,throughput,195,1943.0,20.83266665599966,1914.0,1962.0,3
outputLayer_residual,throughput,196,1905.6666666666667,67.8937077758724,1843.0,2000.0,3
outputLayer_residual,throughput,197,1969.0,108.07713294988291,1873.0,2120.0,3
outputLayer_residual,throughput,198,1960.0,67.27555276621665,1893.0,2052.0,3
outputLayer_residual,throughput,199,1939.0,62.94441992742486,1857.0,2010.0,3
outputLayer_residual,throughput,200,1924.0,65.05382386916237,1832.0,1970.0,3
outputLayer_residual,throughput,201,1904.6666666666667,63.29999122345033,1841.0,1991.0,3
outputLayer_residual,throughput,202,1939.6666666666667,12.36482466066094,1929.0,1957.0,3
outputLayer_residual,throughput,203,1938.6666666666667,29.78067979225607,1911.0,1980.0,3
outputLayer_residual,throughput,204,1972.0,20.46134567096374,1948.0,1998.0,3
outputLayer_residual,throughput,205,1988.6666666666667,38.724095283886946,1936.0,2028.0,3
outputLayer_residual,throughput,206,1961.0,43.93935214209088,1917.0,2021.0,3
outputLayer_residual,throughput,207,1970.6666666666667,76.89531122824647,1880.0,2068.0,3
outputLayer_residual,throughput,208,1947.6666666666667,58.45416057808793,1865.0,1989.0,3
outputLayer_residual,throughput,209,1956.0,48.68949236402724,1890.0,2006.0,3
outputLayer_residual,throughput,210,2027.6666666666667,33.51948023993742,1993.0,2073.0,3
outputLayer_residual,throughput,211,1940.0,11.775681155103795,1928.0,1956.0,3
outputLayer_residual,throughput,212,1943.6666666666667,42.081930669693485,1891.0,1994.0,3
outputLayer_residual,throughput,213,1922.6666666666667,37.606146069787876,1872.0,1962.0,3
outputLayer_residual,throughput,214,1991.6666666666667,43.37690117511342,1960.0,2053.0,3
outputLayer_residual,throughput,215,1943.0,27.72483844257107,1904.0,1966.0,3
outputLayer_residual,throughput,216,2035.0,49.60510726393671,1965.0,2074.0,3
outputLayer_residual,throughput,217,1964.3333333333333,87.49222187651247,1899.0,2088.0,3
outputLayer_residual,throughput,218,1949.6666666666667,36.80881536926839,1898.0,1981.0,3
outputLayer_residual,throughput,219,2010.3333333333333,66.33417084898417,1959.0,2104.0,3
outputLayer_residual,throughput,220,1977.3333333333333,24.239545283597124,1952.0,2010.0,3
outputLayer_residual,throughput,221,1984.3333333333333,73.631213188128,1914.0,2086.0,3
outputLayer_residual,throughput,222,2058.6666666666665,119.39104749612602,1900.0,2188.0,3
outputLayer_residual,throughput,223,1985.0,44.21161235090467,1923.0,2023.0,3
outputLayer_residual,throughput,224,2040.6666666666667,44.79087208597553,1978.0,2080.0,3
outputLayer_residual,throughput,225,2107.6666666666665,101.49657903375638,1976.0,2223.0,3
outputLayer_residual,throughput,226,2054.6666666666665,119.04154270207057,1955.0,2222.0,3
outputLayer_residual,throughput,227,2067.6666666666665,98.29321215402189,1976.0,2204.0,3
outputLayer_residual,throughput,228,2100.3333333333335,120.02592312589069,1953.0,2247.0,3
outputLayer_residual,throughput,229,2149.0,120.04443621703867,2013.0,2305.0,3
outputLayer_residual,throughput,230,2135.6666666666665,99.4697050474275,1995.0,2207.0,3
outputLayer_residual,throughput,231,2258.6666666666665,222.38305291146227,1956.0,2484.0,3
outputLayer_residual,throughput,232,2246.3333333333335,209.2404252422451,1951.0,2410.0,3
outputLayer_residual,throughput,233,2166.3333333333335,150.14289489978836,1954.0,2273.0,3
outputLayer_residual,throughput,234,2152.0,141.80503047024342,1974.0,2321.0,3
outputLayer_residual,throughput,235,2184.3333333333335,174.29158199854504,1938.0,2315.0,3
outputLayer_residual,throughput,236,2160.6666666666665,124.5105974963131,1985.0,2259.0,3
outputLayer_residual,throughput,237,2240.6666666666665,175.43153143668962,2019.0,2448.0,3
outputLayer_residual,throughput,238,2341.3333333333335,227.00562890720477,2046.0,2598.0,3
outputLayer_residual,throughput,239,2331.6666666666665,246.07090215807494,2022.0,2624.0,3
outputLayer_residual,throughput,240,2436.3333333333335,296.7662754125243,2017.0,2661.0,3
outputLayer_residual,throughput,241,2462.6666666666665,296.8123237932609,2043.0,2680.0,3
outputLayer_residual,throughput,242,2467.3333333333335,242.7733282073813,2124.0,2639.0,3
outputLayer_residual,throughput,243,2453.3333333333335,189.66168710510712,2228.0,2692.0,3
outputLayer_residual,throughput,244,2445.0,176.67106912753619,2258.0,2682.0,3
outputLayer_residual,throughput,245,2418.6666666666665,232.3708721467091,2113.0,2676.0,3
outputLayer_residual,throughput,246,2462.6666666666665,257.1125996307627,2102.0,2683.0,3
outputLayer_residual,throughput,247,2417.6666666666665,187.81965345038367,2235.0,2676.0,3
outputLayer_residual,throughput,248,2419.0,207.46726649441993,2169.0,2677.0,3
outputLayer_residual,throughput,249,2505.0,246.0785782360315,2157.0,2681.0,3
