step:3600/3600, q_loss:0.0002772036409522924, rewards:-12.078365325927734, queue:3.8126983642578125, delay:0.21609309315681458, throughput:3938
episode:0/500, real avg travel time:311.4263585576435
Test step:0/500, travel time :452.13497300539893, rewards:-35.41317367553711, queue:10.704100608825684, delay:0.35052865743637085, throughput:1667
New best TEST travel time 452.1350 at episode 0, saved as best checkpoint
step:3600/3600, q_loss:0.000485079610047655, rewards:-13.371161460876465, queue:3.9781746864318848, delay:0.22327923774719238, throughput:3951
episode:1/500, real avg travel time:354.7975196152873
step:3600/3600, q_loss:0.0001521551198998673, rewards:-10.000869750976562, queue:3.1664021015167236, delay:0.20254747569561005, throughput:4001
episode:2/500, real avg travel time:288.07898025493625
step:3600/3600, q_loss:6.867845319599533e-05, rewards:-8.837567329406738, queue:2.879629611968994, delay:0.1948070079088211, throughput:4008
episode:3/500, real avg travel time:284.1536926147705
step:3600/3600, q_loss:7.087535179582321e-05, rewards:-8.47938060760498, queue:2.842592477798462, delay:0.1919892281293869, throughput:4004
episode:4/500, real avg travel time:293.52997002997
step:3600/3600, q_loss:4.9551428431489816e-05, rewards:-8.22428035736084, queue:2.587698459625244, delay:0.19271910190582275, throughput:3981
episode:5/500, real avg travel time:273.0319015322783
Test step:5/500, travel time :559.2998430141288, rewards:-33.99860763549805, queue:9.198147773742676, delay:0.355294793844223, throughput:1274
step:3600/3600, q_loss:2.5391041546956533e-05, rewards:-7.576370716094971, queue:2.32619047164917, delay:0.18681469559669495, throughput:4007
episode:6/500, real avg travel time:279.4851509857749
step:3600/3600, q_loss:-1.1430650192778558e-05, rewards:-6.565688610076904, queue:2.1052908897399902, delay:0.17605245113372803, throughput:3966
episode:7/500, real avg travel time:280.820726172466
step:3600/3600, q_loss:1.1473093763925135e-05, rewards:-6.515773296356201, queue:2.0916666984558105, delay:0.17998777329921722, throughput:4019
episode:8/500, real avg travel time:291.47374968897736
step:3600/3600, q_loss:1.1813896708190442e-05, rewards:-7.106873989105225, queue:2.244973659515381, delay:0.18636706471443176, throughput:4008
episode:9/500, real avg travel time:299.22080838323353
step:3600/3600, q_loss:2.2980584051563508e-05, rewards:-6.530187129974365, queue:2.027513265609741, delay:0.17463117837905884, throughput:3907
episode:10/500, real avg travel time:314.4783721525467
Test step:10/500, travel time :572.7960057061341, rewards:-33.34713363647461, queue:9.473015785217285, delay:0.3220018744468689, throughput:1402
step:3600/3600, q_loss:-1.0984303500865483e-05, rewards:-5.764699935913086, queue:1.8867725133895874, delay:0.165563702583313, throughput:3954
episode:11/500, real avg travel time:287.10217501264543
step:3600/3600, q_loss:2.2251113356711964e-05, rewards:-6.24066686630249, queue:2.0112433433532715, delay:0.16874371469020844, throughput:3978
episode:12/500, real avg travel time:304.7219708396179
step:3600/3600, q_loss:-8.092734868922788e-06, rewards:-5.633153915405273, queue:1.8133597373962402, delay:0.16521109640598297, throughput:3989
episode:13/500, real avg travel time:265.41865129105037
step:3600/3600, q_loss:1.6625600336636935e-06, rewards:-5.584790229797363, queue:1.7207671403884888, delay:0.16232238709926605, throughput:3942
episode:14/500, real avg travel time:274.37341451040083
step:3600/3600, q_loss:-7.297984848264605e-06, rewards:-5.294562339782715, queue:1.70119047164917, delay:0.16098718345165253, throughput:3942
episode:15/500, real avg travel time:281.2671232876712
Test step:15/500, travel time :482.6295387634936, rewards:-18.93415069580078, queue:5.669312000274658, delay:0.24396952986717224, throughput:2038
step:3600/3600, q_loss:-1.3923267397331074e-05, rewards:-4.913237571716309, queue:1.566534399986267, delay:0.15700004994869232, throughput:3910
episode:16/500, real avg travel time:258.44424552429666
step:3600/3600, q_loss:7.29662788216956e-06, rewards:-5.159821033477783, queue:1.5734126567840576, delay:0.15322668850421906, throughput:3933
episode:17/500, real avg travel time:254.2001017035342
step:3600/3600, q_loss:0.00014855287218880323, rewards:-6.601165294647217, queue:1.9907407760620117, delay:0.1609010547399521, throughput:3857
episode:18/500, real avg travel time:266.95618356235417
step:3600/3600, q_loss:-8.42454303185352e-06, rewards:-4.492199897766113, queue:1.403174638748169, delay:0.14693929255008698, throughput:3964
episode:19/500, real avg travel time:238.22805247225025
step:3600/3600, q_loss:-6.389590109594994e-06, rewards:-4.302338600158691, queue:1.4314814805984497, delay:0.14148901402950287, throughput:3995
episode:20/500, real avg travel time:237.57421777221526
Test step:20/500, travel time :310.7894736842105, rewards:-13.28191089630127, queue:4.224735260009766, delay:0.20018179714679718, throughput:3401
New best TEST travel time 310.7895 at episode 20, saved as best checkpoint
step:3600/3600, q_loss:4.3946567489506886e-05, rewards:-5.402756214141846, queue:1.6753968000411987, delay:0.14901641011238098, throughput:3965
episode:21/500, real avg travel time:249.26935687263557
step:3600/3600, q_loss:2.3267110453970317e-05, rewards:-5.414837837219238, queue:1.6970899105072021, delay:0.14924085140228271, throughput:3982
episode:22/500, real avg travel time:252.7101958814666
step:3600/3600, q_loss:-1.1637356025554861e-05, rewards:-4.049324989318848, queue:1.358201026916504, delay:0.14057795703411102, throughput:3987
episode:23/500, real avg travel time:231.6240280912967
step:3600/3600, q_loss:1.4080201961203582e-06, rewards:-4.306849002838135, queue:1.416534423828125, delay:0.1431407630443573, throughput:4063
episode:24/500, real avg travel time:228.8183608171302
step:3600/3600, q_loss:5.977389890985149e-06, rewards:-4.814338684082031, queue:1.5179893970489502, delay:0.14689841866493225, throughput:4051
episode:25/500, real avg travel time:238.11478647247594
Test step:25/500, travel time :313.6907618476305, rewards:-13.682233810424805, queue:4.419973373413086, delay:0.2021540254354477, throughput:3334
step:3600/3600, q_loss:-1.1796491485761686e-05, rewards:-4.019944190979004, queue:1.3625661134719849, delay:0.140342116355896, throughput:4046
episode:26/500, real avg travel time:222.84354918437964
step:3600/3600, q_loss:2.5097431999812317e-05, rewards:-4.86515998840332, queue:1.6096560955047607, delay:0.14864590764045715, throughput:4057
episode:27/500, real avg travel time:251.80897214690657
step:3600/3600, q_loss:8.365015835604734e-06, rewards:-4.104193210601807, queue:1.3958994150161743, delay:0.14307260513305664, throughput:4045
episode:28/500, real avg travel time:227.7372064276885
step:3600/3600, q_loss:-5.419811431137431e-06, rewards:-3.768803834915161, queue:1.317989468574524, delay:0.13985177874565125, throughput:4063
episode:29/500, real avg travel time:223.3824760029535
step:3600/3600, q_loss:-6.3110570610863055e-06, rewards:-3.876284122467041, queue:1.3653439283370972, delay:0.13774849474430084, throughput:4053
episode:30/500, real avg travel time:231.85146804835924
Test step:30/500, travel time :415.8441080196399, rewards:-16.51873016357422, queue:4.675264358520508, delay:0.20847077667713165, throughput:2444
step:3600/3600, q_loss:-4.633090268018552e-06, rewards:-3.3096909523010254, queue:1.2165343761444092, delay:0.13063105940818787, throughput:4038
episode:31/500, real avg travel time:222.28207033184745
step:3600/3600, q_loss:7.222688897551658e-05, rewards:-4.725899696350098, queue:1.528174638748169, delay:0.1426704376935959, throughput:4018
episode:32/500, real avg travel time:237.60602289696365
step:3600/3600, q_loss:0.00011021161602305558, rewards:-5.222202777862549, queue:1.6199735403060913, delay:0.1447666883468628, throughput:3998
episode:33/500, real avg travel time:254.94172086043022
step:3600/3600, q_loss:-1.0559384827502072e-05, rewards:-3.669055461883545, queue:1.3612433671951294, delay:0.13631175458431244, throughput:4066
episode:34/500, real avg travel time:223.84997540580423
step:3600/3600, q_loss:-3.4162100443306067e-06, rewards:-3.4090898036956787, queue:1.2525131702423096, delay:0.13482464849948883, throughput:4063
episode:35/500, real avg travel time:223.4602510460251
Test step:35/500, travel time :395.22555594775855, rewards:-14.83483600616455, queue:4.869312286376953, delay:0.2167125940322876, throughput:2833
step:3600/3600, q_loss:-6.555791818148767e-06, rewards:-3.468437671661377, queue:1.2325396537780762, delay:0.13730598986148834, throughput:3991
episode:36/500, real avg travel time:222.27637183663242
step:3600/3600, q_loss:-1.032055984574577e-05, rewards:-3.376840114593506, queue:1.2259259223937988, delay:0.13590724766254425, throughput:4039
episode:37/500, real avg travel time:217.63035404803168
step:3600/3600, q_loss:2.8880548699008716e-06, rewards:-3.899357318878174, queue:1.3629629611968994, delay:0.1386582851409912, throughput:4029
episode:38/500, real avg travel time:230.05162571357658
step:3600/3600, q_loss:-5.850287723458475e-06, rewards:-3.787646532058716, queue:1.2853174209594727, delay:0.14096717536449432, throughput:4028
episode:39/500, real avg travel time:238.12636544190664
step:3600/3600, q_loss:-1.0514324660309487e-07, rewards:-4.205020904541016, queue:1.385449767112732, delay:0.14321914315223694, throughput:3919
episode:40/500, real avg travel time:245.37024751212044
Test step:40/500, travel time :368.8282690337999, rewards:-13.59598159790039, queue:4.49312162399292, delay:0.21332623064517975, throughput:2929
step:3600/3600, q_loss:3.3526602944928324e-06, rewards:-3.5294575691223145, queue:1.2436507940292358, delay:0.13445112109184265, throughput:3934
episode:41/500, real avg travel time:240.21326893746823
step:3600/3600, q_loss:-6.999708097686784e-07, rewards:-3.1856234073638916, queue:1.1358466148376465, delay:0.1320883184671402, throughput:3927
episode:42/500, real avg travel time:229.07028265851795
step:3600/3600, q_loss:-1.7757886477435628e-06, rewards:-3.1340763568878174, queue:1.1408730745315552, delay:0.13279643654823303, throughput:3938
episode:43/500, real avg travel time:230.66937531742002
step:3600/3600, q_loss:-6.951817906358176e-06, rewards:-3.4181456565856934, queue:1.2103174924850464, delay:0.13799478113651276, throughput:3925
episode:44/500, real avg travel time:243.78649681528663
step:3600/3600, q_loss:-1.010789613549908e-05, rewards:-3.3695428371429443, queue:1.2108465433120728, delay:0.13705383241176605, throughput:4053
episode:45/500, real avg travel time:237.2644954354799
Test step:45/500, travel time :379.31353644427304, rewards:-14.765351295471191, queue:4.692327976226807, delay:0.224474236369133, throughput:2593
step:3600/3600, q_loss:-3.9312736286471285e-06, rewards:-3.5674729347229004, queue:1.244444489479065, delay:0.13846777379512787, throughput:3972
episode:46/500, real avg travel time:250.45720040281975
step:3600/3600, q_loss:2.999313389106343e-05, rewards:-4.237269878387451, queue:1.3562169075012207, delay:0.14045467972755432, throughput:4027
episode:47/500, real avg travel time:259.4926744474795
step:3600/3600, q_loss:4.3612521403701975e-05, rewards:-4.516112804412842, queue:1.439814805984497, delay:0.14485865831375122, throughput:3913
episode:48/500, real avg travel time:264.48709430104776
step:3600/3600, q_loss:-1.3047691390966066e-05, rewards:-3.352330207824707, queue:1.1939153671264648, delay:0.13219815492630005, throughput:3978
episode:49/500, real avg travel time:230.50276520864756
step:3600/3600, q_loss:-7.215728328446858e-06, rewards:-2.9786136150360107, queue:1.125925898551941, delay:0.1307014375925064, throughput:4036
episode:50/500, real avg travel time:225.25
Test step:50/500, travel time :348.4181568088033, rewards:-11.365036010742188, queue:3.7670633792877197, delay:0.21037732064723969, throughput:2908
step:3600/3600, q_loss:-6.206575158608353e-06, rewards:-3.1740496158599854, queue:1.170899510383606, delay:0.1338113695383072, throughput:4030
episode:51/500, real avg travel time:228.83126550868485
step:3600/3600, q_loss:-8.505728975352314e-06, rewards:-3.1165146827697754, queue:1.132804274559021, delay:0.13068702816963196, throughput:3956
episode:52/500, real avg travel time:219.99469160768453
step:3600/3600, q_loss:7.85967003644651e-05, rewards:-3.981938600540161, queue:1.365476131439209, delay:0.13492019474506378, throughput:4027
episode:53/500, real avg travel time:236.04817481996523
step:3600/3600, q_loss:-7.93527805298153e-06, rewards:-3.030719041824341, queue:1.1329364776611328, delay:0.1287504881620407, throughput:4034
episode:54/500, real avg travel time:222.0627169062965
step:3600/3600, q_loss:-6.365987792378291e-06, rewards:-3.163585662841797, queue:1.1629629135131836, delay:0.13219372928142548, throughput:3971
episode:55/500, real avg travel time:224.8060941828255
Test step:55/500, travel time :436.8230221222347, rewards:-16.786848068237305, queue:5.125661373138428, delay:0.2318955808877945, throughput:2667
step:3600/3600, q_loss:1.0911738758699762e-05, rewards:-3.7568609714508057, queue:1.3059524297714233, delay:0.13920408487319946, throughput:3959
episode:56/500, real avg travel time:230.09371053296286
step:3600/3600, q_loss:-6.885365170698302e-06, rewards:-3.0360844135284424, queue:1.1529099941253662, delay:0.1312866061925888, throughput:4054
episode:57/500, real avg travel time:228.65293537247163
step:3600/3600, q_loss:-6.2651418880300805e-06, rewards:-3.059135675430298, queue:1.1287037134170532, delay:0.1310073733329773, throughput:4022
episode:58/500, real avg travel time:219.9475385380408
step:3600/3600, q_loss:6.366311249116229e-05, rewards:-3.7654082775115967, queue:1.3161375522613525, delay:0.13856297731399536, throughput:4009
episode:59/500, real avg travel time:239.27812422050386
step:3600/3600, q_loss:-1.0695095988921821e-05, rewards:-3.0906903743743896, queue:1.1190476417541504, delay:0.1304437518119812, throughput:3946
episode:60/500, real avg travel time:224.7133806386214
Test step:60/500, travel time :306.87260318492037, rewards:-12.56611442565918, queue:3.9349205493927, delay:0.18896371126174927, throughput:3077
New best TEST travel time 306.8726 at episode 60, saved as best checkpoint
step:3600/3600, q_loss:-4.271666370590942e-06, rewards:-3.151130199432373, queue:1.1640211343765259, delay:0.13286346197128296, throughput:3972
episode:61/500, real avg travel time:221.87915407854985
step:3600/3600, q_loss:-6.022219652853285e-06, rewards:-3.2693209648132324, queue:1.197619080543518, delay:0.13361789286136627, throughput:4047
episode:62/500, real avg travel time:220.50358290091427
step:3600/3600, q_loss:-6.074125687721082e-06, rewards:-3.033046245574951, queue:1.1626983880996704, delay:0.13270418345928192, throughput:4055
episode:63/500, real avg travel time:211.53686806411838
step:3600/3600, q_loss:-6.57771169143315e-06, rewards:-3.0784411430358887, queue:1.1511905193328857, delay:0.13231496512889862, throughput:4064
episode:64/500, real avg travel time:218.57775590551182
step:3600/3600, q_loss:-4.546242821056189e-06, rewards:-3.497260808944702, queue:1.267724871635437, delay:0.13699094951152802, throughput:4046
episode:65/500, real avg travel time:222.08996539792386
Test step:65/500, travel time :296.7486678507993, rewards:-9.570138931274414, queue:3.1472222805023193, delay:0.194385826587677, throughput:3378
New best TEST travel time 296.7487 at episode 65, saved as best checkpoint
step:3600/3600, q_loss:-3.1181654776446523e-06, rewards:-3.1810903549194336, queue:1.1521164178848267, delay:0.13285857439041138, throughput:4008
episode:66/500, real avg travel time:231.87050898203591
step:3600/3600, q_loss:0.00011929718740349118, rewards:-4.908161640167236, queue:1.5414021015167236, delay:0.14256618916988373, throughput:3973
episode:67/500, real avg travel time:284.96375534860306
step:3600/3600, q_loss:9.980375228527313e-05, rewards:-4.614794731140137, queue:1.4362434148788452, delay:0.1372048705816269, throughput:3885
episode:68/500, real avg travel time:261.94980694980694
step:3600/3600, q_loss:-3.751208472143238e-06, rewards:-3.1951825618743896, queue:1.1292327642440796, delay:0.13168451189994812, throughput:3950
episode:69/500, real avg travel time:240.9432911392405
step:3600/3600, q_loss:0.0002459677272579736, rewards:-6.421998500823975, queue:1.8816137313842773, delay:0.1485947072505951, throughput:3698
episode:70/500, real avg travel time:305.2647376960519
Test step:70/500, travel time :407.10793190872874, rewards:-12.506647109985352, queue:3.898677349090576, delay:0.2246885597705841, throughput:2761
step:3600/3600, q_loss:-4.3275130236805935e-06, rewards:-3.377270221710205, queue:1.2052910327911377, delay:0.13450196385383606, throughput:4010
episode:71/500, real avg travel time:253.14912718204488
step:3600/3600, q_loss:-8.216140041541721e-06, rewards:-3.4771642684936523, queue:1.1919312477111816, delay:0.13735505938529968, throughput:3917
episode:72/500, real avg travel time:248.24202195557825
step:3600/3600, q_loss:7.994315892574377e-05, rewards:-4.738626003265381, queue:1.5136243104934692, delay:0.14406459033489227, throughput:3837
episode:73/500, real avg travel time:276.48110502997133
step:3600/3600, q_loss:-9.439350712151888e-06, rewards:-3.4851927757263184, queue:1.185978889465332, delay:0.13568907976150513, throughput:3995
episode:74/500, real avg travel time:248.49236545682103
step:3600/3600, q_loss:0.00034767826760394706, rewards:-7.047183036804199, queue:1.931746006011963, delay:0.1520129293203354, throughput:3661
episode:75/500, real avg travel time:292.45971046162254
Test step:75/500, travel time :455.07926306769497, rewards:-15.509281158447266, queue:4.702645301818848, delay:0.24320153892040253, throughput:2334
step:3600/3600, q_loss:2.498216215624577e-07, rewards:-3.5140042304992676, queue:1.1884920597076416, delay:0.13689757883548737, throughput:3910
episode:76/500, real avg travel time:250.28772378516624
step:3600/3600, q_loss:-4.941637356144687e-06, rewards:-3.2346482276916504, queue:1.1437830924987793, delay:0.13208313286304474, throughput:4021
episode:77/500, real avg travel time:249.31335488684408
step:3600/3600, q_loss:7.512797730871372e-05, rewards:-4.531977653503418, queue:1.4297618865966797, delay:0.13994178175926208, throughput:3965
episode:78/500, real avg travel time:280.8736443883985
step:3600/3600, q_loss:1.2705966784980975e-06, rewards:-3.5571417808532715, queue:1.206745982170105, delay:0.13554467260837555, throughput:3925
episode:79/500, real avg travel time:251.91617834394904
step:3600/3600, q_loss:7.542250071613428e-05, rewards:-4.47491979598999, queue:1.4399471282958984, delay:0.13769616186618805, throughput:3860
episode:80/500, real avg travel time:284.08756476683936
Test step:80/500, travel time :366.7497460209956, rewards:-10.976967811584473, queue:3.424470901489258, delay:0.19379450380802155, throughput:2953
step:3600/3600, q_loss:-1.8621961418021885e-06, rewards:-3.2872111797332764, queue:1.1632275581359863, delay:0.13099710643291473, throughput:3953
episode:81/500, real avg travel time:241.74576271186442
step:3600/3600, q_loss:0.00012595756610001748, rewards:-4.741862773895264, queue:1.4525132179260254, delay:0.1373240053653717, throughput:3860
episode:82/500, real avg travel time:261.1119170984456
step:3600/3600, q_loss:1.0314628323410742e-06, rewards:-3.6899325847625732, queue:1.2411376237869263, delay:0.13505256175994873, throughput:3983
episode:83/500, real avg travel time:267.5212151644489
step:3600/3600, q_loss:7.443446924702989e-07, rewards:-3.7882368564605713, queue:1.2321428060531616, delay:0.13612031936645508, throughput:3877
episode:84/500, real avg travel time:254.2651534691772
step:3600/3600, q_loss:0.0002209933217576084, rewards:-6.199411392211914, queue:1.757010579109192, delay:0.14480438828468323, throughput:3860
episode:85/500, real avg travel time:296.4896373056995
Test step:85/500, travel time :270.5053792361485, rewards:-4.871166229248047, queue:1.615079402923584, delay:0.1475207805633545, throughput:3718
New best TEST travel time 270.5054 at episode 85, saved as best checkpoint
step:3600/3600, q_loss:6.882533505429618e-05, rewards:-4.056965351104736, queue:1.3514549732208252, delay:0.1353708654642105, throughput:3926
episode:86/500, real avg travel time:259.556800815079
step:3600/3600, q_loss:3.2867217265043616e-06, rewards:-3.211294651031494, queue:1.1132274866104126, delay:0.1313759833574295, throughput:3905
episode:87/500, real avg travel time:241.82637644046096
step:3600/3600, q_loss:0.00017524661088827998, rewards:-4.748631000518799, queue:1.5379629135131836, delay:0.1377972662448883, throughput:3889
episode:88/500, real avg travel time:260.29853432759063
step:3600/3600, q_loss:0.00018651290803164657, rewards:-5.700990676879883, queue:1.7706348896026611, delay:0.1446978747844696, throughput:3750
episode:89/500, real avg travel time:264.97333333333336
step:3600/3600, q_loss:2.8744580049533397e-06, rewards:-2.9628682136535645, queue:1.0993386507034302, delay:0.13007938861846924, throughput:3957
episode:90/500, real avg travel time:230.0477634571645
Test step:90/500, travel time :281.7013138686131, rewards:-7.382954120635986, queue:1.981349229812622, delay:0.1622321754693985, throughput:3425
step:3600/3600, q_loss:7.63461139285937e-07, rewards:-3.249884605407715, queue:1.1567460298538208, delay:0.13149325549602509, throughput:4003
episode:91/500, real avg travel time:242.4129402947789
step:3600/3600, q_loss:1.7806447026992423e-06, rewards:-3.132976531982422, queue:1.1039682626724243, delay:0.13169939815998077, throughput:3967
episode:92/500, real avg travel time:245.3743382908999
step:3600/3600, q_loss:-1.3272200400630633e-06, rewards:-3.1008520126342773, queue:1.110714316368103, delay:0.1279655247926712, throughput:3903
episode:93/500, real avg travel time:234.62080450935179
step:3600/3600, q_loss:0.00010075784909228484, rewards:-4.085891246795654, queue:1.3882274627685547, delay:0.13397733867168427, throughput:3908
episode:94/500, real avg travel time:275.0603889457523
step:3600/3600, q_loss:0.00024374141487189466, rewards:-6.104400157928467, queue:1.7736772298812866, delay:0.14569300413131714, throughput:3673
episode:95/500, real avg travel time:268.44786278246664
Test step:95/500, travel time :265.2028364998662, rewards:-5.070695877075195, queue:1.554894208908081, delay:0.15131212770938873, throughput:3737
New best TEST travel time 265.2028 at episode 95, saved as best checkpoint
step:3600/3600, q_loss:1.5592017451935034e-05, rewards:-3.391676425933838, queue:1.2113757133483887, delay:0.13304105401039124, throughput:3960
episode:96/500, real avg travel time:244.80025252525252
step:3600/3600, q_loss:1.5672829047414577e-06, rewards:-3.0361037254333496, queue:1.1043651103973389, delay:0.12825851142406464, throughput:4012
episode:97/500, real avg travel time:247.76445663010966
step:3600/3600, q_loss:9.027041370346625e-05, rewards:-4.115979194641113, queue:1.313624382019043, delay:0.1366063356399536, throughput:3832
episode:98/500, real avg travel time:263.0722860125261
step:3600/3600, q_loss:4.982553137880233e-07, rewards:-3.530266284942627, queue:1.191269874572754, delay:0.13538742065429688, throughput:3884
episode:99/500, real avg travel time:256.1799691040165
step:3600/3600, q_loss:8.720171333859779e-07, rewards:-3.0557637214660645, queue:1.0690475702285767, delay:0.12806278467178345, throughput:3882
episode:100/500, real avg travel time:241.81993817619784
Test step:100/500, travel time :255.57403314917127, rewards:-4.751344680786133, queue:1.5697089433670044, delay:0.14524701237678528, throughput:3620
New best TEST travel time 255.5740 at episode 100, saved as best checkpoint
step:3600/3600, q_loss:3.2170471968129276e-06, rewards:-3.1595370769500732, queue:1.146560788154602, delay:0.13029664754867554, throughput:4036
episode:101/500, real avg travel time:240.54905847373638
step:3600/3600, q_loss:0.00023282408559074005, rewards:-5.309945106506348, queue:1.6076719760894775, delay:0.13810940086841583, throughput:3890
episode:102/500, real avg travel time:274.3228791773779
step:3600/3600, q_loss:3.977021778054121e-06, rewards:-3.110269546508789, queue:1.112830638885498, delay:0.13120794296264648, throughput:3980
episode:103/500, real avg travel time:251.2894472361809
step:3600/3600, q_loss:3.8750974474371306e-05, rewards:-3.963991403579712, queue:1.314021110534668, delay:0.13782215118408203, throughput:3996
episode:104/500, real avg travel time:259.5783283283283
step:3600/3600, q_loss:0.0001307838607721755, rewards:-5.087831497192383, queue:1.5519840717315674, delay:0.14074617624282837, throughput:3830
episode:105/500, real avg travel time:276.1046997389034
Test step:105/500, travel time :282.5652057004571, rewards:-3.909406900405884, queue:1.2519841194152832, delay:0.13515575230121613, throughput:3719
step:3600/3600, q_loss:0.00034427262079488074, rewards:-6.6221747398376465, queue:1.9013227224349976, delay:0.1468653380870819, throughput:3884
episode:106/500, real avg travel time:297.4119464469619
step:3600/3600, q_loss:7.851628607669328e-05, rewards:-4.24617862701416, queue:1.3858466148376465, delay:0.13611388206481934, throughput:3892
episode:107/500, real avg travel time:263.9421891058582
step:3600/3600, q_loss:0.0002230057447579586, rewards:-5.866853713989258, queue:1.646560788154602, delay:0.14750789105892181, throughput:3869
episode:108/500, real avg travel time:309.8180408374257
step:3600/3600, q_loss:0.000460605344010724, rewards:-9.497530937194824, queue:2.336904764175415, delay:0.16704970598220825, throughput:3673
episode:109/500, real avg travel time:327.2777021508304
step:3600/3600, q_loss:0.00010325138290580879, rewards:-4.178015232086182, queue:1.3596560955047607, delay:0.13521535694599152, throughput:3895
episode:110/500, real avg travel time:264.3435173299101
Test step:110/500, travel time :267.69295166081554, rewards:-5.214552879333496, queue:1.629365086555481, delay:0.15503263473510742, throughput:3703
step:3600/3600, q_loss:1.3442581904301834e-06, rewards:-3.288792133331299, queue:1.151719570159912, delay:0.13364353775978088, throughput:3913
episode:111/500, real avg travel time:251.98389982110913
step:3600/3600, q_loss:7.31993103626236e-05, rewards:-4.211451053619385, queue:1.3769841194152832, delay:0.1366121768951416, throughput:3909
episode:112/500, real avg travel time:275.65515477104117
step:3600/3600, q_loss:-2.104205810206218e-06, rewards:-3.2316555976867676, queue:1.1216931343078613, delay:0.13121838867664337, throughput:3952
episode:113/500, real avg travel time:252.4757085020243
step:3600/3600, q_loss:0.0001439760336426035, rewards:-5.035757064819336, queue:1.512169361114502, delay:0.14124727249145508, throughput:3777
episode:114/500, real avg travel time:263.7858088429971
step:3600/3600, q_loss:0.0003226853312096662, rewards:-7.135799884796143, queue:2.08730149269104, delay:0.15207470953464508, throughput:3639
episode:115/500, real avg travel time:312.54905193734544
Test step:115/500, travel time :290.27955801104974, rewards:-5.776972770690918, queue:1.6702381372451782, delay:0.16009999811649323, throughput:3620
step:3600/3600, q_loss:-1.0502743761106913e-06, rewards:-3.730182647705078, queue:1.198544979095459, delay:0.13513940572738647, throughput:3903
episode:116/500, real avg travel time:268.63130924929544
step:3600/3600, q_loss:2.986312538268976e-05, rewards:-4.133798599243164, queue:1.3177248239517212, delay:0.1381513774394989, throughput:3920
episode:117/500, real avg travel time:269.66913265306124
step:3600/3600, q_loss:9.27883134863805e-05, rewards:-5.600181579589844, queue:1.678174614906311, delay:0.1509675234556198, throughput:3747
episode:118/500, real avg travel time:319.61515879370165
step:3600/3600, q_loss:0.0001658591600264319, rewards:-5.982865333557129, queue:1.7253968715667725, delay:0.14360257983207703, throughput:3869
episode:119/500, real avg travel time:328.91341431894546
step:3600/3600, q_loss:3.399904008903023e-05, rewards:-4.731366157531738, queue:1.4667989015579224, delay:0.14166738092899323, throughput:3893
episode:120/500, real avg travel time:288.5263293090162
Test step:120/500, travel time :322.1216447744146, rewards:-8.670419692993164, queue:2.251984119415283, delay:0.1721799373626709, throughput:3502
step:3600/3600, q_loss:-2.643030812679273e-07, rewards:-3.586348533630371, queue:1.197619080543518, delay:0.13666227459907532, throughput:3928
episode:121/500, real avg travel time:274.2948065173116
step:3600/3600, q_loss:1.845213264459744e-05, rewards:-4.155198097229004, queue:1.3018518686294556, delay:0.13980700075626373, throughput:3881
episode:122/500, real avg travel time:271.40582324143264
step:3600/3600, q_loss:1.810247898295832e-05, rewards:-3.937885284423828, queue:1.2841269969940186, delay:0.13506846129894257, throughput:3989
episode:123/500, real avg travel time:278.1504136375031
step:3600/3600, q_loss:6.507956034814318e-07, rewards:-3.953219175338745, queue:1.287169337272644, delay:0.14160294830799103, throughput:3986
episode:124/500, real avg travel time:287.4367787255394
step:3600/3600, q_loss:0.0002697693074070331, rewards:-6.578561782836914, queue:1.784523844718933, delay:0.14906005561351776, throughput:3820
episode:125/500, real avg travel time:298.97513089005236
Test step:125/500, travel time :342.1822853688029, rewards:-9.468521118164062, queue:2.7898147106170654, delay:0.180405855178833, throughput:3308
step:3600/3600, q_loss:-6.952451561422397e-07, rewards:-3.85237979888916, queue:1.2388888597488403, delay:0.13424256443977356, throughput:3876
episode:126/500, real avg travel time:259.43601651186793
step:3600/3600, q_loss:7.511297501170905e-05, rewards:-4.799352169036865, queue:1.457539677619934, delay:0.14042887091636658, throughput:3999
episode:127/500, real avg travel time:315.86746686671665
step:3600/3600, q_loss:0.00022863025822314538, rewards:-6.6661553382873535, queue:1.853835940361023, delay:0.14611756801605225, throughput:3849
episode:128/500, real avg travel time:291.35359833723044
step:3600/3600, q_loss:7.175659759215908e-05, rewards:-4.811396598815918, queue:1.4966931343078613, delay:0.13971684873104095, throughput:3950
episode:129/500, real avg travel time:289.0379746835443
step:3600/3600, q_loss:0.0001412811127213192, rewards:-5.352895259857178, queue:1.5670634508132935, delay:0.143577441573143, throughput:3973
episode:130/500, real avg travel time:295.08482255222754
Test step:130/500, travel time :373.8543859649123, rewards:-14.28381061553955, queue:3.759126901626587, delay:0.20501340925693512, throughput:2850
step:3600/3600, q_loss:2.6425724354339763e-05, rewards:-5.0176777839660645, queue:1.5501322746276855, delay:0.14642685651779175, throughput:3880
episode:131/500, real avg travel time:294.44407216494847
step:3600/3600, q_loss:4.424406070029363e-05, rewards:-5.006819725036621, queue:1.5052909851074219, delay:0.14509354531764984, throughput:3891
episode:132/500, real avg travel time:306.2392701105114
step:3600/3600, q_loss:3.826907971718659e-05, rewards:-4.878261089324951, queue:1.5068782567977905, delay:0.14481692016124725, throughput:3907
episode:133/500, real avg travel time:303.82825697466086
step:3600/3600, q_loss:0.0001588374437738417, rewards:-5.9456562995910645, queue:1.727910041809082, delay:0.14688324928283691, throughput:3811
episode:134/500, real avg travel time:298.543951718709
step:3600/3600, q_loss:-5.79606841913321e-06, rewards:-3.944366455078125, queue:1.2522486448287964, delay:0.13459384441375732, throughput:3956
episode:135/500, real avg travel time:261.82103134479274
Test step:135/500, travel time :411.4860066205236, rewards:-9.501920700073242, queue:2.6929893493652344, delay:0.18623590469360352, throughput:3323
step:3600/3600, q_loss:3.283199257566594e-05, rewards:-4.516414165496826, queue:1.3907407522201538, delay:0.1424979716539383, throughput:3801
episode:136/500, real avg travel time:280.7227045514338
step:3600/3600, q_loss:0.00011507147420262401, rewards:-5.4479546546936035, queue:1.6388888359069824, delay:0.1416357457637787, throughput:3842
episode:137/500, real avg travel time:309.0767829255596
step:3600/3600, q_loss:0.00033060759047253265, rewards:-8.424196243286133, queue:2.1342592239379883, delay:0.1620924025774002, throughput:3767
episode:138/500, real avg travel time:351.93097955933104
step:3600/3600, q_loss:0.00034394961225593255, rewards:-8.278788566589355, queue:2.2312169075012207, delay:0.1544611155986786, throughput:3804
episode:139/500, real avg travel time:319.8186119873817
step:3600/3600, q_loss:7.689903852426343e-05, rewards:-5.476895332336426, queue:1.530290961265564, delay:0.14902886748313904, throughput:3964
episode:140/500, real avg travel time:317.9586276488396
Test step:140/500, travel time :298.6926470588235, rewards:-6.826167583465576, queue:1.7734127044677734, delay:0.16055813431739807, throughput:3400
step:3600/3600, q_loss:0.00046278980508860615, rewards:-8.712909698486328, queue:2.2239418029785156, delay:0.15482836961746216, throughput:3691
episode:141/500, real avg travel time:295.9317258195611
step:3600/3600, q_loss:8.876521137103231e-05, rewards:-5.113344192504883, queue:1.5105819702148438, delay:0.144802987575531, throughput:3950
episode:142/500, real avg travel time:312.00227848101264
step:3600/3600, q_loss:1.4578678383259103e-05, rewards:-4.448692321777344, queue:1.3870370388031006, delay:0.14064937829971313, throughput:3920
episode:143/500, real avg travel time:285.58494897959184
step:3600/3600, q_loss:5.651782307217622e-05, rewards:-4.943589210510254, queue:1.4216930866241455, delay:0.14290764927864075, throughput:3876
episode:144/500, real avg travel time:313.13157894736844
step:3600/3600, q_loss:6.906136057093843e-05, rewards:-4.890188217163086, queue:1.4492063522338867, delay:0.1426607072353363, throughput:3848
episode:145/500, real avg travel time:293.17593555093555
Test step:145/500, travel time :378.5021587512454, rewards:-11.86929702758789, queue:3.4802908897399902, delay:0.19520097970962524, throughput:3011
step:3600/3600, q_loss:0.00013570669107139112, rewards:-5.820245265960693, queue:1.646164059638977, delay:0.14459848403930664, throughput:3860
episode:146/500, real avg travel time:317.0259067357513
step:3600/3600, q_loss:0.00015620366434126884, rewards:-5.801711559295654, queue:1.6936508417129517, delay:0.1431206464767456, throughput:3774
episode:147/500, real avg travel time:281.8089560148384
step:3600/3600, q_loss:4.909676742196704e-06, rewards:-3.9910712242126465, queue:1.233994722366333, delay:0.1364298164844513, throughput:3864
episode:148/500, real avg travel time:264.60766045548655
step:3600/3600, q_loss:0.00039983783822713625, rewards:-9.787598609924316, queue:2.5035715103149414, delay:0.166594997048378, throughput:3788
episode:149/500, real avg travel time:396.20617740232314
step:3600/3600, q_loss:7.764491844379032e-06, rewards:-3.8042194843292236, queue:1.2000000476837158, delay:0.13546642661094666, throughput:3936
episode:150/500, real avg travel time:275.7080792682927
Test step:150/500, travel time :361.5149844987944, rewards:-13.849746704101562, queue:3.5116403102874756, delay:0.205659419298172, throughput:2903
step:3600/3600, q_loss:5.27188862583393e-06, rewards:-4.167457103729248, queue:1.2899470329284668, delay:0.1352582722902298, throughput:3928
episode:151/500, real avg travel time:276.43559063136456
step:3600/3600, q_loss:2.0724291405511192e-05, rewards:-4.277732849121094, queue:1.3346561193466187, delay:0.13892832398414612, throughput:3904
episode:152/500, real avg travel time:288.6641905737705
step:3600/3600, q_loss:0.0001884931614363773, rewards:-6.669595718383789, queue:1.8054232597351074, delay:0.1472255438566208, throughput:3808
episode:153/500, real avg travel time:308.2255777310924
step:3600/3600, q_loss:0.00015067656414531586, rewards:-5.928616046905518, queue:1.630555510520935, delay:0.1433127224445343, throughput:3819
episode:154/500, real avg travel time:299.8648860958366
step:3600/3600, q_loss:-1.0457524007910656e-05, rewards:-3.9231526851654053, queue:1.2000000476837158, delay:0.13236156105995178, throughput:3929
episode:155/500, real avg travel time:276.8567065411046
Test step:155/500, travel time :382.36715176715177, rewards:-20.563323974609375, queue:5.6583333015441895, delay:0.2282542884349823, throughput:2405
step:3600/3600, q_loss:2.3212385470590866e-05, rewards:-4.31770658493042, queue:1.3564814329147339, delay:0.13752663135528564, throughput:3885
episode:156/500, real avg travel time:281.828314028314
step:3600/3600, q_loss:2.4635228813470653e-05, rewards:-4.358474254608154, queue:1.356349229812622, delay:0.13601242005825043, throughput:3883
episode:157/500, real avg travel time:271.8356940509915
step:3600/3600, q_loss:9.77339748513057e-06, rewards:-3.85567569732666, queue:1.233994722366333, delay:0.13489601016044617, throughput:3942
episode:158/500, real avg travel time:270.12582445459157
step:3600/3600, q_loss:6.415444497381234e-06, rewards:-4.133239269256592, queue:1.2702380418777466, delay:0.13696350157260895, throughput:3900
episode:159/500, real avg travel time:276.4661538461539
step:3600/3600, q_loss:0.00011730481653810582, rewards:-5.556447505950928, queue:1.6321429014205933, delay:0.14390045404434204, throughput:3859
episode:160/500, real avg travel time:310.2487691111687
Test step:160/500, travel time :337.00756473668895, rewards:-7.1474385261535645, queue:2.0253968238830566, delay:0.16218435764312744, throughput:3437
step:3600/3600, q_loss:-8.39707960646289e-06, rewards:-3.803476333618164, queue:1.1814814805984497, delay:0.13515786826610565, throughput:3843
episode:161/500, real avg travel time:278.8269581056466
step:3600/3600, q_loss:7.169006833767829e-05, rewards:-4.644441604614258, queue:1.387566089630127, delay:0.14011362195014954, throughput:3857
episode:162/500, real avg travel time:283.51801918589575
step:3600/3600, q_loss:4.526889210359918e-05, rewards:-4.214880466461182, queue:1.3097883462905884, delay:0.13430945575237274, throughput:3875
episode:163/500, real avg travel time:264.22064516129035
step:3600/3600, q_loss:0.00015649847458310736, rewards:-5.366044998168945, queue:1.6394180059432983, delay:0.13744093477725983, throughput:3818
episode:164/500, real avg travel time:313.95625982189625
step:3600/3600, q_loss:0.00018818829040456977, rewards:-6.928371906280518, queue:1.7981481552124023, delay:0.15417909622192383, throughput:3729
episode:165/500, real avg travel time:277.882005899705
Test step:165/500, travel time :332.20783847981, rewards:-9.647978782653809, queue:2.4632275104522705, delay:0.16433212161064148, throughput:3368
step:3600/3600, q_loss:0.0001173259560245141, rewards:-5.716907978057861, queue:1.5486772060394287, delay:0.14691931009292603, throughput:3949
episode:166/500, real avg travel time:322.680425424158
step:3600/3600, q_loss:6.261138834007498e-05, rewards:-4.667794227600098, queue:1.4129629135131836, delay:0.1360028237104416, throughput:3909
episode:167/500, real avg travel time:269.04067536454335
step:3600/3600, q_loss:-6.270999923193206e-07, rewards:-4.09235954284668, queue:1.2585978507995605, delay:0.1353616714477539, throughput:3921
episode:168/500, real avg travel time:270.7742922723795
step:3600/3600, q_loss:5.3282912267604844e-05, rewards:-4.805684566497803, queue:1.3674603700637817, delay:0.14130429923534393, throughput:3890
episode:169/500, real avg travel time:285.77017994858613
step:3600/3600, q_loss:3.7839280412299556e-05, rewards:-4.47622537612915, queue:1.3632274866104126, delay:0.14356067776679993, throughput:3852
episode:170/500, real avg travel time:266.8302180685358
Test step:170/500, travel time :333.8993349455865, rewards:-12.084851264953613, queue:2.942857027053833, delay:0.17867641150951385, throughput:3308
step:3600/3600, q_loss:0.0003145892008130128, rewards:-7.57061243057251, queue:2.03769850730896, delay:0.1525057554244995, throughput:3818
episode:171/500, real avg travel time:329.4635935044526
step:3600/3600, q_loss:0.0003361937150152193, rewards:-7.009906768798828, queue:1.9392857551574707, delay:0.14531351625919342, throughput:3762
episode:172/500, real avg travel time:308.29080276448695
step:3600/3600, q_loss:0.00012274279191236322, rewards:-5.247156620025635, queue:1.4876984357833862, delay:0.13928014039993286, throughput:3883
episode:173/500, real avg travel time:307.31702292042235
step:3600/3600, q_loss:0.000276954285800457, rewards:-7.527819633483887, queue:1.9966931343078613, delay:0.15534836053848267, throughput:3899
episode:174/500, real avg travel time:340.1408053347012
step:3600/3600, q_loss:6.39174367986723e-05, rewards:-4.615895748138428, queue:1.4035714864730835, delay:0.137709841132164, throughput:3863
episode:175/500, real avg travel time:282.52109759254466
Test step:175/500, travel time :310.8988868274583, rewards:-11.957195281982422, queue:2.812830686569214, delay:0.17754852771759033, throughput:3234
step:3600/3600, q_loss:0.00010984007733188466, rewards:-5.137125492095947, queue:1.5595238208770752, delay:0.14234471321105957, throughput:3874
episode:176/500, real avg travel time:287.84796076406815
step:3600/3600, q_loss:0.00023842130136068185, rewards:-6.782187461853027, queue:1.9083333015441895, delay:0.15053248405456543, throughput:3779
episode:177/500, real avg travel time:322.54829319925904
step:3600/3600, q_loss:-7.571777920626724e-06, rewards:-3.914384603500366, queue:1.2314814329147339, delay:0.13587725162506104, throughput:3979
episode:178/500, real avg travel time:280.8881628549887
step:3600/3600, q_loss:5.1058956968416977e-05, rewards:-4.893167495727539, queue:1.4447089433670044, delay:0.14371980726718903, throughput:3906
episode:179/500, real avg travel time:300.0194572452637
step:3600/3600, q_loss:-5.008083785974628e-06, rewards:-4.001132011413574, queue:1.2431217432022095, delay:0.1366245448589325, throughput:3948
episode:180/500, real avg travel time:280.2228976697062
Test step:180/500, travel time :337.22152828802353, rewards:-17.309370040893555, queue:4.351190567016602, delay:0.19840079545974731, throughput:2722
step:3600/3600, q_loss:6.476411985608542e-05, rewards:-4.67723274230957, queue:1.4041005373001099, delay:0.13713063299655914, throughput:3863
episode:181/500, real avg travel time:283.31866425058246
step:3600/3600, q_loss:3.631545785335927e-05, rewards:-4.290947914123535, queue:1.332539677619934, delay:0.1357618272304535, throughput:3957
episode:182/500, real avg travel time:268.2304776345716
step:3600/3600, q_loss:-2.4243569997553196e-06, rewards:-4.0458598136901855, queue:1.2498676776885986, delay:0.13622784614562988, throughput:3915
episode:183/500, real avg travel time:258.88914431673055
step:3600/3600, q_loss:-4.196446146427964e-06, rewards:-3.8367648124694824, queue:1.1902116537094116, delay:0.13409161567687988, throughput:3872
episode:184/500, real avg travel time:262.8928202479339
step:3600/3600, q_loss:1.561033730265788e-05, rewards:-4.293635368347168, queue:1.2914021015167236, delay:0.1339154839515686, throughput:3835
episode:185/500, real avg travel time:280.76662320730117
Test step:185/500, travel time :334.9517625231911, rewards:-11.44739055633545, queue:2.7634921073913574, delay:0.17648212611675262, throughput:3234
step:3600/3600, q_loss:0.00028349532060221663, rewards:-6.644200325012207, queue:1.7632274627685547, delay:0.14561519026756287, throughput:3858
episode:186/500, real avg travel time:321.6179367547952
step:3600/3600, q_loss:3.904960014753871e-05, rewards:-4.68015193939209, queue:1.4181216955184937, delay:0.13845176994800568, throughput:3941
episode:187/500, real avg travel time:288.82111139304743
step:3600/3600, q_loss:7.161595405907267e-05, rewards:-4.630366325378418, queue:1.3952380418777466, delay:0.13399171829223633, throughput:3870
episode:188/500, real avg travel time:264.2824289405685
step:3600/3600, q_loss:8.337207117518928e-05, rewards:-4.811507225036621, queue:1.444179892539978, delay:0.13719956576824188, throughput:3980
episode:189/500, real avg travel time:273.93643216080403
step:3600/3600, q_loss:2.9559635085105483e-05, rewards:-4.534911632537842, queue:1.3707672357559204, delay:0.13914939761161804, throughput:3955
episode:190/500, real avg travel time:281.34386852085964
Test step:190/500, travel time :286.36305377542493, rewards:-4.1993842124938965, queue:1.2301586866378784, delay:0.14074423909187317, throughput:3589
step:3600/3600, q_loss:-4.622796162342032e-06, rewards:-3.937594175338745, queue:1.2074073553085327, delay:0.13551071286201477, throughput:3907
episode:191/500, real avg travel time:267.70719221909394
step:3600/3600, q_loss:4.9201451474800706e-05, rewards:-4.337275505065918, queue:1.2571429014205933, delay:0.13821952044963837, throughput:3961
episode:192/500, real avg travel time:263.79828326180257
step:3600/3600, q_loss:5.181622618692927e-05, rewards:-4.682868957519531, queue:1.430820107460022, delay:0.13872039318084717, throughput:3907
episode:193/500, real avg travel time:285.8986434604556
step:3600/3600, q_loss:0.0003484810741307835, rewards:-7.409678936004639, queue:2.091799020767212, delay:0.14818917214870453, throughput:3849
episode:194/500, real avg travel time:324.18784099766174
step:3600/3600, q_loss:8.132101599282275e-06, rewards:-3.7283854484558105, queue:1.1769840717315674, delay:0.13269944489002228, throughput:3966
episode:195/500, real avg travel time:277.14952092788707
Test step:195/500, travel time :312.4738461538462, rewards:-5.751124382019043, queue:1.662169337272644, delay:0.15501540899276733, throughput:3575
step:3600/3600, q_loss:-8.943735924226026e-06, rewards:-4.225937843322754, queue:1.2748677730560303, delay:0.13858658075332642, throughput:3989
episode:196/500, real avg travel time:276.975181749812
step:3600/3600, q_loss:0.00013747062969034435, rewards:-5.072684288024902, queue:1.5574073791503906, delay:0.1367768496274948, throughput:3928
episode:197/500, real avg travel time:271.62932790224033
step:3600/3600, q_loss:8.209947393172317e-05, rewards:-5.235447406768799, queue:1.5494709014892578, delay:0.1445382833480835, throughput:3894
episode:198/500, real avg travel time:287.6743708269132
step:3600/3600, q_loss:2.3900414736191226e-05, rewards:-4.151697635650635, queue:1.2951058149337769, delay:0.13909214735031128, throughput:3948
episode:199/500, real avg travel time:269.7864741641337
step:3600/3600, q_loss:4.055207537021488e-05, rewards:-4.587697505950928, queue:1.3933862447738647, delay:0.13873815536499023, throughput:3974
episode:200/500, real avg travel time:275.8336688475088
Test step:200/500, travel time :327.9039696438996, rewards:-7.547326564788818, queue:2.1171958446502686, delay:0.16130439937114716, throughput:3426
step:3600/3600, q_loss:-3.9153795417708654e-07, rewards:-4.132914066314697, queue:1.2702380418777466, delay:0.14048807322978973, throughput:3907
episode:201/500, real avg travel time:267.156385973893
step:3600/3600, q_loss:4.7732152193526014e-05, rewards:-4.899942874908447, queue:1.4835978746414185, delay:0.14127232134342194, throughput:3913
episode:202/500, real avg travel time:274.41962688474314
step:3600/3600, q_loss:2.638922216849298e-05, rewards:-4.476389408111572, queue:1.3727513551712036, delay:0.138447105884552, throughput:3860
episode:203/500, real avg travel time:273.21658031088083
step:3600/3600, q_loss:0.00011085712863455734, rewards:-5.526987552642822, queue:1.5649471282958984, delay:0.14342056214809418, throughput:3812
episode:204/500, real avg travel time:329.7203567681007
step:3600/3600, q_loss:7.286583891578226e-05, rewards:-5.0626935958862305, queue:1.5390211343765259, delay:0.1451583206653595, throughput:3808
episode:205/500, real avg travel time:305.1299894957983
Test step:205/500, travel time :321.72607934655775, rewards:-8.890020370483398, queue:2.3130953311920166, delay:0.16294029355049133, throughput:3428
step:3600/3600, q_loss:0.00013500982281079309, rewards:-5.417173385620117, queue:1.6166666746139526, delay:0.14452417194843292, throughput:3894
episode:206/500, real avg travel time:313.2360041088855
step:3600/3600, q_loss:4.173091818099945e-05, rewards:-4.371947288513184, queue:1.350000023841858, delay:0.13953521847724915, throughput:3768
episode:207/500, real avg travel time:280.93099787685776
step:3600/3600, q_loss:2.0328745853880213e-05, rewards:-4.6253662109375, queue:1.400925874710083, delay:0.14006401598453522, throughput:3844
episode:208/500, real avg travel time:288.97658688865766
step:3600/3600, q_loss:0.00017317849981029413, rewards:-6.82411003112793, queue:1.9505290985107422, delay:0.15203404426574707, throughput:3583
episode:209/500, real avg travel time:308.4839519955345
step:3600/3600, q_loss:4.455733699918104e-05, rewards:-4.818559646606445, queue:1.4703704118728638, delay:0.13999353349208832, throughput:3855
episode:210/500, real avg travel time:279.56368352788587
Test step:210/500, travel time :331.55125786163524, rewards:-11.044519424438477, queue:2.8388888835906982, delay:0.17681631445884705, throughput:3180
step:3600/3600, q_loss:-1.0988120953293724e-05, rewards:-3.776750326156616, queue:1.1768518686294556, delay:0.13312415778636932, throughput:3899
episode:211/500, real avg travel time:261.9910233393178
step:3600/3600, q_loss:-3.028768211758385e-06, rewards:-3.831648826599121, queue:1.179100513458252, delay:0.1329704225063324, throughput:3939
episode:212/500, real avg travel time:261.35237369890837
step:3600/3600, q_loss:6.298666202282119e-05, rewards:-4.611876964569092, queue:1.4234126806259155, delay:0.1352408081293106, throughput:3944
episode:213/500, real avg travel time:266.4830121703854
step:3600/3600, q_loss:-8.011476570067721e-06, rewards:-3.912050485610962, queue:1.2043651342391968, delay:0.1360395848751068, throughput:3984
episode:214/500, real avg travel time:264.7269076305221
step:3600/3600, q_loss:-7.791572473555182e-06, rewards:-3.7028846740722656, queue:1.15753972530365, delay:0.13551577925682068, throughput:3937
episode:215/500, real avg travel time:264.6289052578105
Test step:215/500, travel time :285.34156609598654, rewards:-4.6603875160217285, queue:1.3941799402236938, delay:0.13807733356952667, throughput:3563
step:3600/3600, q_loss:8.292287287379926e-05, rewards:-4.820288181304932, queue:1.45119047164917, delay:0.1370438188314438, throughput:3858
episode:216/500, real avg travel time:277.15629860031106
step:3600/3600, q_loss:-2.028335357964453e-06, rewards:-3.8013386726379395, queue:1.210714340209961, delay:0.13621973991394043, throughput:3868
episode:217/500, real avg travel time:262.53516028955534
step:3600/3600, q_loss:3.714127637471797e-05, rewards:-4.197361469268799, queue:1.3088624477386475, delay:0.13406497240066528, throughput:3902
episode:218/500, real avg travel time:271.454126089185
step:3600/3600, q_loss:6.562345030639942e-06, rewards:-3.823899269104004, queue:1.2371692657470703, delay:0.13413578271865845, throughput:3847
episode:219/500, real avg travel time:260.9890824018716
step:3600/3600, q_loss:9.008069981872622e-05, rewards:-4.948668956756592, queue:1.5260581970214844, delay:0.13842444121837616, throughput:3847
episode:220/500, real avg travel time:282.18871848193396
Test step:220/500, travel time :305.1531336832356, rewards:-9.25481128692627, queue:2.4544973373413086, delay:0.16139811277389526, throughput:3239
step:3600/3600, q_loss:7.82310962677002e-07, rewards:-3.7263073921203613, queue:1.182539701461792, delay:0.13202588260173798, throughput:3917
episode:221/500, real avg travel time:260.5598672453408
step:3600/3600, q_loss:0.00011714190792796822, rewards:-5.36675500869751, queue:1.5589946508407593, delay:0.14112691581249237, throughput:3807
episode:222/500, real avg travel time:302.8245337536118
step:3600/3600, q_loss:0.00011862319305590871, rewards:-5.310937881469727, queue:1.614550232887268, delay:0.13850244879722595, throughput:3856
episode:223/500, real avg travel time:289.26452282157675
step:3600/3600, q_loss:5.623746053768425e-05, rewards:-4.961030960083008, queue:1.5100529193878174, delay:0.14334532618522644, throughput:3896
episode:224/500, real avg travel time:278.1180698151951
step:3600/3600, q_loss:7.850117464032438e-05, rewards:-4.881550312042236, queue:1.4669312238693237, delay:0.1358209252357483, throughput:3845
episode:225/500, real avg travel time:278.99141742522755
Test step:225/500, travel time :347.3595245955761, rewards:-12.650904655456543, queue:3.4796295166015625, delay:0.1773647516965866, throughput:3029
step:3600/3600, q_loss:0.0001274031439809025, rewards:-5.49434757232666, queue:1.58134925365448, delay:0.1416841745376587, throughput:3863
episode:226/500, real avg travel time:283.0100957804815
step:3600/3600, q_loss:-2.075312376190494e-06, rewards:-4.303523540496826, queue:1.304894208908081, delay:0.14138641953468323, throughput:3913
episode:227/500, real avg travel time:293.38282647584975
step:3600/3600, q_loss:6.128789811757289e-05, rewards:-4.828376770019531, queue:1.425264596939087, delay:0.14006748795509338, throughput:3846
episode:228/500, real avg travel time:286.2085283411337
step:3600/3600, q_loss:4.116163998130812e-05, rewards:-4.813821792602539, queue:1.4211640357971191, delay:0.14274923503398895, throughput:3881
episode:229/500, real avg travel time:297.85648028858543
step:3600/3600, q_loss:4.6084594537710975e-05, rewards:-4.3961615562438965, queue:1.3441798686981201, delay:0.1345873773097992, throughput:3848
episode:230/500, real avg travel time:288.4553014553015
Test step:230/500, travel time :283.65606143719145, rewards:-4.115033149719238, queue:1.2255290746688843, delay:0.1396978348493576, throughput:3646
step:3600/3600, q_loss:0.00012775037798241505, rewards:-5.587656021118164, queue:1.5928571224212646, delay:0.14104628562927246, throughput:3729
episode:231/500, real avg travel time:276.01635827299543
step:3600/3600, q_loss:0.000510103320185509, rewards:-9.484879493713379, queue:2.318253993988037, delay:0.16481457650661469, throughput:3686
episode:232/500, real avg travel time:353.6790558871405
step:3600/3600, q_loss:6.585151778482315e-05, rewards:-4.889246463775635, queue:1.4421957731246948, delay:0.14147722721099854, throughput:3817
episode:233/500, real avg travel time:284.2606759235001
step:3600/3600, q_loss:-7.251275181058898e-06, rewards:-4.019851207733154, queue:1.2187830209732056, delay:0.1372559815645218, throughput:3882
episode:234/500, real avg travel time:292.280010303967
step:3600/3600, q_loss:2.57847768403331e-05, rewards:-4.14668083190918, queue:1.2580687999725342, delay:0.1354161500930786, throughput:3999
episode:235/500, real avg travel time:283.9557389347337
Test step:235/500, travel time :370.0998598458304, rewards:-15.939498901367188, queue:4.3325395584106445, delay:0.19972673058509827, throughput:2854
step:3600/3600, q_loss:3.004544729871365e-05, rewards:-4.682474613189697, queue:1.4068783521652222, delay:0.1371828019618988, throughput:3867
episode:236/500, real avg travel time:293.1970519782777
step:3600/3600, q_loss:5.596880873781629e-05, rewards:-5.247279644012451, queue:1.574338674545288, delay:0.14924629032611847, throughput:3917
episode:237/500, real avg travel time:306.5989277508297
step:3600/3600, q_loss:5.671173065719712e-05, rewards:-4.974507808685303, queue:1.4047619104385376, delay:0.13954800367355347, throughput:3875
episode:238/500, real avg travel time:274.80309677419353
step:3600/3600, q_loss:3.649289768266802e-06, rewards:-3.630966901779175, queue:1.1628307104110718, delay:0.13427665829658508, throughput:3976
episode:239/500, real avg travel time:255.9632796780684
step:3600/3600, q_loss:1.093043950580371e-05, rewards:-3.3327629566192627, queue:1.0824073553085327, delay:0.12709259986877441, throughput:3901
episode:240/500, real avg travel time:248.16790566521405
Test step:240/500, travel time :267.35510319479783, rewards:-4.787838935852051, queue:1.3678570985794067, delay:0.13495603203773499, throughput:3537
step:3600/3600, q_loss:1.2556982983369381e-05, rewards:-4.141928672790527, queue:1.2929893732070923, delay:0.13661837577819824, throughput:3776
episode:241/500, real avg travel time:274.2251059322034
step:3600/3600, q_loss:6.207891823982613e-06, rewards:-3.416440725326538, queue:1.1207672357559204, delay:0.1294231116771698, throughput:3965
episode:242/500, real avg travel time:270.98713745271124
step:3600/3600, q_loss:-2.5495165674429803e-07, rewards:-3.3927910327911377, queue:1.0875661373138428, delay:0.12933103740215302, throughput:3948
episode:243/500, real avg travel time:269.531914893617
step:3600/3600, q_loss:1.2584258203989722e-05, rewards:-3.236579418182373, queue:1.1013227701187134, delay:0.13241393864154816, throughput:3994
episode:244/500, real avg travel time:262.1407110665999
step:3600/3600, q_loss:8.674447437644832e-06, rewards:-3.0304229259490967, queue:1.072619080543518, delay:0.12841106951236725, throughput:3963
episode:245/500, real avg travel time:235.6386575826394
Test step:245/500, travel time :263.700215866163, rewards:-3.6227810382843018, queue:1.1566137075424194, delay:0.13495956361293793, throughput:3706
step:3600/3600, q_loss:5.537547961769936e-05, rewards:-4.196299076080322, queue:1.3362433910369873, delay:0.1343766450881958, throughput:3857
episode:246/500, real avg travel time:269.9732953072336
step:3600/3600, q_loss:3.293192033500721e-06, rewards:-3.3082377910614014, queue:1.102910041809082, delay:0.1277313232421875, throughput:3869
episode:247/500, real avg travel time:260.9702765572499
step:3600/3600, q_loss:6.529961521866628e-06, rewards:-2.9483017921447754, queue:1.038095235824585, delay:0.12691029906272888, throughput:4012
episode:248/500, real avg travel time:242.5383848454636
step:3600/3600, q_loss:5.414525569196687e-06, rewards:-3.016275405883789, queue:1.0283068418502808, delay:0.12826788425445557, throughput:3928
episode:249/500, real avg travel time:240.1270366598778
step:3600/3600, q_loss:5.47187592019327e-06, rewards:-2.9921512603759766, queue:1.056613802909851, delay:0.12631455063819885, throughput:3991
episode:250/500, real avg travel time:253.7772488098221
Test step:250/500, travel time :300.17371737173715, rewards:-6.517853260040283, queue:1.733201026916504, delay:0.15058988332748413, throughput:3333
step:3600/3600, q_loss:1.1215434319132732e-05, rewards:-3.3316876888275146, queue:1.1207672357559204, delay:0.12760064005851746, throughput:3946
episode:251/500, real avg travel time:255.0838824125697
step:3600/3600, q_loss:7.335475844835551e-05, rewards:-3.9559526443481445, queue:1.2708994150161743, delay:0.12836311757564545, throughput:3911
episode:252/500, real avg travel time:264.33265149578114
step:3600/3600, q_loss:6.945422444712475e-05, rewards:-3.405423879623413, queue:1.175661325454712, delay:0.1259314864873886, throughput:3848
episode:253/500, real avg travel time:258.00623700623703
step:3600/3600, q_loss:5.0188056694524775e-05, rewards:-3.562227725982666, queue:1.1698412895202637, delay:0.12790745496749878, throughput:3904
episode:254/500, real avg travel time:252.4515881147541
step:3600/3600, q_loss:3.5387615045894765e-06, rewards:-2.7543632984161377, queue:1.008201003074646, delay:0.12433592975139618, throughput:3949
episode:255/500, real avg travel time:244.27525955938214
Test step:255/500, travel time :248.59899417681314, rewards:-2.80393123626709, queue:1.0050264596939087, delay:0.12262995541095734, throughput:3778
New best TEST travel time 248.5990 at episode 255, saved as best checkpoint
step:3600/3600, q_loss:0.00010539227676215685, rewards:-4.108312606811523, queue:1.3338624238967896, delay:0.1293533593416214, throughput:3966
episode:256/500, real avg travel time:269.642208774584
step:3600/3600, q_loss:1.093361384442283e-07, rewards:-2.801388740539551, queue:1.021164059638977, delay:0.12449175864458084, throughput:3967
episode:257/500, real avg travel time:227.7217040584825
step:3600/3600, q_loss:1.6698455712887354e-06, rewards:-2.6696739196777344, queue:1.0021164417266846, delay:0.12426222860813141, throughput:3982
episode:258/500, real avg travel time:230.76971371170265
step:3600/3600, q_loss:0.0002409003575545891, rewards:-5.240788459777832, queue:1.5421957969665527, delay:0.13273489475250244, throughput:3663
episode:259/500, real avg travel time:242.5883155883156
step:3600/3600, q_loss:4.570616713155889e-06, rewards:-2.4592878818511963, queue:0.961904764175415, delay:0.12212169170379639, throughput:3952
episode:260/500, real avg travel time:227.2332995951417
Test step:260/500, travel time :223.28590146750525, rewards:-2.267529249191284, queue:0.8835979104042053, delay:0.11756165325641632, throughput:3816
New best TEST travel time 223.2859 at episode 260, saved as best checkpoint
step:3600/3600, q_loss:1.5618162352540012e-06, rewards:-2.4874210357666016, queue:0.9630952477455139, delay:0.12159553915262222, throughput:3963
episode:261/500, real avg travel time:221.6371435780974
step:3600/3600, q_loss:0.00010234169741225842, rewards:-3.870892286300659, queue:1.2353174686431885, delay:0.12888279557228088, throughput:3942
episode:262/500, real avg travel time:246.3650431253171
step:3600/3600, q_loss:1.4182807515478797e-06, rewards:-2.5029942989349365, queue:0.9492063522338867, delay:0.12042652815580368, throughput:3931
episode:263/500, real avg travel time:232.51259221572118
step:3600/3600, q_loss:1.855054757066278e-05, rewards:-2.82696795463562, queue:0.9853174686431885, delay:0.12163067609071732, throughput:3962
episode:264/500, real avg travel time:239.88137304391722
step:3600/3600, q_loss:-3.725414636493143e-06, rewards:-2.42559814453125, queue:0.9371693134307861, delay:0.12290166318416595, throughput:3952
episode:265/500, real avg travel time:232.05996963562754
Test step:265/500, travel time :250.1308733740377, rewards:-3.7277026176452637, queue:1.2003967761993408, delay:0.13099071383476257, throughput:3767
step:3600/3600, q_loss:2.2210546982629847e-06, rewards:-2.4747321605682373, queue:0.9341269731521606, delay:0.12168500572443008, throughput:3911
episode:266/500, real avg travel time:232.30554845308106
step:3600/3600, q_loss:5.123113886737782e-05, rewards:-3.7519774436950684, queue:1.225000023841858, delay:0.12834136188030243, throughput:3929
episode:267/500, real avg travel time:278.5405955713922
step:3600/3600, q_loss:1.4701792275041549e-05, rewards:-3.124988555908203, queue:1.117724895477295, delay:0.12848028540611267, throughput:4000
episode:268/500, real avg travel time:270.51
step:3600/3600, q_loss:0.000112628244904853, rewards:-3.9885079860687256, queue:1.2706348896026611, delay:0.1264605075120926, throughput:3936
episode:269/500, real avg travel time:289.9936483739837
step:3600/3600, q_loss:-1.403947317157872e-06, rewards:-2.6360576152801514, queue:0.9821428656578064, delay:0.12520815432071686, throughput:3974
episode:270/500, real avg travel time:237.12833417211877
Test step:270/500, travel time :238.34637641223478, rewards:-3.5020501613616943, queue:1.129365086555481, delay:0.12235696613788605, throughput:3629
step:3600/3600, q_loss:3.3469448680989443e-06, rewards:-2.8697009086608887, queue:1.0038360357284546, delay:0.12444395571947098, throughput:3956
episode:271/500, real avg travel time:250.50834175935287
step:3600/3600, q_loss:0.000117131372017967, rewards:-4.27498722076416, queue:1.32619047164917, delay:0.13165313005447388, throughput:3962
episode:272/500, real avg travel time:267.75618374558303
step:3600/3600, q_loss:2.564980944346947e-05, rewards:-3.322939395904541, queue:1.0666667222976685, delay:0.12774422764778137, throughput:3992
episode:273/500, real avg travel time:240.92434869739478
step:3600/3600, q_loss:-6.937910155910585e-07, rewards:-2.909083843231201, queue:1.000925898551941, delay:0.12403800338506699, throughput:3984
episode:274/500, real avg travel time:244.26932730923696
step:3600/3600, q_loss:3.704828470492632e-05, rewards:-3.3191702365875244, queue:1.1289682388305664, delay:0.12595929205417633, throughput:3988
episode:275/500, real avg travel time:255.42427281845536
Test step:275/500, travel time :250.83534459640654, rewards:-3.2689812183380127, queue:1.08134925365448, delay:0.12664836645126343, throughput:3729
step:3600/3600, q_loss:-5.523449080000217e-06, rewards:-2.5640814304351807, queue:0.9612433910369873, delay:0.1228528544306755, throughput:4037
episode:276/500, real avg travel time:236.43671042853603
step:3600/3600, q_loss:4.788406117263043e-05, rewards:-3.500309944152832, queue:1.1625661849975586, delay:0.127359539270401, throughput:3957
episode:277/500, real avg travel time:254.59059893858984
step:3600/3600, q_loss:-4.052308213431388e-06, rewards:-2.5268287658691406, queue:0.9562169313430786, delay:0.12173201888799667, throughput:3957
episode:278/500, real avg travel time:222.82537275713923
step:3600/3600, q_loss:-7.389622098546372e-06, rewards:-2.3125159740448, queue:0.8917989134788513, delay:0.11611851304769516, throughput:3974
episode:279/500, real avg travel time:234.08152994464015
step:3600/3600, q_loss:1.1071466239324461e-05, rewards:-2.8657774925231934, queue:1.0455026626586914, delay:0.1245972290635109, throughput:3932
episode:280/500, real avg travel time:241.07884028484233
Test step:280/500, travel time :259.1908315565032, rewards:-3.5311992168426514, queue:1.1601852178573608, delay:0.1253960132598877, throughput:3752
step:3600/3600, q_loss:7.685975247618949e-05, rewards:-3.546177387237549, queue:1.161375641822815, delay:0.1232871264219284, throughput:3874
episode:281/500, real avg travel time:260.6618482188952
step:3600/3600, q_loss:-8.34698698276447e-06, rewards:-2.4293596744537354, queue:0.9048941731452942, delay:0.11761260777711868, throughput:3960
episode:282/500, real avg travel time:239.3128787878788
step:3600/3600, q_loss:0.00011815798489907239, rewards:-4.1159491539001465, queue:1.2435184717178345, delay:0.12802112102508545, throughput:3908
episode:283/500, real avg travel time:264.8298362333675
step:3600/3600, q_loss:8.508983834569032e-07, rewards:-2.878190517425537, queue:1.0067460536956787, delay:0.12535563111305237, throughput:3884
episode:284/500, real avg travel time:242.16117404737383
step:3600/3600, q_loss:8.675126033873918e-05, rewards:-3.6105828285217285, queue:1.1928571462631226, delay:0.12499766796827316, throughput:3902
episode:285/500, real avg travel time:245.26319835981548
Test step:285/500, travel time :274.6516164994426, rewards:-4.882838726043701, queue:1.4686508178710938, delay:0.13205285370349884, throughput:3588
step:3600/3600, q_loss:6.708388415669712e-06, rewards:-2.957322835922241, queue:1.00171959400177, delay:0.12429085373878479, throughput:3928
episode:286/500, real avg travel time:246.70544806517313
step:3600/3600, q_loss:9.956128245297199e-05, rewards:-3.769977569580078, queue:1.2169312238693237, delay:0.12372688949108124, throughput:3844
episode:287/500, real avg travel time:266.0044224765869
step:3600/3600, q_loss:-1.5530474128253343e-06, rewards:-2.7233920097351074, queue:0.9608465433120728, delay:0.12203092873096466, throughput:3964
episode:288/500, real avg travel time:248.92532795156407
step:3600/3600, q_loss:7.083009356089557e-05, rewards:-4.062713623046875, queue:1.1787036657333374, delay:0.1325976401567459, throughput:3797
episode:289/500, real avg travel time:303.43402686331314
step:3600/3600, q_loss:3.834050924827655e-05, rewards:-3.1263678073883057, queue:1.008201003074646, delay:0.12265050411224365, throughput:3882
episode:290/500, real avg travel time:258.53477588871715
Test step:290/500, travel time :237.12203570476953, rewards:-3.287001609802246, queue:1.0730159282684326, delay:0.12594084441661835, throughput:3753
step:3600/3600, q_loss:8.526178523122022e-05, rewards:-3.4079766273498535, queue:1.117989420890808, delay:0.12230296432971954, throughput:3865
episode:291/500, real avg travel time:252.290297542044
step:3600/3600, q_loss:4.934414488767895e-05, rewards:-3.8209125995635986, queue:1.1502645015716553, delay:0.12632504105567932, throughput:3865
episode:292/500, real avg travel time:280.52910737386804
step:3600/3600, q_loss:4.357805915383829e-05, rewards:-3.268224000930786, queue:1.1141533851623535, delay:0.12690766155719757, throughput:3965
episode:293/500, real avg travel time:260.56595208070615
step:3600/3600, q_loss:4.924933414763978e-06, rewards:-2.7100796699523926, queue:0.9525132179260254, delay:0.12068471312522888, throughput:3935
episode:294/500, real avg travel time:248.44752223634055
step:3600/3600, q_loss:3.084513413745703e-05, rewards:-3.225080728530884, queue:1.0802910327911377, delay:0.12446119636297226, throughput:3900
episode:295/500, real avg travel time:243.20641025641027
Test step:295/500, travel time :245.14997321906802, rewards:-2.6989383697509766, queue:0.9408730268478394, delay:0.11921238899230957, throughput:3734
step:3600/3600, q_loss:0.0003857795621216711, rewards:-6.461761474609375, queue:1.7216931581497192, delay:0.13499872386455536, throughput:3658
episode:296/500, real avg travel time:261.2353745215965
step:3600/3600, q_loss:6.0928935434074246e-05, rewards:-3.578460693359375, queue:1.1685185432434082, delay:0.1251394897699356, throughput:3918
episode:297/500, real avg travel time:262.5610005104645
step:3600/3600, q_loss:0.0001494179741712287, rewards:-4.151822090148926, queue:1.2788360118865967, delay:0.13058650493621826, throughput:3969
episode:298/500, real avg travel time:281.2660619803477
step:3600/3600, q_loss:6.335576634026236e-05, rewards:-3.3444926738739014, queue:1.147089958190918, delay:0.12742850184440613, throughput:4032
episode:299/500, real avg travel time:249.56919642857142
step:3600/3600, q_loss:0.00011005306069920254, rewards:-3.9043707847595215, queue:1.222354531288147, delay:0.12774346768856049, throughput:4002
episode:300/500, real avg travel time:273.94227886056973
Test step:300/500, travel time :260.56658529970167, rewards:-3.639883041381836, queue:1.1609787940979004, delay:0.1275162398815155, throughput:3687
step:3600/3600, q_loss:4.541778535996046e-06, rewards:-2.673266649246216, queue:0.9708994626998901, delay:0.12302323430776596, throughput:4024
episode:301/500, real avg travel time:227.09940357852884
step:3600/3600, q_loss:-2.9995379413271116e-06, rewards:-2.6033718585968018, queue:0.9694444537162781, delay:0.12442420423030853, throughput:4028
episode:302/500, real avg travel time:239.94960278053625
step:3600/3600, q_loss:2.9263163418767766e-06, rewards:-2.515279531478882, queue:0.9296296238899231, delay:0.1205432340502739, throughput:3987
episode:303/500, real avg travel time:236.35991973915225
step:3600/3600, q_loss:2.922972311757298e-06, rewards:-2.9079551696777344, queue:1.0129629373550415, delay:0.12452704459428787, throughput:3972
episode:304/500, real avg travel time:250.09491440080564
step:3600/3600, q_loss:4.1163705949050685e-07, rewards:-2.6212167739868164, queue:0.9481481313705444, delay:0.11993642151355743, throughput:3946
episode:305/500, real avg travel time:238.4655347187025
Test step:305/500, travel time :238.09344564359043, rewards:-2.7626233100891113, queue:0.952645480632782, delay:0.11846239864826202, throughput:3799
step:3600/3600, q_loss:-1.3029601379659854e-06, rewards:-2.713163137435913, queue:0.9870370626449585, delay:0.12215664982795715, throughput:3986
episode:306/500, real avg travel time:236.65127947817362
step:3600/3600, q_loss:9.83277770703555e-06, rewards:-2.788753032684326, queue:0.9834656119346619, delay:0.12075497210025787, throughput:3981
episode:307/500, real avg travel time:235.0532529515197
step:3600/3600, q_loss:4.7999767169433956e-05, rewards:-3.3033955097198486, queue:1.1191798448562622, delay:0.12565182149410248, throughput:3944
episode:308/500, real avg travel time:244.1746957403651
step:3600/3600, q_loss:-2.6541825516485713e-06, rewards:-2.4399726390838623, queue:0.9125661253929138, delay:0.11865812540054321, throughput:3919
episode:309/500, real avg travel time:224.74534319979585
step:3600/3600, q_loss:7.774613154146614e-05, rewards:-3.1364102363586426, queue:1.093915343284607, delay:0.12158862501382828, throughput:3955
episode:310/500, real avg travel time:241.0786346396966
Test step:310/500, travel time :237.41817697228146, rewards:-3.40460467338562, queue:1.0976190567016602, delay:0.12029433995485306, throughput:3752
step:3600/3600, q_loss:-9.576498066760703e-06, rewards:-2.4424359798431396, queue:0.9173280596733093, delay:0.11806292086839676, throughput:3973
episode:311/500, real avg travel time:226.45028945381324
step:3600/3600, q_loss:-4.965360494679771e-06, rewards:-2.3497045040130615, queue:0.8858465552330017, delay:0.11608105897903442, throughput:3911
episode:312/500, real avg travel time:235.7864996164664
step:3600/3600, q_loss:2.1384834366876426e-05, rewards:-3.1727182865142822, queue:1.074735403060913, delay:0.12333560734987259, throughput:3932
episode:313/500, real avg travel time:245.22177009155646
step:3600/3600, q_loss:3.483809309222529e-05, rewards:-3.364875555038452, queue:1.1178570985794067, delay:0.12245219945907593, throughput:3879
episode:314/500, real avg travel time:248.9989688063934
step:3600/3600, q_loss:1.8881546081199e-05, rewards:-3.1234538555145264, queue:1.0615079402923584, delay:0.12265017628669739, throughput:3963
episode:315/500, real avg travel time:262.663890991673
Test step:315/500, travel time :238.89427194860815, rewards:-3.022437810897827, queue:1.0265872478485107, delay:0.12283692508935928, throughput:3736
step:3600/3600, q_loss:4.288189423580965e-06, rewards:-2.428692102432251, queue:0.9228835701942444, delay:0.11997349560260773, throughput:3978
episode:316/500, real avg travel time:226.16641528406234
step:3600/3600, q_loss:8.62227817479935e-06, rewards:-2.755030870437622, queue:1.0223544836044312, delay:0.12151294201612473, throughput:3972
episode:317/500, real avg travel time:232.29128902316214
step:3600/3600, q_loss:-3.874963214103546e-06, rewards:-2.595700263977051, queue:0.9448412656784058, delay:0.11971238255500793, throughput:3951
episode:318/500, real avg travel time:229.75120222728424
step:3600/3600, q_loss:-2.2335322379755476e-06, rewards:-2.7471916675567627, queue:0.9744709134101868, delay:0.12088408321142197, throughput:3908
episode:319/500, real avg travel time:245.84825997952916
step:3600/3600, q_loss:1.098239590646699e-06, rewards:-2.53169322013855, queue:0.9272486567497253, delay:0.11802729219198227, throughput:3956
episode:320/500, real avg travel time:229.47042467138525
Test step:320/500, travel time :242.38543082359337, rewards:-3.5130460262298584, queue:1.1539682149887085, delay:0.12251152843236923, throughput:3679
step:3600/3600, q_loss:-2.6814095488387263e-06, rewards:-2.2171852588653564, queue:0.8879629373550415, delay:0.11515935510396957, throughput:3996
episode:321/500, real avg travel time:226.37237237237238
step:3600/3600, q_loss:-3.755111538339406e-06, rewards:-2.313959836959839, queue:0.8924603462219238, delay:0.11562882363796234, throughput:3938
episode:322/500, real avg travel time:220.54316912138142
step:3600/3600, q_loss:-5.929709974831591e-06, rewards:-2.5690701007843018, queue:0.9300264716148376, delay:0.11922625452280045, throughput:3929
episode:323/500, real avg travel time:225.76329854924919
step:3600/3600, q_loss:-2.1823176616130188e-06, rewards:-2.544450283050537, queue:0.934920608997345, delay:0.1206946074962616, throughput:3950
episode:324/500, real avg travel time:235.77721518987343
step:3600/3600, q_loss:-6.359047296832108e-06, rewards:-2.3855106830596924, queue:0.8920634984970093, delay:0.11741959303617477, throughput:3915
episode:325/500, real avg travel time:232.6934865900383
Test step:325/500, travel time :260.74461292897047, rewards:-2.9635066986083984, queue:0.9846560955047607, delay:0.12298125773668289, throughput:3759
step:3600/3600, q_loss:0.00013153272343010436, rewards:-4.121586799621582, queue:1.221825361251831, delay:0.12454187870025635, throughput:3843
episode:326/500, real avg travel time:254.7535779339058
step:3600/3600, q_loss:-4.53357271099877e-06, rewards:-2.926180362701416, queue:1.008730173110962, delay:0.12215808033943176, throughput:3948
episode:327/500, real avg travel time:264.1745187436677
step:3600/3600, q_loss:-6.2664210013786535e-06, rewards:-2.4535982608795166, queue:0.898809552192688, delay:0.11570403724908829, throughput:3912
episode:328/500, real avg travel time:231.67765848670757
step:3600/3600, q_loss:0.00040691804218416413, rewards:-5.749955177307129, queue:1.659523844718933, delay:0.13004331290721893, throughput:3554
episode:329/500, real avg travel time:254.1702307259426
step:3600/3600, q_loss:0.00020348039623867305, rewards:-4.458259582519531, queue:1.4136242866516113, delay:0.12716594338417053, throughput:3758
episode:330/500, real avg travel time:269.63145290047896
Test step:330/500, travel time :286.683117583603, rewards:-3.7526440620422363, queue:1.2031745910644531, delay:0.12744557857513428, throughput:3708
step:3600/3600, q_loss:-3.955353086995375e-06, rewards:-2.428190231323242, queue:0.8829365372657776, delay:0.11493152379989624, throughput:3951
episode:331/500, real avg travel time:235.3649708934447
step:3600/3600, q_loss:5.386984088949652e-06, rewards:-2.8461222648620605, queue:1.0288360118865967, delay:0.12074606865644455, throughput:4013
episode:332/500, real avg travel time:242.130326439073
step:3600/3600, q_loss:5.664510374319636e-06, rewards:-2.8808176517486572, queue:1.042460322380066, delay:0.12190372496843338, throughput:4044
episode:333/500, real avg travel time:252.09174085064294
step:3600/3600, q_loss:-2.203949326131907e-06, rewards:-2.463088274002075, queue:0.9215608239173889, delay:0.12018302083015442, throughput:4029
episode:334/500, real avg travel time:220.64383221643087
step:3600/3600, q_loss:-8.3894505223725e-06, rewards:-2.4717941284179688, queue:0.9074074029922485, delay:0.11828094720840454, throughput:3996
episode:335/500, real avg travel time:221.6016016016016
Test step:335/500, travel time :279.0362162162162, rewards:-3.7929115295410156, queue:1.1989418268203735, delay:0.12273506075143814, throughput:3700
step:3600/3600, q_loss:1.8870714605630685e-05, rewards:-2.9470865726470947, queue:1.0335978269577026, delay:0.1213173046708107, throughput:4032
episode:336/500, real avg travel time:245.75818452380952
step:3600/3600, q_loss:-2.4783890694379807e-06, rewards:-2.5542821884155273, queue:0.9273809790611267, delay:0.11932586133480072, throughput:3967
episode:337/500, real avg travel time:238.84043357701034
step:3600/3600, q_loss:-7.111204467946663e-07, rewards:-2.7005934715270996, queue:0.9449735283851624, delay:0.12040214240550995, throughput:3959
episode:338/500, real avg travel time:256.1972720383935
step:3600/3600, q_loss:9.822456162914427e-05, rewards:-4.187514305114746, queue:1.2896825075149536, delay:0.1290653645992279, throughput:3858
episode:339/500, real avg travel time:286.9035769828927
step:3600/3600, q_loss:-3.1351432779855614e-06, rewards:-2.873363494873047, queue:1.00343918800354, delay:0.12364088743925095, throughput:4006
episode:340/500, real avg travel time:252.8984023964054
Test step:340/500, travel time :260.01316142895513, rewards:-3.044069766998291, queue:0.9966931343078613, delay:0.1234344020485878, throughput:3723
step:3600/3600, q_loss:9.885266287407527e-05, rewards:-3.9966845512390137, queue:1.2812169790267944, delay:0.12737591564655304, throughput:3948
episode:341/500, real avg travel time:275.85891590678824
step:3600/3600, q_loss:1.107076685810979e-06, rewards:-2.770393133163452, queue:0.9567460417747498, delay:0.11800289899110794, throughput:3923
episode:342/500, real avg travel time:257.39459597247003
step:3600/3600, q_loss:0.0001359143899106938, rewards:-4.155579090118408, queue:1.308730125427246, delay:0.12467336654663086, throughput:3713
episode:343/500, real avg travel time:251.36843522757877
step:3600/3600, q_loss:2.9282527167298315e-06, rewards:-2.849970817565918, queue:0.9751322865486145, delay:0.11709260195493698, throughput:3896
episode:344/500, real avg travel time:252.82597535934292
step:3600/3600, q_loss:5.947806954888317e-05, rewards:-3.6030843257904053, queue:1.0828042030334473, delay:0.1230161041021347, throughput:3899
episode:345/500, real avg travel time:264.7189022826366
Test step:345/500, travel time :252.4134462678666, rewards:-2.883186101913452, queue:0.9670634865760803, delay:0.11928740888834, throughput:3778
step:3600/3600, q_loss:7.002446962158299e-05, rewards:-3.23656964302063, queue:1.0884920358657837, delay:0.118037648499012, throughput:3910
episode:346/500, real avg travel time:274.8089514066496
step:3600/3600, q_loss:-2.7234265063371923e-07, rewards:-2.7869210243225098, queue:0.9719576835632324, delay:0.1207432821393013, throughput:3946
episode:347/500, real avg travel time:250.99442473390775
step:3600/3600, q_loss:2.77382310337594e-06, rewards:-2.441124439239502, queue:0.8962963223457336, delay:0.11608019471168518, throughput:3909
episode:348/500, real avg travel time:236.43668457405985
step:3600/3600, q_loss:3.067353504270108e-06, rewards:-2.460609197616577, queue:0.9125661253929138, delay:0.11813492327928543, throughput:3980
episode:349/500, real avg travel time:234.41859296482411
step:3600/3600, q_loss:-2.7571159282362917e-06, rewards:-2.5761823654174805, queue:0.9399470686912537, delay:0.11672525107860565, throughput:3903
episode:350/500, real avg travel time:239.3858570330515
Test step:350/500, travel time :261.98522299838794, rewards:-3.638150930404663, queue:1.148280382156372, delay:0.12681350111961365, throughput:3722
step:3600/3600, q_loss:7.840753662296467e-06, rewards:-2.9414448738098145, queue:1.0403438806533813, delay:0.12447115778923035, throughput:3972
episode:351/500, real avg travel time:256.1034743202417
step:3600/3600, q_loss:4.381734623974707e-05, rewards:-2.9706575870513916, queue:1.0457671880722046, delay:0.11798009276390076, throughput:3923
episode:352/500, real avg travel time:255.38490950802958
step:3600/3600, q_loss:-5.281321904880719e-06, rewards:-2.40266752243042, queue:0.9095237851142883, delay:0.11733131855726242, throughput:3946
episode:353/500, real avg travel time:240.04815002534212
step:3600/3600, q_loss:-2.923522859216771e-06, rewards:-2.1450653076171875, queue:0.8447089791297913, delay:0.11512003093957901, throughput:3983
episode:354/500, real avg travel time:234.64624654782827
step:3600/3600, q_loss:1.957775182543426e-06, rewards:-2.390266180038452, queue:0.89682537317276, delay:0.11640274524688721, throughput:3940
episode:355/500, real avg travel time:240.33147208121827
Test step:355/500, travel time :246.56300053390282, rewards:-2.799198865890503, queue:0.9534391760826111, delay:0.12029248476028442, throughput:3746
step:3600/3600, q_loss:-3.1964144808524807e-06, rewards:-2.595885992050171, queue:0.9472222328186035, delay:0.11774790287017822, throughput:3995
episode:356/500, real avg travel time:246.19699624530662
step:3600/3600, q_loss:-5.995482650986459e-06, rewards:-2.4009222984313965, queue:0.913095235824585, delay:0.11637673527002335, throughput:3940
episode:357/500, real avg travel time:234.23096446700507
step:3600/3600, q_loss:5.252859409665689e-07, rewards:-2.5043880939483643, queue:0.9109788537025452, delay:0.11727076023817062, throughput:3942
episode:358/500, real avg travel time:236.70319634703196
step:3600/3600, q_loss:-6.684756954200566e-07, rewards:-2.574106454849243, queue:0.9207671880722046, delay:0.11745499074459076, throughput:3902
episode:359/500, real avg travel time:233.21322398769863
step:3600/3600, q_loss:-5.008996433591367e-06, rewards:-2.327883720397949, queue:0.868915319442749, delay:0.11352679878473282, throughput:3923
episode:360/500, real avg travel time:239.21055314810096
Test step:360/500, travel time :238.34792868379654, rewards:-2.4187326431274414, queue:0.8694444298744202, delay:0.11406093835830688, throughput:3814
step:3600/3600, q_loss:1.2544611915169905e-06, rewards:-2.5381672382354736, queue:0.9193121790885925, delay:0.11756778508424759, throughput:3953
episode:361/500, real avg travel time:235.10827219833038
step:3600/3600, q_loss:2.774590474372316e-06, rewards:-2.3845176696777344, queue:0.9009259343147278, delay:0.11821089684963226, throughput:3964
episode:362/500, real avg travel time:235.84611503531787
step:3600/3600, q_loss:-1.5749016408032428e-06, rewards:-2.4195547103881836, queue:0.908730149269104, delay:0.11624779552221298, throughput:3939
episode:363/500, real avg travel time:223.97537446052297
step:3600/3600, q_loss:9.859643404423777e-05, rewards:-3.9888508319854736, queue:1.2923280000686646, delay:0.12549647688865662, throughput:3911
episode:364/500, real avg travel time:263.5978010738941
step:3600/3600, q_loss:2.0805926598970674e-06, rewards:-2.693896532058716, queue:0.9843915104866028, delay:0.12085192650556564, throughput:3955
episode:365/500, real avg travel time:235.34740834386852
Test step:365/500, travel time :235.99414737962223, rewards:-2.8629753589630127, queue:0.9473544955253601, delay:0.11641353368759155, throughput:3759
step:3600/3600, q_loss:-4.487827916616678e-06, rewards:-2.2467455863952637, queue:0.8547618985176086, delay:0.11289463192224503, throughput:3924
episode:366/500, real avg travel time:219.46610601427116
step:3600/3600, q_loss:-5.036980575015251e-06, rewards:-2.2004146575927734, queue:0.8411375880241394, delay:0.11200705170631409, throughput:3916
episode:367/500, real avg travel time:221.49336057201225
step:3600/3600, q_loss:1.1217226387493105e-05, rewards:-2.9019038677215576, queue:1.0130952596664429, delay:0.11924636363983154, throughput:4002
episode:368/500, real avg travel time:231.44152923538232
step:3600/3600, q_loss:-1.4099842600343336e-06, rewards:-2.20729923248291, queue:0.8465608358383179, delay:0.1142258271574974, throughput:4002
episode:369/500, real avg travel time:214.37256371814092
step:3600/3600, q_loss:0.00010383568805991673, rewards:-3.7957701683044434, queue:1.1794973611831665, delay:0.12215642631053925, throughput:3964
episode:370/500, real avg travel time:244.93794147325934
Test step:370/500, travel time :238.4213587100185, rewards:-2.9647183418273926, queue:0.9882274866104126, delay:0.12089702486991882, throughput:3783
step:3600/3600, q_loss:4.362486652098596e-06, rewards:-2.693960666656494, queue:0.9388889074325562, delay:0.11828576773405075, throughput:4042
episode:371/500, real avg travel time:233.53339930727364
step:3600/3600, q_loss:7.374422639259138e-05, rewards:-3.5225861072540283, queue:1.1420634984970093, delay:0.12348318845033646, throughput:4004
episode:372/500, real avg travel time:242.5909090909091
step:3600/3600, q_loss:3.3266368619580237e-06, rewards:-2.4325270652770996, queue:0.9013227224349976, delay:0.11503072082996368, throughput:4037
episode:373/500, real avg travel time:224.8072826356205
step:3600/3600, q_loss:-1.7724751766460637e-06, rewards:-2.2816762924194336, queue:0.8805555701255798, delay:0.11510741710662842, throughput:3998
episode:374/500, real avg travel time:219.51400700350175
step:3600/3600, q_loss:-6.629623789598958e-07, rewards:-2.4728405475616455, queue:0.8958994746208191, delay:0.11521010845899582, throughput:3975
episode:375/500, real avg travel time:229.91698113207548
Test step:375/500, travel time :250.46385702854096, rewards:-3.906264543533325, queue:1.17380952835083, delay:0.12300655990839005, throughput:3749
step:3600/3600, q_loss:-5.478804289143429e-06, rewards:-2.359675884246826, queue:0.8683862686157227, delay:0.11647597700357437, throughput:4004
episode:376/500, real avg travel time:225.78371628371627
step:3600/3600, q_loss:-7.916594121424067e-06, rewards:-2.26670503616333, queue:0.8419312238693237, delay:0.11283403635025024, throughput:3931
episode:377/500, real avg travel time:222.96336809972019
step:3600/3600, q_loss:4.316932892025862e-06, rewards:-2.2974355220794678, queue:0.8431217074394226, delay:0.11249349266290665, throughput:3946
episode:378/500, real avg travel time:227.39406994424735
step:3600/3600, q_loss:-4.50402270265234e-07, rewards:-2.7975549697875977, queue:0.9411375522613525, delay:0.11803828179836273, throughput:3950
episode:379/500, real avg travel time:243.4632911392405
step:3600/3600, q_loss:-3.487002686597407e-09, rewards:-2.4121294021606445, queue:0.8797619342803955, delay:0.11639758944511414, throughput:4002
episode:380/500, real avg travel time:220.4695152423788
Test step:380/500, travel time :255.37321317588564, rewards:-7.756634712219238, queue:1.9690476655960083, delay:0.14153584837913513, throughput:3218
step:3600/3600, q_loss:3.415949645891993e-06, rewards:-2.385053873062134, queue:0.8756613731384277, delay:0.11409344524145126, throughput:3983
episode:381/500, real avg travel time:233.00351493848856
step:3600/3600, q_loss:1.6398176537930138e-06, rewards:-2.5193424224853516, queue:0.8920634984970093, delay:0.11546391248703003, throughput:3920
episode:382/500, real avg travel time:237.37397959183673
step:3600/3600, q_loss:8.497093885024595e-05, rewards:-3.269110679626465, queue:1.0780422687530518, delay:0.1177639290690422, throughput:3894
episode:383/500, real avg travel time:264.8330765279918
step:3600/3600, q_loss:8.301817312409791e-05, rewards:-3.5419135093688965, queue:1.0797618627548218, delay:0.11564508825540543, throughput:3883
episode:384/500, real avg travel time:259.46716456348184
step:3600/3600, q_loss:2.165883852285333e-05, rewards:-3.0047669410705566, queue:0.982275128364563, delay:0.1206154003739357, throughput:3857
episode:385/500, real avg travel time:249.9572206378014
Test step:385/500, travel time :320.0224514563107, rewards:-9.008642196655273, queue:2.154629707336426, delay:0.15439438819885254, throughput:3296
step:3600/3600, q_loss:0.00011140451574141884, rewards:-3.7336385250091553, queue:1.17037034034729, delay:0.12028971314430237, throughput:3790
episode:386/500, real avg travel time:242.5538258575198
step:3600/3600, q_loss:8.017346998611983e-05, rewards:-3.75470232963562, queue:1.182539701461792, delay:0.12304322421550751, throughput:3936
episode:387/500, real avg travel time:271.3785569105691
step:3600/3600, q_loss:-2.679212047951296e-06, rewards:-2.5906832218170166, queue:0.9136243462562561, delay:0.11832305788993835, throughput:3982
episode:388/500, real avg travel time:238.36815670517328
step:3600/3600, q_loss:4.538179928204044e-06, rewards:-3.0638813972473145, queue:0.9539682269096375, delay:0.11906208097934723, throughput:3912
episode:389/500, real avg travel time:257.75639059304706
step:3600/3600, q_loss:2.2477236699261186e-06, rewards:-2.5474843978881836, queue:0.8824074268341064, delay:0.11683497577905655, throughput:3916
episode:390/500, real avg travel time:243.80949948927477
Test step:390/500, travel time :292.4494488188976, rewards:-9.525359153747559, queue:2.3375661373138428, delay:0.15803426504135132, throughput:3175
step:3600/3600, q_loss:1.1636395760837736e-06, rewards:-2.6244311332702637, queue:0.8939153552055359, delay:0.11587566137313843, throughput:3881
episode:391/500, real avg travel time:258.0324658593146
step:3600/3600, q_loss:4.227878824975859e-05, rewards:-3.2160251140594482, queue:1.0408730506896973, delay:0.11954327672719955, throughput:3862
episode:392/500, real avg travel time:250.4135163127913
step:3600/3600, q_loss:3.5973295921899584e-05, rewards:-3.496709108352661, queue:1.087830662727356, delay:0.12565204501152039, throughput:3912
episode:393/500, real avg travel time:271.62832310838445
step:3600/3600, q_loss:-7.560010999441147e-08, rewards:-2.852224826812744, queue:0.9476190209388733, delay:0.12092436105012894, throughput:3981
episode:394/500, real avg travel time:251.76639035418236
step:3600/3600, q_loss:6.088860714549406e-06, rewards:-2.6805789470672607, queue:0.9230158925056458, delay:0.11880814284086227, throughput:3913
episode:395/500, real avg travel time:240.33018144646053
Test step:395/500, travel time :265.4290697674419, rewards:-7.205446243286133, queue:1.7521164417266846, delay:0.14128106832504272, throughput:3440
step:3600/3600, q_loss:0.00011720166593376133, rewards:-4.438904285430908, queue:1.3288359642028809, delay:0.12521576881408691, throughput:3898
episode:396/500, real avg travel time:277.4294510005131
step:3600/3600, q_loss:1.0224024057000255e-05, rewards:-2.762164354324341, queue:0.9412698149681091, delay:0.1197265014052391, throughput:3962
episode:397/500, real avg travel time:231.324078748107
step:3600/3600, q_loss:1.043048420494112e-06, rewards:-2.6649208068847656, queue:0.9284391403198242, delay:0.11968464404344559, throughput:3956
episode:398/500, real avg travel time:230.78437815975732
step:3600/3600, q_loss:0.00012654481623839174, rewards:-4.803675174713135, queue:1.3531745672225952, delay:0.13194382190704346, throughput:3832
episode:399/500, real avg travel time:262.9775574112735
step:3600/3600, q_loss:6.406703703558176e-05, rewards:-3.4883882999420166, queue:1.1222221851348877, delay:0.11801812797784805, throughput:3913
episode:400/500, real avg travel time:248.9578328648096
Test step:400/500, travel time :238.22737011247992, rewards:-2.8589367866516113, queue:0.9330688118934631, delay:0.11649619042873383, throughput:3734
step:3600/3600, q_loss:-5.116180950103121e-07, rewards:-2.752803325653076, queue:0.9182539582252502, delay:0.1191021278500557, throughput:3913
episode:401/500, real avg travel time:241.58343981599796
step:3600/3600, q_loss:-9.018579617582469e-06, rewards:-2.697347402572632, queue:0.9182539582252502, delay:0.119097039103508, throughput:3985
episode:402/500, real avg travel time:230.55207026348808
step:3600/3600, q_loss:1.6066152521590184e-05, rewards:-3.4342997074127197, queue:1.1146825551986694, delay:0.1265585869550705, throughput:3948
episode:403/500, real avg travel time:265.95770010131713
step:3600/3600, q_loss:1.2183223265714737e-05, rewards:-3.19527530670166, queue:1.024999976158142, delay:0.12155266106128693, throughput:3991
episode:404/500, real avg travel time:257.13480330744176
step:3600/3600, q_loss:7.201074428545932e-05, rewards:-3.732301950454712, queue:1.1683862209320068, delay:0.12172967940568924, throughput:3847
episode:405/500, real avg travel time:242.85807122433064
Test step:405/500, travel time :266.0288513881328, rewards:-4.458029747009277, queue:1.3256614208221436, delay:0.12634195387363434, throughput:3674
step:3600/3600, q_loss:9.647750226172825e-05, rewards:-4.493005275726318, queue:1.314021110534668, delay:0.1280520111322403, throughput:3927
episode:406/500, real avg travel time:282.30608607079193
step:3600/3600, q_loss:5.123677086279107e-05, rewards:-4.265480041503906, queue:1.2619047164916992, delay:0.12827487289905548, throughput:4023
episode:407/500, real avg travel time:280.1339796172011
step:3600/3600, q_loss:-2.3892405200361585e-06, rewards:-2.828174591064453, queue:0.9301587343215942, delay:0.12002553790807724, throughput:3972
episode:408/500, real avg travel time:237.89224572004028
step:3600/3600, q_loss:-4.870593935872118e-06, rewards:-3.0924673080444336, queue:0.9767195582389832, delay:0.11834115535020828, throughput:3954
episode:409/500, real avg travel time:247.11608497723824
step:3600/3600, q_loss:6.773021660693404e-05, rewards:-3.92606258392334, queue:1.1761904954910278, delay:0.12475623190402985, throughput:3928
episode:410/500, real avg travel time:260.1239816700611
Test step:410/500, travel time :284.1008249312557, rewards:-7.953139305114746, queue:2.0451059341430664, delay:0.14865727722644806, throughput:3273
step:3600/3600, q_loss:8.899246709511822e-05, rewards:-4.812836647033691, queue:1.3666666746139526, delay:0.1307322382926941, throughput:3975
episode:411/500, real avg travel time:272.1096855345912
step:3600/3600, q_loss:0.00010637896201741468, rewards:-3.8640801906585693, queue:1.1294974088668823, delay:0.12404254078865051, throughput:3902
episode:412/500, real avg travel time:258.07201435161454
step:3600/3600, q_loss:6.033406761060987e-07, rewards:-2.7693707942962646, queue:0.9394180178642273, delay:0.11989673972129822, throughput:4001
episode:413/500, real avg travel time:248.19845038740314
step:3600/3600, q_loss:6.75089743001283e-06, rewards:-3.035093069076538, queue:0.9658730030059814, delay:0.12197235226631165, throughput:3996
episode:414/500, real avg travel time:238.5472972972973
step:3600/3600, q_loss:1.1437196048468144e-05, rewards:-3.269727945327759, queue:1.0373015403747559, delay:0.12326477468013763, throughput:3995
episode:415/500, real avg travel time:266.18448060075093
Test step:415/500, travel time :329.82365332530844, rewards:-10.403901100158691, queue:2.4978835582733154, delay:0.16891014575958252, throughput:3323
step:3600/3600, q_loss:8.401924100730362e-06, rewards:-3.632896661758423, queue:1.0955026149749756, delay:0.1272221952676773, throughput:3915
episode:416/500, real avg travel time:275.60255427841633
step:3600/3600, q_loss:1.2028480543651514e-06, rewards:-3.108268976211548, queue:1.0084656476974487, delay:0.12124113738536835, throughput:3877
episode:417/500, real avg travel time:256.378385349497
step:3600/3600, q_loss:-5.381716376480957e-06, rewards:-3.015604257583618, queue:0.964550256729126, delay:0.11893823742866516, throughput:3968
episode:418/500, real avg travel time:267.1587701612903
step:3600/3600, q_loss:-3.3715558755728934e-06, rewards:-2.805555582046509, queue:0.9416666626930237, delay:0.11891046166419983, throughput:3940
episode:419/500, real avg travel time:250.61852791878172
step:3600/3600, q_loss:3.5816151244539974e-05, rewards:-3.4625742435455322, queue:1.0882275104522705, delay:0.12159209698438644, throughput:3925
episode:420/500, real avg travel time:261.10802547770703
Test step:420/500, travel time :294.39193324061193, rewards:-4.654136657714844, queue:1.306613802909851, delay:0.12729863822460175, throughput:3595
step:3600/3600, q_loss:5.964648759497019e-05, rewards:-3.666527032852173, queue:1.1555556058883667, delay:0.12275010347366333, throughput:3847
episode:421/500, real avg travel time:261.51858591109954
step:3600/3600, q_loss:7.772008151126404e-08, rewards:-3.180304527282715, queue:0.9968253970146179, delay:0.1177685335278511, throughput:3905
episode:422/500, real avg travel time:256.1582586427657
step:3600/3600, q_loss:2.6870548026636243e-06, rewards:-3.32855224609375, queue:1.0727512836456299, delay:0.1264469474554062, throughput:3925
episode:423/500, real avg travel time:265.6996178343949
step:3600/3600, q_loss:7.860551478289482e-05, rewards:-3.995249032974243, queue:1.2248677015304565, delay:0.12267280369997025, throughput:3860
episode:424/500, real avg travel time:282.47772020725387
step:3600/3600, q_loss:7.887528740361127e-05, rewards:-4.3513503074646, queue:1.2420635223388672, delay:0.12289709597826004, throughput:3902
episode:425/500, real avg travel time:284.52562788313685
Test step:425/500, travel time :271.10357241761284, rewards:-4.001128673553467, queue:1.1460317373275757, delay:0.12030727416276932, throughput:3611
step:3600/3600, q_loss:-2.0908550747359794e-06, rewards:-2.9489426612854004, queue:0.9432539939880371, delay:0.11785989254713058, throughput:4002
episode:426/500, real avg travel time:255.00924537731134
step:3600/3600, q_loss:-3.3941200349040123e-06, rewards:-2.509671926498413, queue:0.886640191078186, delay:0.11588936299085617, throughput:4002
episode:427/500, real avg travel time:240.22438780609696
step:3600/3600, q_loss:2.395138209168282e-06, rewards:-2.81488037109375, queue:0.9625661373138428, delay:0.11933095008134842, throughput:4041
episode:428/500, real avg travel time:251.913140311804
step:3600/3600, q_loss:1.521730486678684e-05, rewards:-3.261435031890869, queue:1.0210317373275757, delay:0.12009495496749878, throughput:3987
episode:429/500, real avg travel time:250.64509656383245
step:3600/3600, q_loss:-3.289611615602755e-07, rewards:-2.5683467388153076, queue:0.9246031641960144, delay:0.11856392025947571, throughput:3904
episode:430/500, real avg travel time:237.13678278688525
Test step:430/500, travel time :291.9890841320554, rewards:-3.631659984588623, queue:1.1030423641204834, delay:0.12157055735588074, throughput:3756
step:3600/3600, q_loss:4.292108561559063e-05, rewards:-3.1573147773742676, queue:1.0171958208084106, delay:0.12164642661809921, throughput:3980
episode:431/500, real avg travel time:229.27663316582914
step:3600/3600, q_loss:2.7240569438112694e-05, rewards:-3.1351492404937744, queue:1.069179892539978, delay:0.12379088252782822, throughput:4011
episode:432/500, real avg travel time:240.2615307903266
step:3600/3600, q_loss:-2.600749980451332e-06, rewards:-2.8401567935943604, queue:0.9793650507926941, delay:0.12263985723257065, throughput:4011
episode:433/500, real avg travel time:241.88406881077037
step:3600/3600, q_loss:-8.141361629693872e-07, rewards:-2.610239267349243, queue:0.9253968000411987, delay:0.11738786101341248, throughput:4039
episode:434/500, real avg travel time:240.46051002723448
step:3600/3600, q_loss:-7.357657482821701e-06, rewards:-2.661303997039795, queue:0.932539701461792, delay:0.1203889399766922, throughput:4010
episode:435/500, real avg travel time:255.60124688279302
Test step:435/500, travel time :315.1303377058331, rewards:-4.719979763031006, queue:1.3535714149475098, delay:0.14173540472984314, throughput:3583
step:3600/3600, q_loss:-3.863863255699269e-06, rewards:-2.5035650730133057, queue:0.9071428775787354, delay:0.11705242842435837, throughput:4061
episode:436/500, real avg travel time:232.476483624723
step:3600/3600, q_loss:1.4047109612470699e-05, rewards:-3.0267374515533447, queue:1.0367724895477295, delay:0.11954812705516815, throughput:4027
episode:437/500, real avg travel time:245.0392351626521
step:3600/3600, q_loss:-2.055310889975064e-06, rewards:-2.6519367694854736, queue:0.9288359880447388, delay:0.1195615604519844, throughput:4033
episode:438/500, real avg travel time:241.82667989090007
step:3600/3600, q_loss:-4.096207137788749e-06, rewards:-2.622382640838623, queue:0.9240740537643433, delay:0.12002301216125488, throughput:3980
episode:439/500, real avg travel time:241.34849246231155
step:3600/3600, q_loss:6.703844660983628e-05, rewards:-4.060823440551758, queue:1.1768518686294556, delay:0.13102087378501892, throughput:3911
episode:440/500, real avg travel time:281.0777294809512
Test step:440/500, travel time :261.0956732061274, rewards:-2.904773712158203, queue:0.9394180178642273, delay:0.11968657374382019, throughput:3721
step:3600/3600, q_loss:-2.875739866997012e-06, rewards:-2.682393789291382, queue:0.9324073791503906, delay:0.11911914497613907, throughput:3972
episode:441/500, real avg travel time:244.17799597180263
step:3600/3600, q_loss:-9.665119028391523e-06, rewards:-2.624455451965332, queue:0.8935185074806213, delay:0.11659277975559235, throughput:3996
episode:442/500, real avg travel time:242.48823823823824
step:3600/3600, q_loss:-1.1176512068939498e-05, rewards:-2.550910472869873, queue:0.9068782925605774, delay:0.11776357144117355, throughput:3944
episode:443/500, real avg travel time:239.16277890466532
step:3600/3600, q_loss:-5.426425519140644e-06, rewards:-2.5842976570129395, queue:0.9092592597007751, delay:0.11622001975774765, throughput:3960
episode:444/500, real avg travel time:244.9429292929293
step:3600/3600, q_loss:0.0001332117024705642, rewards:-3.9927303791046143, queue:1.1996031999588013, delay:0.12185531854629517, throughput:3912
episode:445/500, real avg travel time:271.36221881390594
Test step:445/500, travel time :244.38225165562915, rewards:-2.934138059616089, queue:0.9554232954978943, delay:0.1151280626654625, throughput:3775
step:3600/3600, q_loss:6.432226202580043e-05, rewards:-3.5475728511810303, queue:1.1343915462493896, delay:0.1190374493598938, throughput:3922
episode:446/500, real avg travel time:248.3985211626721
step:3600/3600, q_loss:2.865965668914012e-06, rewards:-2.4045472145080566, queue:0.8705026507377625, delay:0.11443573981523514, throughput:3982
episode:447/500, real avg travel time:224.04344550477148
step:3600/3600, q_loss:-3.5692591255711807e-06, rewards:-2.6185648441314697, queue:0.89682537317276, delay:0.11457058787345886, throughput:3932
episode:448/500, real avg travel time:233.8321464903357
step:3600/3600, q_loss:-4.856867275925146e-06, rewards:-2.481325387954712, queue:0.8722222447395325, delay:0.11551133543252945, throughput:3912
episode:449/500, real avg travel time:235.67995910020448
step:3600/3600, q_loss:-1.096670037238962e-05, rewards:-2.560551881790161, queue:0.9003968238830566, delay:0.11733166128396988, throughput:3985
episode:450/500, real avg travel time:232.3440401505646
Test step:450/500, travel time :240.0857446243695, rewards:-2.724069595336914, queue:0.9170634746551514, delay:0.11720414459705353, throughput:3767
step:3600/3600, q_loss:1.2560277375289136e-05, rewards:-3.1381170749664307, queue:1.026455044746399, delay:0.11977386474609375, throughput:3944
episode:451/500, real avg travel time:249.10598377281949
step:3600/3600, q_loss:-9.907484006059046e-06, rewards:-2.2890493869781494, queue:0.8582010865211487, delay:0.11563543975353241, throughput:4040
episode:452/500, real avg travel time:236.00470297029702
step:3600/3600, q_loss:-4.994674155669701e-06, rewards:-2.7811169624328613, queue:0.950264573097229, delay:0.11913216859102249, throughput:3944
episode:453/500, real avg travel time:244.5590770791075
step:3600/3600, q_loss:-6.957276006384442e-06, rewards:-2.1751620769500732, queue:0.842989444732666, delay:0.11246804893016815, throughput:3964
episode:454/500, real avg travel time:219.74772956609485
step:3600/3600, q_loss:2.830249205645588e-06, rewards:-2.3998546600341797, queue:0.8662698268890381, delay:0.1155320554971695, throughput:3927
episode:455/500, real avg travel time:238.69060351413293
Test step:455/500, travel time :295.18471337579615, rewards:-5.504106521606445, queue:1.5355820655822754, delay:0.13188987970352173, throughput:3611
step:3600/3600, q_loss:-5.944150406220514e-06, rewards:-2.286336898803711, queue:0.8338624238967896, delay:0.11238852143287659, throughput:3893
episode:456/500, real avg travel time:237.00436681222706
step:3600/3600, q_loss:2.853919350956049e-06, rewards:-2.819133758544922, queue:0.926719605922699, delay:0.11767619103193283, throughput:3904
episode:457/500, real avg travel time:257.39497950819674
step:3600/3600, q_loss:-3.940164687163714e-06, rewards:-2.2213621139526367, queue:0.8178571462631226, delay:0.11027498543262482, throughput:3856
episode:458/500, real avg travel time:236.75466804979254
step:3600/3600, q_loss:9.24607866585979e-05, rewards:-4.342775344848633, queue:1.2944444417953491, delay:0.12594105303287506, throughput:3911
episode:459/500, real avg travel time:269.40833546407566
step:3600/3600, q_loss:-8.117105001777722e-06, rewards:-2.4468345642089844, queue:0.8510581851005554, delay:0.1128462553024292, throughput:3947
episode:460/500, real avg travel time:245.59412211806435
Test step:460/500, travel time :266.49617196702, rewards:-7.322172164916992, queue:1.8658729791641235, delay:0.13744044303894043, throughput:3396
step:3600/3600, q_loss:5.918158098615499e-05, rewards:-3.698805809020996, queue:1.1227513551712036, delay:0.12048149108886719, throughput:3879
episode:461/500, real avg travel time:255.3279195668987
step:3600/3600, q_loss:-9.869965449777535e-06, rewards:-2.3927581310272217, queue:0.8193121552467346, delay:0.1110418364405632, throughput:3925
episode:462/500, real avg travel time:237.73732484076433
step:3600/3600, q_loss:-5.057808327061745e-06, rewards:-2.363398551940918, queue:0.8417989611625671, delay:0.11240383982658386, throughput:3941
episode:463/500, real avg travel time:244.6138036031464
step:3600/3600, q_loss:-1.311996594368894e-06, rewards:-2.6433911323547363, queue:0.9088624119758606, delay:0.11666806787252426, throughput:3994
episode:464/500, real avg travel time:259.33074611917874
step:3600/3600, q_loss:-1.0572482683023232e-05, rewards:-2.7402663230895996, queue:0.9284391403198242, delay:0.11849746853113174, throughput:3950
episode:465/500, real avg travel time:256.4594936708861
Test step:465/500, travel time :304.8778435649735, rewards:-9.220772743225098, queue:2.3945767879486084, delay:0.14925120770931244, throughput:3209
step:3600/3600, q_loss:0.00021801042894367128, rewards:-4.3262457847595215, queue:1.328703761100769, delay:0.12483084201812744, throughput:3808
episode:466/500, real avg travel time:276.01969537815125
step:3600/3600, q_loss:-1.1223786471722026e-05, rewards:-2.4287383556365967, queue:0.8447089791297913, delay:0.11278881877660751, throughput:3873
episode:467/500, real avg travel time:244.8264910921766
step:3600/3600, q_loss:8.152065727497554e-05, rewards:-3.891263723373413, queue:1.1386243104934692, delay:0.12180785834789276, throughput:3903
episode:468/500, real avg travel time:271.2323853446067
step:3600/3600, q_loss:-5.456975324907237e-06, rewards:-2.7010748386383057, queue:0.9138888716697693, delay:0.1153610572218895, throughput:3891
episode:469/500, real avg travel time:245.50578257517347
step:3600/3600, q_loss:-2.6758396415971218e-06, rewards:-2.543560028076172, queue:0.883465588092804, delay:0.11547788232564926, throughput:3903
episode:470/500, real avg travel time:235.692031770433
Test step:470/500, travel time :258.67313556972556, rewards:-4.206599712371826, queue:1.2126984596252441, delay:0.12311198562383652, throughput:3607
step:3600/3600, q_loss:0.000199329173968484, rewards:-5.013783931732178, queue:1.3629629611968994, delay:0.12990815937519073, throughput:3919
episode:471/500, real avg travel time:299.93799438632306
step:3600/3600, q_loss:-7.003854585087134e-06, rewards:-2.4222066402435303, queue:0.8654761910438538, delay:0.11404050141572952, throughput:3944
episode:472/500, real avg travel time:236.74391480730222
step:3600/3600, q_loss:-6.5363953682309435e-06, rewards:-2.3022007942199707, queue:0.8578042387962341, delay:0.11461266875267029, throughput:3979
episode:473/500, real avg travel time:227.39482281980398
step:3600/3600, q_loss:-9.79799854879578e-06, rewards:-2.78934383392334, queue:0.9324073791503906, delay:0.11924155056476593, throughput:3933
episode:474/500, real avg travel time:258.49478769387235
step:3600/3600, q_loss:1.880401857003259e-05, rewards:-3.3617987632751465, queue:1.0638889074325562, delay:0.1242818534374237, throughput:3942
episode:475/500, real avg travel time:243.07940131912736
Test step:475/500, travel time :272.49430894308944, rewards:-4.563677787780762, queue:1.3212963342666626, delay:0.12056232243776321, throughput:3690
step:3600/3600, q_loss:2.1397598013411172e-05, rewards:-2.879293203353882, queue:0.9736772775650024, delay:0.11696936935186386, throughput:3938
episode:476/500, real avg travel time:269.50609446419503
step:3600/3600, q_loss:-8.308969780854467e-07, rewards:-2.5376930236816406, queue:0.8899471163749695, delay:0.11469648778438568, throughput:3914
episode:477/500, real avg travel time:243.3722534491569
step:3600/3600, q_loss:4.155810747761279e-05, rewards:-3.212632179260254, queue:1.0518518686294556, delay:0.11825819313526154, throughput:3841
episode:478/500, real avg travel time:239.50455610518094
step:3600/3600, q_loss:-3.2502081820793035e-06, rewards:-2.5848398208618164, queue:0.8773809671401978, delay:0.11345849186182022, throughput:3960
episode:479/500, real avg travel time:248.49065656565656
step:3600/3600, q_loss:3.464797919150442e-06, rewards:-2.608320951461792, queue:0.8914021253585815, delay:0.11506678909063339, throughput:3930
episode:480/500, real avg travel time:240.28956743002544
Test step:480/500, travel time :246.59627163781624, rewards:-2.7318382263183594, queue:0.882539689540863, delay:0.11504459381103516, throughput:3755
step:3600/3600, q_loss:6.140435103184751e-05, rewards:-3.3620004653930664, queue:1.0964285135269165, delay:0.1181740090250969, throughput:3881
episode:481/500, real avg travel time:259.7670703426952
step:3600/3600, q_loss:-1.739931920181132e-06, rewards:-2.4381189346313477, queue:0.852910041809082, delay:0.11225549131631851, throughput:3877
episode:482/500, real avg travel time:232.16017539334538
step:3600/3600, q_loss:0.00010610300782395319, rewards:-3.7613422870635986, queue:1.1996031999588013, delay:0.12173567712306976, throughput:3854
episode:483/500, real avg travel time:272.34094447327453
step:3600/3600, q_loss:9.546683156966336e-05, rewards:-3.5511250495910645, queue:1.0671957731246948, delay:0.12060132622718811, throughput:3941
episode:484/500, real avg travel time:259.1187515858919
step:3600/3600, q_loss:0.00028642803081311283, rewards:-5.23061990737915, queue:1.467063546180725, delay:0.12806248664855957, throughput:3906
episode:485/500, real avg travel time:321.7411674347158
Test step:485/500, travel time :265.8996394230769, rewards:-7.241596221923828, queue:2.0092592239379883, delay:0.14083342254161835, throughput:3328
step:3600/3600, q_loss:4.992464681789797e-05, rewards:-3.195915460586548, queue:1.0279099941253662, delay:0.11584576219320297, throughput:3902
episode:486/500, real avg travel time:251.54049205535622
step:3600/3600, q_loss:6.43344659895067e-05, rewards:-3.380880832672119, queue:1.0547618865966797, delay:0.1161016970872879, throughput:3923
episode:487/500, real avg travel time:253.23808309966861
step:3600/3600, q_loss:-7.920440920214685e-06, rewards:-2.6611030101776123, queue:0.9146825671195984, delay:0.11888288706541061, throughput:4002
episode:488/500, real avg travel time:244.18665667166417
step:3600/3600, q_loss:6.893544963936115e-05, rewards:-3.5597853660583496, queue:1.1117725372314453, delay:0.12018588930368423, throughput:3942
episode:489/500, real avg travel time:250.0129375951294
step:3600/3600, q_loss:-2.9558112954772596e-06, rewards:-2.783198118209839, queue:0.9395502805709839, delay:0.1176464855670929, throughput:3923
episode:490/500, real avg travel time:245.40861585521284
Test step:490/500, travel time :314.7817629179331, rewards:-8.92139720916748, queue:2.1489417552948, delay:0.15164127945899963, throughput:3290
step:3600/3600, q_loss:6.135984836469611e-05, rewards:-3.6814680099487305, queue:1.1970899105072021, delay:0.12331479042768478, throughput:3957
episode:491/500, real avg travel time:265.2946676775335
step:3600/3600, q_loss:1.8966248414168756e-05, rewards:-3.4606316089630127, queue:1.0843915939331055, delay:0.1218547374010086, throughput:3983
episode:492/500, real avg travel time:268.64976148631683
step:3600/3600, q_loss:-1.0000349599674033e-05, rewards:-2.7464232444763184, queue:0.9357143044471741, delay:0.12092666327953339, throughput:4004
episode:493/500, real avg travel time:242.3389110889111
step:3600/3600, q_loss:4.832024262416073e-05, rewards:-3.7027602195739746, queue:1.1624338626861572, delay:0.12398789823055267, throughput:3908
episode:494/500, real avg travel time:261.060900716479
step:3600/3600, q_loss:-7.901534869840058e-06, rewards:-2.9678454399108887, queue:0.9835978746414185, delay:0.1197332814335823, throughput:4021
episode:495/500, real avg travel time:250.99850783387217
Test step:495/500, travel time :265.39104638619204, rewards:-3.302499771118164, queue:1.021164059638977, delay:0.11606415361166, throughput:3708
step:3600/3600, q_loss:-3.237117562093772e-06, rewards:-2.5831565856933594, queue:0.8993386030197144, delay:0.11801550537347794, throughput:4034
episode:496/500, real avg travel time:241.21021318790284
step:3600/3600, q_loss:9.458770445134077e-05, rewards:-4.052427768707275, queue:1.2272486686706543, delay:0.12572582066059113, throughput:3967
episode:497/500, real avg travel time:268.941265439879
step:3600/3600, q_loss:-2.905423267899702e-06, rewards:-2.6645426750183105, queue:0.9212962985038757, delay:0.11706430464982986, throughput:3960
episode:498/500, real avg travel time:246.1992424242424
step:3600/3600, q_loss:-5.439381129690446e-06, rewards:-2.570570707321167, queue:0.8821428418159485, delay:0.11688531190156937, throughput:3914
episode:499/500, real avg travel time:246.30531425651506
Hyperparameters saved to: data/output_data/tsc/sumo_hyperlight_mappo/sumo1x21/learned500_sumo1x21_seed1/hyperparameters.json
Loaded best checkpoint for final evaluation
Final Travel Time is 223.2859, mean rewards: -2.2675, queue: 0.8836, delay: 0.1176, throughput: 3816
Total time taken: 21837.482506513596
